time,header_stamp_secs,header_stamp_nsecs,header_frame_id,child_frame_id,pose_position_x,pose_position_y,pose_position_z,pose_orientation_x,pose_orientation_y,pose_orientation_z,pose_orientation_w,twist_linear_x,twist_linear_y,twist_linear_z,twist_angular_x,twist_angular_y,twist_angular_z,gps_status
2025/05/07 10:29:54.474581907,1746606594,405026791,piren,vessel_center,253.54621673150484,1016.7811371744965,-40.84177644258266,0.0035992918209512064,-0.01470155378761573,0.057261436949810764,0.9982444776972526,0.06746620951632876,0.050334819056206404,-0.008149195014516369,-0.0013094034511595964,0.007080089300870895,0.0053659959787654594,2
2025/05/07 10:29:55.42448520,1746606595,36362639,piren,vessel_center,253.59192837156306,1016.8153902336693,-40.849615866465264,0.005443140610181889,-0.011655057259429957,0.05587799055284303,0.9983547375719484,0.05706172529198765,0.04289264458211613,-0.011883680447868944,0.010193639434874058,0.006960566155612469,0.004961387967378098,2
2025/05/07 10:29:55.875836952,1746606595,803073899,piren,vessel_center,253.61558930827576,1016.8270463439376,-40.85292632120115,0.00487426072282198,-0.012647810209697206,0.054685249380911904,0.9984116375420776,0.05866864421595919,0.032168481045027814,-0.00907026842115211,0.013265824876725674,0.0004658218822441995,0.004795040700513037,2
2025/05/07 10:29:56.538565123,1746606596,511440175,piren,vessel_center,253.65814214694115,1016.8581175213875,-40.85607915395136,0.002541931609762318,-0.013295378105292395,0.06013163583160337,0.9980986714132747,0.04923004302236249,0.04368610226065351,-0.00022154393266756237,0.017976248636841774,0.0026997216045856476,0.007047813835878371,2
2025/05/07 10:29:57.175511509,1746606597,149532741,piren,vessel_center,253.68814453689868,1016.8942448543789,-40.853889972272746,0.004148201121386446,-0.013082585788929832,0.06014680939352512,0.9980951856893764,0.05018274034387131,0.06737437328793015,0.005360611624382765,0.02018195018172264,-0.00880799163132906,0.004097781880699498,2
2025/05/07 10:29:57.632489343,1746606597,628254483,piren,vessel_center,253.72856569627112,1016.9457204781121,-40.85062317485794,0.0018980629695429755,-0.01318634596057364,0.06149191772227474,0.9980186680077726,0.050910479257118176,0.062344788847894905,0.003177961116625776,0.022217310965061188,-0.0024428621400147676,0.003869633088067257,2
2025/05/07 10:29:58.51482359,1746606598,47258028,piren,vessel_center,253.74786205711757,1016.9725144240531,-40.848438058807446,0.0022001732842158385,-0.012630090237766222,0.06096601205689008,0.9980575060746673,0.04861882656030074,0.06634683489828598,0.0051451766968512325,0.021205700933933258,-0.013878357596695423,0.004558539487548283,2
2025/05/07 10:29:58.455198506,1746606598,451075648,piren,vessel_center,253.76763285216566,1017.0028195040537,-40.84328288885532,0.001865838445664248,-0.012481880287584094,0.06242143491892366,0.997970082604706,0.04409720426501762,0.06734026030135278,0.011265308822373792,0.02041413076221943,-0.0007506909896619618,0.0051376296865359265,2
2025/05/07 10:29:58.842980836,1746606598,826824364,piren,vessel_center,253.78207512485247,1017.0250852539015,-40.83687091492149,0.0017127959609113872,-0.012328083440458253,0.06296551473375814,0.9979380885821497,0.04195889687450771,0.06452964894406245,0.016582772685580987,0.01102195493876934,-0.0037022659089416265,0.004744986279880771,2
2025/05/07 10:29:59.229585153,1746606599,225218731,piren,vessel_center,253.79937729869596,1017.0481034570237,-40.83212231808455,0.001923475404237571,-0.013152120095650649,0.06336051014393268,0.9979021834496904,0.04308571581270852,0.05851379111782075,0.012519652722494395,0.01551028061658144,-0.001283522928133607,0.002883712249865664,2
2025/05/07 10:29:59.682779222,1746606599,679323966,piren,vessel_center,253.81737993953797,1017.0715650916542,-40.83401728225431,0.0019298719990620045,-0.01264121054877145,0.0638218531408407,0.9978793746999673,0.04008895521806179,0.052317102752658634,-0.00370117654593965,0.008263192139565945,0.0017547080060467124,0.002947294453152041,2
2025/05/07 10:30:00.71584964,1746606600,67751914,piren,vessel_center,253.83207870082325,1017.0913141731177,-40.839771342972455,0.0015339702129131341,-0.013672828898965293,0.0641867070307002,0.997843057462365,0.03722191117371976,0.04979570846744531,-0.012901659607018662,0.004483513999730349,0.001461146748624742,0.002675677880496391,2
2025/05/07 10:30:00.563494179,1746606600,557063257,piren,vessel_center,253.8485463567526,1017.1147831010137,-40.84700471294511,0.0019100542727867509,-0.014180403090321437,0.06575982238915239,0.9977328869092259,0.03256426436898918,0.04667010035973357,-0.014580599711507564,0.0014696501893922687,0.005803938955068588,0.004319204784159488,2
2025/05/07 10:30:00.966508940,1746606600,962117273,piren,vessel_center,253.8602239599849,1017.1342831946776,-40.85031828024598,0.0019896669418912336,-0.014065490057942165,0.06695835242794389,0.9976546407725599,0.029677889471645624,0.04847620944019576,-0.009170894988665131,0.0027415163349360228,0.0036110226064920425,0.0055153630001097765,2
2025/05/07 10:30:01.346609807,1746606601,341856878,piren,vessel_center,253.8706112076301,1017.1530348767922,-40.848591847172486,0.0013925189869479963,-0.01407629964756486,0.06780227835611928,0.9975985012663273,0.02968052480839587,0.05278449243096469,0.002730312358795608,-0.006254237610846758,0.005014702677726746,0.004841156877644599,2
2025/05/07 10:30:01.736898605,1746606601,733325374,piren,vessel_center,253.88213382288478,1017.1768862793775,-40.84424841485582,0.00029244711221743645,-0.013510446077122056,0.06790994187257794,0.9975999308923126,0.028937761366023818,0.05870211100345835,0.009737077985727219,0.005696678068488836,-0.00019867726950906217,0.002382422859628772,2
2025/05/07 10:30:02.209555766,1746606602,206103406,piren,vessel_center,253.89707659966584,1017.2081023050753,-40.8401642425275,9.565793397921588e-06,-0.01304872191567553,0.06773640021651113,0.9976179182685982,0.029950884497771123,0.06270537745676841,0.008043268332085098,0.0076452456414699554,-0.002615430625155568,0.001567023052076463,2
2025/05/07 10:30:02.590404212,1746606602,583800182,piren,vessel_center,253.90863474334165,1017.2315895880791,-40.837213672634135,0.000474086720107884,-0.01327796497274271,0.06760873319724553,0.9976234410254343,0.032267050261771416,0.06601866671198871,0.008333973678139763,0.002015811624005437,0.0009304571431130171,0.0014697568127376125,2
2025/05/07 10:30:03.71440544,1746606603,65046966,piren,vessel_center,253.9246904313623,1017.2626214118505,-40.83595178457409,0.00107818316066656,-0.013032552882033824,0.06869408105610397,0.9975520604531408,0.032103853210287796,0.06176043201412534,0.0020651477574915944,0.00490160658955574,0.010056627914309502,0.002647321838476502,2
2025/05/07 10:30:03.466593580,1746606603,449363004,piren,vessel_center,253.93816945218794,1017.2837455250392,-40.83735113312388,0.00014326758324418958,-0.012997517838856299,0.06974230405135616,0.9974803532050325,0.033474314408772715,0.05404129737080433,-0.002729754615881994,0.010062632150948048,0.011388557963073254,0.00413285819498639,2
2025/05/07 10:30:03.865797629,1746606603,845040930,piren,vessel_center,253.95047872894025,1017.3006939991662,-40.837276490559276,7.625616858892019e-05,-0.012875062162528879,0.07066455618725004,0.997417037882433,0.03491953320071871,0.04932177736391162,-0.0002462005141523702,0.01364857703447342,0.009390211664140224,0.004128539470909621,2
2025/05/07 10:30:04.254941825,1746606604,251397041,piren,vessel_center,253.96523706665522,1017.3234239382482,-40.83804254340289,-0.0006125858406059863,-0.013107648235369137,0.07123157212999436,0.9973734894352342,0.032850736447562943,0.05045644554847962,-0.0016565648015670928,0.012564627453684807,0.0018689020071178675,0.002757777680740909,2
2025/05/07 10:30:04.632025244,1746606604,626918668,piren,vessel_center,253.97450213792382,1017.343488882879,-40.84203312266182,-0.0003603138165916182,-0.013396696826127675,0.07114205134083933,0.997376161344916,0.028047214927187546,0.05565564601993168,-0.009009527927003056,0.009078205563127995,0.011188097298145294,0.002466029397475818,2
2025/05/07 10:30:05.114967739,1746606605,110959376,piren,vessel_center,253.9846541719066,1017.3728249551316,-40.84760094522923,-0.0005047356610468305,-0.012840219986686283,0.07149094319132952,0.997358470678532,0.01970120073735898,0.058907687984537854,-0.011301352503153303,0.020684152841567993,0.01325665321201086,0.0014928091951005268,2
2025/05/07 10:30:05.604122224,1746606605,594522347,piren,vessel_center,253.99076069530227,1017.3987039413586,-40.84801530344757,-0.0006271910985514965,-0.01286510897938873,0.0715966197094324,0.9973504998988356,0.013039654240333497,0.05737435080163771,-2.8257900459002783e-05,0.007577240001410246,0.001658034510910511,0.001530617906523318,2
2025/05/07 10:30:06.5153201,1746606606,1807519,piren,vessel_center,253.99597033789098,1017.4235774240276,-40.8423539438027,-0.0005970483001949664,-0.012958389181903505,0.07202286434500337,0.9973186204491916,0.011626232668322977,0.05535606106104745,0.01218807527529865,0.019220763817429543,0.007618960924446583,0.001837583902999237,2
2025/05/07 10:30:06.452905551,1746606606,449545192,piren,vessel_center,254.0019332751658,1017.447038517982,-40.83343881394281,-0.001279511828284734,-0.01287140775330682,0.07254304806968233,0.9972814025583197,0.013201500163950462,0.05223425384629075,0.019579042643914624,0.012144697830080986,0.010308651253581047,0.0020454072160001344,2
2025/05/07 10:30:06.855383723,1746606606,851532120,piren,vessel_center,254.00903101951505,1017.4682880100394,-40.82507335716809,-0.0019343041100883145,-0.012950379330892312,0.07294272115881319,0.9972501720093827,0.017103364193781365,0.052970457260198535,0.020716549158117947,0.008600575849413872,0.0032481136731803417,0.0022769720626487234,2
2025/05/07 10:30:07.383722992,1746606607,376465777,piren,vessel_center,254.01769520187594,1017.497903345822,-40.818128218804006,-0.0012467140689655948,-0.01442696534783314,0.07437399475697522,0.9971252766221365,0.017350461366436597,0.05973585680430908,0.013359752444506545,-0.006220327690243721,0.011269842274487019,0.0033070284100280996,2
2025/05/07 10:30:08.234574816,1746606608,186154467,piren,vessel_center,254.02973782574824,1017.544916553388,-40.81886862572112,-0.002210103336643348,-0.014053106206150544,0.07694830999798404,0.996933590184248,0.012905796869609097,0.05783918351080494,-0.014241712077802015,2.8150034268037416e-05,-0.0005181910237297416,0.0032874907895426423,2
2025/05/07 10:30:09.171524021,1746606609,126376171,piren,vessel_center,254.0406679051571,1017.5969806739333,-40.83475611397532,-0.003095266936445693,-0.014706444855104337,0.07864706060934051,0.9967892353250143,0.010029056033977489,0.05158124675408537,-0.019310353370053657,-0.006480709183961153,0.0023004235699772835,0.002904325041272301,2
2025/05/07 10:30:09.759963484,1746606609,756253344,piren,vessel_center,254.0456596330156,1017.6317835178942,-40.84089690409898,-0.003696124828346927,-0.014799317393373035,0.0785461680478623,0.9967937692175551,0.006747164316721231,0.05437845401065708,-0.005511406857272017,-0.0006430789944715798,0.007966162636876106,0.003167785627330011,2
2025/05/07 10:30:10.142639575,1746606610,139159162,piren,vessel_center,254.0464105040498,1017.6524730351385,-40.8370807038513,-0.0054468842048203715,-0.01636396593939701,0.07819270599867305,0.9967890713685612,0.0028457944780259856,0.05839823392016107,0.008406711047308621,0.0018796530785039067,0.0048842765390872955,0.002851064786263561,2
2025/05/07 10:30:10.554847022,1746606610,551382923,piren,vessel_center,254.04483469649918,1017.6810446010696,-40.831026355442624,-0.005323912528893857,-0.015523701966044762,0.07886651580146446,0.996750090703779,-0.0033050326326244392,0.06334174544972476,0.013298929649857913,0.00867848563939333,0.006911148317158222,0.0026732885470532597,2
2025/05/07 10:30:11.4038396,1746606610,991865432,piren,vessel_center,254.04385596716654,1017.7057697767538,-40.82679433321161,-0.005576189312674719,-0.012871794664292844,0.07997634948760117,0.9966980518379208,-0.002477669225140467,0.061858735405985424,0.01067732722661393,0.0009611265850253403,0.0031809741631150246,0.004224286340564592,2
2025/05/07 10:30:11.421451692,1746606611,417383866,piren,vessel_center,254.0488002345947,1017.7334996066179,-40.823817635696436,-0.005062528529592626,-0.013763402204732931,0.08123076399615649,0.9965874284503284,0.010645099585827033,0.06156849964154382,0.006708579251613888,-0.006356642581522465,0.01391532551497221,0.0036967004435831457,2
2025/05/07 10:30:11.826076675,1746606611,822354102,piren,vessel_center,254.0544494689317,1017.7553118807008,-40.82104192011555,-0.005855186398245149,-0.013503491169217311,0.08186191483303237,0.9965349965848436,0.013645892384261336,0.05558489031891432,0.006914032896810373,-0.0010699706617742777,0.011079085059463978,0.0041812768135090035,2
2025/05/07 10:30:12.218781706,1746606612,215284369,piren,vessel_center,254.05968964414305,1017.7771475363227,-40.81942820239961,-0.005804085439833341,-0.013916462761234042,0.08299554449226208,0.996435840508989,0.013177553861032996,0.054732933826835424,0.0044350243665065014,-0.002477223053574562,0.009868507273495197,0.005132932826489836,2
2025/05/07 10:30:12.652671095,1746606612,644649454,piren,vessel_center,254.0631915374152,1017.7978004617281,-40.81965304045142,-0.0068146406868798345,-0.013913170098073187,0.08505321558352451,0.9962559585212193,0.008901857252158429,0.051723107503585115,-0.0003930300063359144,0.002520917449146509,0.019436368718743324,0.006927754629175128,2
2025/05/07 10:30:13.69803106,1746606613,61409702,piren,vessel_center,254.0649583820804,1017.8227260161051,-40.82010721089862,-0.006375384970592152,-0.014222655618164505,0.08720567204793458,0.9960683918769393,0.004071307319759676,0.05527399788579706,-0.0009910728594831769,0.003175329649820924,0.008191500790417194,0.007310453295054914,2
2025/05/07 10:30:13.474245712,1746606613,471307584,piren,vessel_center,254.06698439310347,1017.8437650013185,-40.82230296648858,-0.006709109595440152,-0.014202227975988576,0.08932148772427813,0.9958789868250439,0.0049277046070758885,0.052981258521776826,-0.0048640977918693925,0.02061757631599903,0.008867406286299229,0.00895292336669202,2
2025/05/07 10:30:13.901278372,1746606613,895879977,piren,vessel_center,254.07208231182426,1017.864107550196,-40.82630941614935,-0.006800418556918538,-0.014471821367081798,0.09182492806968211,0.9956467763613599,0.012482093966810048,0.050953324810325204,-0.0098437441498049,0.010929672047495842,0.007253327406942844,0.009690306052686786,2
2025/05/07 10:30:14.352598405,1746606614,348671992,piren,vessel_center,254.08235968565273,1017.8902344281371,-40.82948841831939,-0.010102394264472117,-0.014288366634881557,0.09586689077415382,0.9952403345234401,0.021228743960864726,0.052360282256540734,-0.006066337875643023,0.015591300092637539,0.005762504413723946,0.011682030001756336,2
2025/05/07 10:30:14.878800893,1746606614,871735956,piren,vessel_center,254.1005131368058,1017.9227261636986,-40.82536006419416,-0.012102314123147172,-0.01168591825207988,0.1010711443776142,0.9947369486862695,0.0374723126835991,0.0659613900191288,0.009362043828116418,0.01685565896332264,-0.0016018628375604749,0.014426381508521212,2
2025/05/07 10:30:15.322161705,1746606615,318823770,piren,vessel_center,254.1333904189231,1017.9590355669106,-40.81493193648682,-0.009473924208644093,-0.013573041667378789,0.10315574886497393,0.9945274801512982,0.07197669109330063,0.08023765943571554,0.022753090870708127,0.012868949212133884,0.008777113631367683,0.01167320986731926,2
2025/05/07 10:30:15.715889565,1746606615,712203785,piren,vessel_center,254.1702583636662,1017.9881861594072,-40.81177697367817,-0.009501658035367483,-0.012318242083097597,0.10376325037697755,0.9944803503728799,0.08931845309907685,0.07384781524233396,0.009938088200414122,0.004072547424584627,0.007260515354573727,0.011654807531025402,2
2025/05/07 10:30:16.144407098,1746606616,119746959,piren,vessel_center,254.2098719944997,1018.0164071718293,-40.813479871032314,-0.008929060228161225,-0.011168723385320066,0.10751187651863246,0.9941009646453556,0.09770567742639313,0.07103995655907049,-0.002266624541965674,0.0018425522139295936,0.0020115352235734463,0.014115993489879741,2
2025/05/07 10:30:16.537884765,1746606616,527571611,piren,vessel_center,254.25708211157973,1018.0426399519769,-40.821429147014435,-0.010661924582777111,-0.012447483765522042,0.10988473154588663,0.9938092016504912,0.1152193870014119,0.06635453987400972,-0.01742591700290173,-0.004134283866733313,-0.00044059770880267024,0.011486891595578058,2
2025/05/07 10:30:16.978872850,1746606616,975645567,piren,vessel_center,254.31454873078602,1018.0757476023421,-40.829984860835175,-0.009993888047896653,-0.012776196825259586,0.11232046148250181,0.9935396343018864,0.12725282713511232,0.07331204041320227,-0.01895426631966753,0.0025570830330252647,0.00035188274341635406,0.010887516138132203,2
2025/05/07 10:30:17.380268752,1746606617,377084291,piren,vessel_center,254.3713275978206,1018.1073111580268,-40.83450841454506,-0.011954878233252302,-0.012039589020899188,0.11391717390987642,0.9933453612269114,0.13993842055651867,0.07814957336750006,-0.012373855219129799,-0.0020969382021576166,-0.005135396495461464,0.010907986169342744,2
2025/05/07 10:30:17.782423345,1746606617,776421176,piren,vessel_center,254.4349131256191,1018.1432188697281,-40.8306266392225,-0.011032646860664401,-0.01256399502057368,0.11659088729782204,0.9930392699845648,0.15636728454189808,0.08818134705197729,0.006640948708587795,0.0034422120079398155,0.0043070935644209385,0.011954395800783682,2
2025/05/07 10:30:18.206008241,1746606618,194857241,piren,vessel_center,254.50345354658634,1018.1797910489124,-40.824443341310236,-0.011889578710063329,-0.01383686356369479,0.11947737299731923,0.9926692986420385,0.1705178211841033,0.09113197271863094,0.01515321939338609,-0.006546366028487682,-0.004377270583063364,0.012476882423494148,2
2025/05/07 10:30:18.625240065,1746606618,613639252,piren,vessel_center,254.5836991097942,1018.2253545926096,-40.8159440749025,-0.012525817488119585,-0.012343730878675914,0.12199036159862228,0.9923754772671917,0.17802706496324874,0.1009152420069767,0.018769602487924468,0.0038628221955150366,-0.0014335368759930134,0.011259319897855075,2
2025/05/07 10:30:19.61562694,1746606619,58202978,piren,vessel_center,254.67074826710459,1018.276783452293,-40.81140879922987,-0.012253073941663714,-0.014514965547851777,0.12456712434928266,0.9920293390245448,0.19332257729286115,0.11407495766370623,0.010385019645121967,-0.0022140354849398136,-0.009702688083052635,0.01243164911943603,2
2025/05/07 10:30:19.458371027,1746606619,450812101,piren,vessel_center,254.75300896106313,1018.322307159415,-40.81210036063144,-0.01233200126008639,-0.015646713767295872,0.12642400679212432,0.9917762210296386,0.20393228736484192,0.11383639633086198,-5.6288786709008526e-05,0.003833985887467861,-0.004904641769826412,0.01232290632882651,2
2025/05/07 10:30:19.884183361,1746606619,879926602,piren,vessel_center,254.83890646420494,1018.3647668179884,-40.81548082959968,-0.01249162993367877,-0.01579484118788499,0.12986875573850507,0.9913266809969264,0.21319115286307838,0.10720874194621495,-0.007272728388244293,0.006087896879762411,0.005694830324500799,0.014037576305676251,2
2025/05/07 10:30:20.268101029,1746606620,262562011,piren,vessel_center,254.93180462852382,1018.4068170646281,-40.82116044696056,-0.012953184249478281,-0.015123135580531709,0.13141652519925703,0.9911272383970512,0.22970806748930986,0.10547010818572737,-0.013240607324604485,0.006567380856722593,-0.005040112417191267,0.011342531667077518,2
2025/05/07 10:30:20.656882169,1746606620,652346762,piren,vessel_center,255.03373952240895,1018.4514173756828,-40.82559045502736,-0.011510372566067552,-0.01467668129884202,0.13316092157366674,0.990918904509897,0.251357547817793,0.11066191085219536,-0.011372407830123126,0.005567261483520269,0.0024179324973374605,0.011654098542402767,2
2025/05/07 10:30:21.33068721,1746606621,29124094,piren,vessel_center,255.13170844431727,1018.4922125383893,-40.82442676472898,-0.012099010730378786,-0.013136008307977225,0.13431625538314074,0.9907775748193587,0.2728578364843546,0.11510119528420538,-0.0003055894930127645,0.00643902225419879,0.0013127457350492477,0.009642121929062069,2
2025/05/07 10:30:21.444065423,1746606621,438998787,piren,vessel_center,255.2503230180113,1018.5463871008611,-40.82359246776462,-0.010804640383791465,-0.014288918081760839,0.13521430308904098,0.9906544194654233,0.2957112281566427,0.13474437196582578,0.0020062955076753427,0.00955522246658802,0.0004839520843233913,0.006638996491049679,2
2025/05/07 10:30:21.882211606,1746606621,878786934,piren,vessel_center,255.39009771906785,1018.6112524134778,-40.821997188478086,-0.012823139887013434,-0.014627848204745985,0.13562789841095593,0.99056885995521,0.3102005692605874,0.1438761290451111,0.00349701144807572,0.006775910500437021,0.006918664555996656,0.004959426368875499,2
2025/05/07 10:30:22.263638544,1746606622,260717566,piren,vessel_center,255.52078807246406,1018.6742721808178,-40.81966355332815,-0.011515221696626774,-0.014996298862424174,0.1358832011214027,0.9905444292623662,0.3244658063857517,0.15567675219235746,0.005513511913790164,0.015009828843176365,0.005222940351814032,0.005261815430465632,2
2025/05/07 10:30:22.661471086,1746606622,657604662,piren,vessel_center,255.65938635221255,1018.7370452156431,-40.82002175881489,-0.012072403847670539,-0.016143990761082302,0.13724758944654694,0.9903316251734855,0.34348555056412833,0.15675785511702992,-2.2072678001411675e-05,0.014577013440430164,0.004070720169693232,0.0062134873478898525,2
2025/05/07 10:30:23.76306803,1746606623,52404666,piren,vessel_center,255.80472078152928,1018.8022147555856,-40.8197444678221,-0.011854471337984734,-0.01567951169972771,0.13763290889557675,0.9902882443062206,0.36057333295636934,0.16206196914044987,0.00059459404321846,0.009878810495138168,0.003773905336856842,0.0037496304318063427,2
2025/05/07 10:30:23.485611039,1746606623,479276811,piren,vessel_center,255.95543169233267,1018.8699610126781,-40.81920443329164,-0.011522382879900251,-0.01596848878292164,0.13916610561065548,0.990073248354849,0.3743025318108269,0.168250504835214,0.0012457782062938734,-0.001225179759785533,0.014510085806250572,0.006642387393362604,2
2025/05/07 10:30:23.966544986,1746606623,960613212,piren,vessel_center,256.1535593075653,1018.9538357647189,-40.819186437830574,-0.012053504592947439,-0.01620351477201598,0.14158501912641452,0.9897200823945292,0.3979635523834989,0.16771914223490958,-5.708555542579012e-05,0.0038237201515585184,0.0063497163355350494,0.006301339604545828,2
2025/05/07 10:30:24.456411804,1746606624,440348156,piren,vessel_center,256.3478149363142,1019.0286537529096,-40.81853373845331,-0.012662426910631913,-0.016626568000302693,0.14350277222930852,0.9894292165404089,0.43496095234704657,0.1662681920468457,0.0015829121555100685,0.003081380855292082,0.004162986297160387,0.007726402317475462,2
2025/05/07 10:30:24.868198865,1746606624,863741194,piren,vessel_center,256.56001461588795,1019.1097147280299,-40.81637324912454,-0.011423412238628975,-0.017264524169462725,0.14505169461778847,0.9892074846797998,0.47021700003051625,0.1796279858892375,0.004697107526936899,0.0072320252656936646,-0.0018473775126039982,0.007145995591625338,2
2025/05/07 10:30:25.282586536,1746606625,279067877,piren,vessel_center,256.76468771417933,1019.186357223925,-40.81840355597015,-0.011431253824775884,-0.01665336956273805,0.1447286587398416,0.9892651854066062,0.5060478904502365,0.18999102369743914,-0.0037146616075801435,0.007396108470857143,0.006156320683658123,0.0034269714428414766,2
2025/05/07 10:30:25.747267300,1746606625,742747934,piren,vessel_center,257.00452190233364,1019.276804056742,-40.81707260786584,-0.012002061949074227,-0.016192759744832093,0.14477911353383627,0.9892586887792159,0.5352392606453581,0.20192392049148103,0.003531648279431504,-0.002436981536448002,0.004624533001333475,0.003207399345915331,2
2025/05/07 10:30:26.259386316,1746606626,254482450,piren,vessel_center,257.3115329998357,1019.3953556463531,-40.81252379160599,-0.012119005028181475,-0.015998790700297697,0.14443183254420797,0.9893111816618555,0.5623399850735499,0.21802191543847577,0.00914155206437503,-0.0006207007099874318,-0.004459602292627096,0.0005055637291611132,2
2025/05/07 10:30:26.671680205,1746606626,668743668,piren,vessel_center,257.5484169112254,1019.4893024701238,-40.81332239755597,-0.012361143870523325,-0.01574338160609619,0.14339549487421968,0.9894630261447845,0.5881738237752419,0.23257363684724616,-0.00045328195866427973,-0.0002184002660214901,0.0010591244790703058,-0.0005003428688666171,2
2025/05/07 10:30:27.103949030,1746606627,83389933,piren,vessel_center,257.79292362539303,1019.5871627916689,-40.81280510207941,-0.012830173181492911,-0.015369713567872286,0.1425662357888209,0.9895827539796663,0.6081701939167491,0.24302121844602873,0.001052977218216751,0.0072900960221886635,0.0030776439234614372,-0.0016713184041599965,2
2025/05/07 10:30:27.498818648,1746606627,484816055,piren,vessel_center,258.0463994244458,1019.6889805563825,-40.81254644580853,-0.013277128402594051,-0.014939028144593932,0.14161280817358496,0.9897203422485907,0.6299260917901396,0.25285664086432,0.0007026267204765138,0.00531872920691967,-0.002523522824048996,-0.002633713984158838,2
2025/05/07 10:30:27.899440591,1746606627,895615113,piren,vessel_center,258.3073636979748,1019.7938159042657,-40.810233974446156,-0.013834821076982641,-0.014920193909385857,0.14004227465442595,0.9899364357619577,0.6516474765543083,0.2617748735736313,0.005605405265362191,0.0024267465341836214,0.004702167119830847,-0.004635038154608499,2
2025/05/07 10:30:28.304417300,1746606628,301268572,piren,vessel_center,258.6097285778273,1019.9144087628279,-40.80821545003524,-0.017529159730871793,-0.015931700793358514,0.13857458162975436,0.9900686818575261,0.6714851801139051,0.26787061408340374,0.0045232761787020025,-0.0011252670083194971,0.0044279624707996845,-0.004304298391234594,2
2025/05/07 10:30:28.703595515,1746606628,700399151,piren,vessel_center,258.8836786861671,1020.0274372192043,-40.80603224130972,-0.018922527664128178,-0.017804016892925503,0.13801003180675045,0.9900899888646367,0.6828018078398603,0.2804429781715043,0.005326651457818383,-0.004581545479595661,-0.0029375741723924875,-0.004455614232124921,2
2025/05/07 10:30:29.125167804,1746606629,107117195,piren,vessel_center,259.1621710830707,1020.1428830473195,-40.80495808373873,-0.018333744057725292,-0.017028887560660396,0.13696727048505083,0.9902594900495261,0.6946240589219546,0.2875893039848051,0.0030505117356654354,-0.008011735044419765,-0.0012183093931525946,-0.005171780273274889,2
2025/05/07 10:30:29.523245724,1746606629,517917013,piren,vessel_center,259.45340566380884,1020.2587778579002,-40.80380553090902,-0.017667284261463696,-0.017253071194110736,0.1358881666017843,0.9904163794984419,0.7230658641622544,0.28929689629876515,0.002903574528676285,-0.001196777680888772,-0.00019426077778916806,-0.004507876893845234,2
2025/05/07 10:30:29.943942424,1746606629,940648269,piren,vessel_center,259.7580509241315,1020.3734035608331,-40.802845659418004,-0.018013927568424515,-0.016374895362741677,0.13556324585725218,0.9904695692387854,0.7603103039166857,0.28668473545949374,0.002417729895927363,-0.000688651402015239,-0.0010016891174018383,-0.003384572381880706,2
2025/05/07 10:30:30.433574692,1746606630,421982695,piren,vessel_center,260.15761842000813,1020.5179450871162,-40.80494962403149,-0.017508894137840736,-0.015145145348462334,0.13444705059969203,0.9906503186207976,0.8024993078508491,0.28932482356049144,-0.0047633525413288726,0.0007289659697562456,0.0018755727214738727,-0.0037084593594279335,2
2025/05/07 10:30:30.843665611,1746606630,836487064,piren,vessel_center,260.4955934237774,1020.6361847431718,-40.80575346662242,-0.017498553160888972,-0.015809477945649093,0.13472991999079054,0.9906016907433769,0.8436124648478203,0.29544068554250763,-0.002108056677826612,0.0016132997116073966,-0.0018262870144098997,-0.0017973043368692645,2
2025/05/07 10:30:31.411238659,1746606631,406627400,piren,vessel_center,261.0127059660597,1020.8124091171285,-40.80577969322572,-0.011639636736057416,-0.015792657418899625,0.13454874558681115,0.9907127464049899,0.8673700827263023,0.293189837900536,0.0005787583396739088,0.0029332125559449196,-0.01214058231562376,-0.0017209397847006487,2
2025/05/07 10:30:31.837485936,1746606631,825974013,piren,vessel_center,261.37003620968613,1020.9194905599135,-40.8087502870944,-0.012281616010572092,-0.01549645539730001,0.13451639125222226,0.9907140668541895,0.8897116804015245,0.27127484875491054,-0.006306566034248777,0.020032931119203568,0.002416391624137759,-0.0015449942110669892,2
2025/05/07 10:30:32.227985626,1746606632,224168354,piren,vessel_center,261.73433344067524,1021.0278652436076,-40.812700778825786,-0.013286923330148236,-0.01512746082870582,0.1349992865275173,0.9906411107128333,0.9075095293635972,0.27088106261562633,-0.009381937727943029,0.02630884200334549,0.003509327070787549,0.000584831257604732,2
2025/05/07 10:30:32.630489397,1746606632,626657335,piren,vessel_center,262.10175401539493,1021.1452444955946,-40.81308198030361,-0.011798137578832421,-0.015829120885466157,0.13553957918733037,0.990575219433328,0.9174198991398956,0.2904616221389005,-0.0021155230215810722,0.027088062837719917,-0.0016825089696794748,0.0004585227943179214,2
2025/05/07 10:30:33.108495994,1746606633,102905248,piren,vessel_center,262.5629889007534,1021.2973359912854,-40.814412239231935,-0.0129605997744151,-0.015836686726212294,0.13651335141592436,0.99042684085813,0.9228499168887087,0.30523513867337887,-0.0027023900114556514,0.031260568648576736,0.00017785385716706514,0.0022389729472597794,2
2025/05/07 10:30:33.569431084,1746606633,565686391,piren,vessel_center,262.9810979293959,1021.4422350283836,-40.814929100014126,-0.011727580749951583,-0.016574246402737355,0.13764106634036102,0.9902740504843208,0.9278081153463521,0.3211099938885126,-0.00119291037933063,0.032285548746585846,0.005319894757121801,0.0031738727571512812,2
2025/05/07 10:30:33.976476746,1746606633,973358078,piren,vessel_center,263.3564752888833,1021.5739031302788,-40.819660472329865,-0.011878219022006017,-0.016868269999397938,0.13886754860289233,0.9900960424752319,0.9380217708329386,0.3284123612919756,-0.010343623088220925,0.03553461655974388,0.0023115365765988827,0.004348249719983663,2
2025/05/07 10:30:34.345062302,1746606634,341817059,piren,vessel_center,263.6812783028625,1021.6899307846124,-40.82256428240335,-0.011484696922727895,-0.01627340710709023,0.1402167320357031,0.989920474591241,0.9291399277864005,0.33087429570132365,-0.00861107674781461,0.03814764320850372,-0.00035011148429475725,0.005689683378595094,2
2025/05/07 10:30:34.808460195,1746606634,788063372,piren,vessel_center,264.0857060001072,1021.8318530351648,-40.822614697290135,-0.011905567138614844,-0.016314564876650662,0.14249748013903918,0.9895890867415716,0.8961321659249737,0.314071172957756,0.0005944305336868586,0.026450717821717262,0.006896910257637501,0.0061245017838329205,2
2025/05/07 10:30:35.225986056,1746606635,219315312,piren,vessel_center,264.4651596564613,1021.9634512866111,-40.82124844864538,-0.01035733489513526,-0.015455020385956808,0.14459727982130147,0.9893156698582207,0.845135088925554,0.2931995186743733,0.0029641102076709957,0.03543837368488312,0.0013072924921289086,0.007354439881229932,2
2025/05/07 10:30:35.668433597,1746606635,665329346,piren,vessel_center,264.8226170185705,1022.0858219798631,-40.82411814884971,-0.010704807472613605,-0.015948188658581604,0.14612047087684166,0.9890803154275262,0.7959267972586535,0.27259417896320876,-0.006089673376413843,0.020358625799417496,0.0074177086353302,0.00713190882749578,2
2025/05/07 10:30:36.105078422,1746606636,101436168,piren,vessel_center,265.15740914312306,1022.2034568778271,-40.82491107082015,-0.010804364229361145,-0.015653668240578383,0.14842277729929973,0.9887410720522213,0.7455977012952193,0.26176048871775487,-0.0018955087858898469,0.019755205139517784,0.009581374004483223,0.009279514084686425,2
2025/05/07 10:30:36.531913445,1746606636,525416567,piren,vessel_center,265.4396377795515,1022.3065775673873,-40.82183592247105,-0.010412181966957557,-0.01558582989039406,0.15061824481990108,0.988414292035828,0.7109564953214434,0.2582921930527845,0.006359003558969829,0.002736852038651705,0.0170577485114336,0.009509200934557479,2
2025/05/07 10:30:36.939954811,1746606636,935701482,piren,vessel_center,265.71534371525416,1022.4086386447779,-40.82059096134899,-0.01127211540523004,-0.015462727785533505,0.1515871809873054,0.988258655425817,0.688452516982807,0.2546771831813202,0.003221282604681659,0.007735077291727066,0.004153994377702475,0.006898882134285879,2
2025/05/07 10:30:37.354886228,1746606637,350910043,piren,vessel_center,266.0152194443104,1022.5220725225964,-40.81552341776697,-0.010223940756713883,-0.015992243364706824,0.15279755819910612,0.9880752124185477,0.6683161358044348,0.2526304244766833,0.01103995868710403,0.005516815464943647,0.010178660973906517,0.007200432853302266,2
2025/05/07 10:30:37.761283959,1746606637,756911080,piren,vessel_center,266.27271594746765,1022.6200437281259,-40.813319005408,-0.011491322463925192,-0.015640404323283463,0.15429986364851625,0.987833426919075,0.6475190276277776,0.24613747985267756,0.006278933580449616,-0.008492903783917427,0.0056845624931156635,0.008499662843099658,2
2025/05/07 10:30:38.172664436,1746606638,167930744,piren,vessel_center,266.52408055341186,1022.7193432372344,-40.81118852123877,-0.015406596517103915,-0.016271517708137267,0.15650782071991604,0.9874224914132429,0.6309204694366148,0.24794606274854222,0.005453395930982237,-0.008410514332354069,0.002482630778104067,0.00860094222620846,2
2025/05/07 10:30:38.592800480,1746606638,589093106,piren,vessel_center,266.7692358329058,1022.8242185301384,-40.80996643616961,-0.017377014463951096,-0.01625464173879455,0.15821265845729274,0.9871183215269278,0.613162979897243,0.261549949129403,0.0031360443193591842,-0.015068142674863338,0.0017623300664126873,0.00838278658519571,2
2025/05/07 10:30:39.6706053,1746606639,296527,piren,vessel_center,267.037079406484,1022.9464661493498,-40.80765494975606,-0.015921694543145373,-0.015920848900844865,0.16009248957373404,0.9868451859310229,0.5960243027581331,0.2714639877577609,0.005076566604259409,-0.022605329751968384,0.00021280297369230539,0.008268566212628052,2
2025/05/07 10:30:39.473586227,1746606639,467862418,piren,vessel_center,267.3017503126262,1023.0635190829976,-40.807717645512795,-0.01542838952039691,-0.01671732767365085,0.16252669389517255,0.9864418733629284,0.5884527532998621,0.2605072738148918,3.244538723951723e-05,-0.02428777888417244,-0.0061049796640872955,0.008912850942065398,2
2025/05/07 10:30:39.871002315,1746606639,867284172,piren,vessel_center,267.5326449409586,1023.160123845934,-40.81354771633305,-0.015964797860934427,-0.01588792197332277,0.16339781503697406,0.9863031244023168,0.5787776675971148,0.24413712959749304,-0.012552200164094487,-0.021283963695168495,-0.006398389581590891,0.007101806095991899,2
2025/05/07 10:30:40.277693121,1746606640,274356700,piren,vessel_center,267.7572249927025,1023.2513303487577,-40.81567522367994,-0.015106659048267636,-0.016639366023870505,0.16519831627584816,0.9860042782109761,0.5638202337566329,0.23022651667261002,-0.006312226874274488,-0.02569759637117386,0.0022686077281832695,0.009030000279821622,2
2025/05/07 10:30:40.710920545,1746606640,706561766,piren,vessel_center,268.0000789139919,1023.3469589730822,-40.81425207907065,-0.0157641112301426,-0.017537962827653263,0.16783157458967723,0.9855335992383665,0.5404472801610157,0.21306604284136468,0.0028695500260369445,-0.015219136141240597,-0.011168675497174263,0.009340845492988666,2
2025/05/07 10:30:41.158538948,1746606641,154342415,piren,vessel_center,268.22824412434176,1023.4408971898077,-40.80763414496399,-0.014942401269654923,-0.016900207327699788,0.17010123812998112,0.9851683492800735,0.5078174246134043,0.20884528084743564,0.014418749556085724,-0.008144448511302471,0.003052055835723877,0.009929700980757265,2
2025/05/07 10:30:41.547739908,1746606641,544355660,piren,vessel_center,268.3982014620183,1023.5142011893636,-40.806893228872134,-0.01578005651936305,-0.01677905636715581,0.1713835677239811,0.9849350870985728,0.48888529708360723,0.20927444842027385,0.004032402376191197,-0.0021179523319005966,0.0003184469824191183,0.010484000462135412,2
2025/05/07 10:30:41.929695250,1746606641,926363930,piren,vessel_center,268.5848393957175,1023.5990061339182,-40.810566185320035,-0.015965584174310463,-0.017239717604589477,0.17386854592308537,0.9844885072957831,0.4698883357585149,0.21171278784950104,-0.007341239903871569,0.009129304438829422,0.0008760198834352195,0.009781802029540428,2
2025/05/07 10:30:42.332918554,1746606642,329480972,piren,vessel_center,268.7482169418502,1023.6782247438745,-40.81598408032417,-0.016158427535758902,-0.017022850771412936,0.17672085052187622,0.9839811323201327,0.41668929936117854,0.1998234880615199,-0.012683163965260705,0.007665284909307957,-0.0006142493220977485,0.012187525662443289,2
2025/05/07 10:30:42.741262195,1746606642,731710377,piren,vessel_center,268.86840771189964,1023.7394931823793,-40.819502786281795,-0.016542126593842892,-0.01647107247183018,0.18055089128498159,0.9832885830088641,0.3167558360215484,0.15972346372172963,-0.009340500469659178,0.00875984225422144,-0.0035551516339182854,0.014165183472451345,2
2025/05/07 10:30:43.135652611,1746606643,117493146,piren,vessel_center,268.93487759877297,1023.7784425355045,-40.81801235442482,-0.01669827822978953,-0.0165496709754116,0.18497195471202355,0.9824625447643178,0.18680294731862016,0.10590596994352366,0.0019304875459340964,0.02265818975865841,0.006042732857167721,0.01702008177921391,2
2025/05/07 10:30:43.526399567,1746606643,522840998,piren,vessel_center,268.9470886849028,1023.7978837098423,-40.81328379535838,-0.01551170690499995,-0.01610383506434472,0.18991329822794606,0.9815462254021953,0.05222902094328713,0.05657252716282513,0.010452354988672181,0.028068335726857185,0.005547447130084038,0.019291802436063706,2
2025/05/07 10:30:43.944312653,1746606643,941354383,piren,vessel_center,268.920565205736,1023.8009219380432,-40.810079018929876,-0.014967430403257367,-0.016893052367377384,0.19491453316880264,0.9805605160154188,-0.06211593646125908,0.009327167015908203,0.008098058567196672,0.031128568574786186,0.003809010609984398,0.020703739198217525,2
2025/05/07 10:30:44.342698732,1746606644,338260197,piren,vessel_center,268.85863571271113,1023.7870714890773,-40.80941894285563,-0.015395900046637679,-0.017089442545415053,0.2002474386185287,0.9794753087964798,-0.15166115276961095,-0.033125662869406505,0.0018704893170366135,0.037838783115148544,0.0044959960505366325,0.022733148201408614,2
2025/05/07 10:30:44.765093081,1746606644,758253690,piren,vessel_center,268.7646230768484,1023.7593860967855,-40.80886789373695,-0.011534253730293877,-0.016866425017602122,0.20771527861060468,0.9779758932252521,-0.20712545300798368,-0.0606351786166671,0.0012447110361677419,0.03603590652346611,0.0007381223840638995,0.02688307735640235,2
2025/05/07 10:30:45.177065084,1746606645,173996113,piren,vessel_center,268.6835429823196,1023.7286718851127,-40.81233925980119,-0.010052800530390042,-0.016920118541454473,0.2138209473251986,0.9766745892440297,-0.2032750521046633,-0.07460243832865684,-0.0073410953735560305,0.04480281099677086,0.006315515376627445,0.02792013274335446,2
2025/05/07 10:30:45.576854618,1746606645,573549839,piren,vessel_center,268.6217840665316,1023.7052959445306,-40.81878735387103,-0.010184720374289778,-0.0167816468703221,0.21699437022680937,0.9759754561919515,-0.1612580772261022,-0.060709364377999134,-0.014892877222342761,0.03946308419108391,0.01225498877465725,0.021210054246945546,2
2025/05/07 10:30:46.12346948,1746606645,992285258,piren,vessel_center,268.58329763469214,1023.6972880125504,-40.82476099175805,-0.010183152278289781,-0.016981716522314717,0.21365629385153254,0.976708202490007,-0.09843108018717389,-0.021429812169753988,-0.014923619395796051,0.04933888092637062,0.004080410115420818,0.005430833186486592,2
2025/05/07 10:30:46.418894861,1746606646,415475924,piren,vessel_center,268.5613133286294,1023.7046770786258,-40.83112792446453,-0.010258056229024422,-0.01697251847356096,0.20281686158876672,0.9790158459158615,-0.050232276092946955,0.01540031040440213,-0.014178356522091873,0.03695458546280861,0.0067071327939629555,-0.015519256088151434,2
2025/05/07 10:30:46.848513655,1746606646,844879429,piren,vessel_center,268.5499884997001,1023.7174406514383,-40.83356030959073,-0.010156408643628417,-0.016541603929880907,0.18696862297357092,0.9821740969534156,-0.029091395853538014,0.03131281654941618,-0.006369603075620445,0.027632785961031914,0.01073482260107994,-0.037309627942239645,2
2025/05/07 10:30:47.253106388,1746606647,248296414,piren,vessel_center,268.53511112330307,1023.7292229395218,-40.83310869166477,-0.009945673048236583,-0.015914425685239392,0.17418686580576173,0.9845337731248697,-0.03693466751906231,0.02952063302791417,0.000884635718802017,0.027528980746865273,-0.002327006310224533,-0.039023901241792114,2
2025/05/07 10:30:47.653782646,1746606647,649960711,piren,vessel_center,268.50534406948435,1023.735821735977,-40.8284057542201,-0.010401785916792292,-0.015884665142432308,0.16457549466421345,0.9861817209921727,-0.06522233690852731,0.015123883245087068,0.010150166108360323,0.031017715111374855,0.013016951270401478,-0.03958338304352939,2
2025/05/07 10:30:48.50083112,1746606648,46850150,piren,vessel_center,268.4575741291799,1023.7327139668818,-40.820574438207586,-0.01040360717063869,-0.015344945778363775,0.16112547489090237,0.9867597878602874,-0.12542735114520798,-0.00516054957788596,0.020478348448818948,0.013449735939502716,0.009612412191927433,-0.036935241659568074,2
2025/05/07 10:30:48.448922587,1746606648,445513999,piren,vessel_center,268.3782813054687,1023.7207145599936,-40.8137439763868,-0.01092992829814946,-0.015038758391329201,0.15593882476305673,0.987591745279881,-0.19565828704539812,-0.029121066637435557,0.01719599786493977,0.013338921591639519,0.007550754118710756,-0.02760183703966337,2
2025/05/07 10:30:48.838085192,1746606648,834967062,piren,vessel_center,268.26996570836707,1023.7011263235328,-40.80910060102195,-0.01066531359511491,-0.015282243954474438,0.15490061485142198,0.9877542728959897,-0.2682218737898434,-0.04828187764833286,0.011814099559308077,0.0015943787293508649,-0.0032193991355597973,-0.021013938342761804,2
2025/05/07 10:30:49.237039008,1746606649,234058077,piren,vessel_center,268.13979279902935,1023.6768688617317,-40.80731389289478,-0.010108521090166312,-0.01556004534292721,0.15375979685198635,0.987934019893197,-0.31754629759520825,-0.05894038508567986,0.005476199270947335,-0.011312747374176979,-0.0010741261066868901,-0.016588980850986222,2
2025/05/07 10:30:49.673615716,1746606649,662460614,piren,vessel_center,267.98415941618623,1023.646282749507,-40.81322353341463,-0.011079457554330324,-0.015519014393217387,0.15256411592298594,0.9881096074551662,-0.34494641160704265,-0.06768342645054884,-0.012553064568316993,-0.015885235741734505,0.006340604741126299,-0.012395834520641035,2
2025/05/07 10:30:50.64622423,1746606650,60908508,piren,vessel_center,267.83660635648,1023.6147374096508,-40.82369856532656,-0.010837974689325052,-0.01612721092303352,0.15351853163174942,0.9879547114205738,-0.365539931858893,-0.07730457490606579,-0.024288452062665965,-0.0026372254360467196,0.0034968990366905928,-0.007780849510646843,2
2025/05/07 10:30:50.481209988,1746606650,477610578,piren,vessel_center,267.67896141750043,1023.5765647241803,-40.83006535781222,-0.010577268716848295,-0.01630257844950392,0.15457843260183626,0.9877893781048412,-0.39016240027067356,-0.09292491512514982,-0.017074996909951734,-0.015653086826205254,0.0009103268967010081,-0.002834412550703846,2
2025/05/07 10:30:50.888966905,1746606650,885115645,piren,vessel_center,267.5105189145718,1023.5315830029508,-40.82925187294179,-0.01048327975379259,-0.016293199897943728,0.15706117150143953,0.9873988155194865,-0.4199354913261682,-0.11173358149044371,0.0013413190621861734,-0.018209364265203476,0.0030753822065889835,0.002214185992372459,2
2025/05/07 10:30:51.319391318,1746606651,300133120,piren,vessel_center,267.30816471203804,1023.4767027319756,-40.82377721150818,-0.012266435034487372,-0.015551556259591037,0.15944713526065882,0.9870077480580478,-0.4487444889295598,-0.1216337679856225,0.011816634100716825,-0.014333902858197689,-0.002504209987819195,0.0041390219550756085,2
2025/05/07 10:30:51.704385209,1746606651,701131407,piren,vessel_center,267.1189168514761,1023.4266106273316,-40.81168938221848,-0.011548984398163913,-0.016076060629608924,0.16081175575721063,0.9867865830281072,-0.46968906553929585,-0.1247153607789188,0.027681008815699258,-0.012765537016093731,0.006882276386022568,0.00531145825570959,2
2025/05/07 10:30:52.104104744,1746606652,100708061,piren,vessel_center,266.91704135941353,1023.3710080581059,-40.80305070961017,-0.011774145020501479,-0.016239872284082354,0.1628729341022792,0.9864431272983494,-0.49996043275564217,-0.1370568111717149,0.022449544165658652,-0.0029531046748161316,0.006037266459316015,0.007785532057903757,2
2025/05/07 10:30:52.500951646,1746606652,497430078,piren,vessel_center,266.7308773171864,1023.3126715085064,-40.79906128233469,-0.01218493278072961,-0.016557390648765387,0.16615438883986733,0.9858854392358595,-0.526936527998168,-0.1621129213099267,0.013092331300225668,-0.009816821664571762,-0.005039357580244541,0.01217894478025288,2
2025/05/07 10:30:52.911039198,1746606652,906452497,piren,vessel_center,266.4815338849628,1023.2300622227465,-40.799420168479415,-0.011877733909653007,-0.017208913737003288,0.17027349609082904,0.9851749637775873,-0.5532868619573033,-0.1829183714978172,-0.0003634735347815884,0.004976736847311258,-0.0010448484681546688,0.011899558638338893,2
2025/05/07 10:30:53.328143660,1746606653,314972268,piren,vessel_center,266.24821919196734,1023.1531387519752,-40.80288675616917,-0.012000716713886615,-0.01712897755864746,0.173334594439519,0.9846408986511965,-0.579159985775595,-0.19101727061542995,-0.007519406271637718,-0.002684266772121191,0.009360208176076412,0.01622989394605983,2
2025/05/07 10:30:53.758500997,1746606653,755291362,piren,vessel_center,265.9743689748301,1023.0676575971721,-40.8051724104803,-0.01209009780487611,-0.017483629011039867,0.17903655915345887,0.9836127605608637,-0.6076584895834453,-0.18999348540919533,-0.0051545311865481384,0.007690169848501682,0.0016866986406967044,0.018106902951143367,2
2025/05/07 10:30:54.151609235,1746606654,148369980,piren,vessel_center,265.7538265783942,1022.9997454583538,-40.80784998998728,-0.01239282371790819,-0.016731185880320847,0.18119155038506657,0.9832273935404724,-0.6264414393229795,-0.193337325565517,-0.00726872498563007,0.009445899166166782,0.0018637999892234802,0.017465523130607626,2
2025/05/07 10:30:54.556043295,1746606654,544806438,piren,vessel_center,265.50130605591056,1022.9163952448663,-40.810533461141446,-0.011721543722311566,-0.015196249876264294,0.18467919337079622,0.9826114567510275,-0.6312150187532093,-0.20791660445665916,-0.006727360425281813,0.01810559071600437,0.005100518465042114,0.015297987774061654,2
2025/05/07 10:30:54.963659534,1746606654,943463497,piren,vessel_center,265.2474299015375,1022.8244922404472,-40.813330428002494,-0.011834752299679573,-0.016815112693653114,0.1872210943160728,0.9821025671823678,-0.6346912753917873,-0.22903527465905432,-0.006984466265333777,0.014842367731034756,0.006001944653689861,0.01507992168746362,2
2025/05/07 10:30:55.359676245,1746606655,355952889,piren,vessel_center,264.953233543701,1022.7144059793911,-40.81751724795505,-0.010716661917059061,-0.01635966690587669,0.1907180925901508,0.9814500107569712,-0.652163493515081,-0.24377624969238246,-0.009218532678107703,0.023282520473003387,0.008440050296485424,0.0152519991938885,2
2025/05/07 10:30:55.783601253,1746606655,780136433,piren,vessel_center,264.6876409133022,1022.6133709243454,-40.820129505304735,-0.01106849102332357,-0.016950384060821944,0.19423780377206146,0.9807455575084005,-0.6632879271690849,-0.251718758226798,-0.006916930190834546,0.026289066299796104,0.0031394180841743946,0.017114335385884215,2
2025/05/07 10:30:56.171979331,1746606656,168306352,piren,vessel_center,264.41299511108514,1022.5127525579286,-40.8190147604251,-0.011588242045846759,-0.016307856891528374,0.1968731746052166,0.9802248311335294,-0.6833810411029385,-0.2515416548937538,0.0014728519843061338,0.020212141796946526,0.0023073190823197365,0.013878303585581063,2
2025/05/07 10:30:56.567147908,1746606656,562779812,piren,vessel_center,264.1352674804578,1022.4127775188886,-40.81583028154023,-0.01064084424554296,-0.016450910979885755,0.19793811264509653,0.9800186954972702,-0.6929962551866988,-0.2502273105734276,0.007066599969175557,0.022703979164361954,0.005012443754822016,0.01270132434780276,2
2025/05/07 10:30:56.958016167,1746606656,946191146,piren,vessel_center,263.8873782142572,1022.3202297895739,-40.813687935016894,-0.011658539818836902,-0.016324845164076417,0.20111891709165544,0.9793614037052621,-0.7059077464748948,-0.2622227195907727,0.006268452061505103,0.02509831078350544,0.001802940620109439,0.016737943335946224,2
2025/05/07 10:30:57.354262784,1746606657,327847347,piren,vessel_center,263.60210807982253,1022.2122820474833,-40.81115947698712,-0.010503038633474833,-0.0159416963691013,0.2043473424712087,0.9787122723871883,-0.7121830417496309,-0.2688234284788451,0.00631395502996388,0.025447530671954155,5.691080878023058e-05,0.012279312232182645,2
2025/05/07 10:30:57.713277918,1746606657,701144845,piren,vessel_center,263.315445415122,1022.1006564752096,-40.813305125361204,-0.011224462583467008,-0.016121561916385165,0.2048513017800136,0.9785959589330636,-0.7160574715147956,-0.27765415824151213,-0.003747669974046585,0.010292354971170425,0.0026379034388810396,0.011004794475424039,2
2025/05/07 10:30:58.101296373,1746606658,97771686,piren,vessel_center,263.0587631425887,1022.0015642724044,-40.81401853966517,-0.009912740406297941,-0.0159513226235487,0.2066249402518284,0.978239963889293,-0.7290684579792466,-0.2816457815664763,-0.0022983975516182916,0.01314504537731409,0.0003700206580106169,0.011771426774161884,2
2025/05/07 10:30:58.532008115,1746606658,525388070,piren,vessel_center,262.72831687250414,1021.8695854524611,-40.818499747136876,-0.01115661371345443,-0.01649797867212461,0.21081816968199313,0.9773223859106663,-0.7356633353429967,-0.2935106484092103,-0.009729725753885487,0.01592474989593029,-0.0015704287216067314,0.01227802387935789,2
2025/05/07 10:30:58.926548591,1746606658,923060000,piren,vessel_center,262.4300357986098,1021.7496542127168,-40.82297267343676,-0.010890139131885933,-0.016505491338180096,0.21271140728469015,0.976914955784965,-0.7436766379368234,-0.2986975620005979,-0.010971593386909673,0.01633191853761673,-0.0011876890202984214,0.011908306755639893,2
2025/05/07 10:30:59.331718971,1746606659,312886901,piren,vessel_center,262.1283133542609,1021.6296006524178,-40.82625467992072,-0.011087856654926693,-0.015644119419611007,0.21416293678236442,0.9766097262832978,-0.753412688734488,-0.3001691503913208,-0.008598504492095982,0.009631208144128323,-0.005877042189240456,0.01097685593400078,2
2025/05/07 10:30:59.728927898,1746606659,722415631,piren,vessel_center,261.8296826312574,1021.5108998592269,-40.827277731636435,-0.010456021742420524,-0.015914624807971237,0.21651889892183285,0.9760927019173029,-0.7474121186004138,-0.29718078866089864,-0.0033924550425637806,0.008652124553918839,0.010751630179584026,0.011133954226017722,2
2025/05/07 10:31:00.103492616,1746606660,100079696,piren,vessel_center,261.54180490901604,1021.3956447845595,-40.8295577668279,-0.010834255049634851,-0.016398013474493933,0.21764086871444133,0.9758310183309573,-0.7234332915249068,-0.28934949502972823,-0.005378886308130815,0.006467574741691351,0.004875244572758675,0.009631279595138893,2
2025/05/07 10:31:00.495716772,1746606660,492271077,piren,vessel_center,261.3040664023716,1021.3014328264223,-40.83196635922798,-0.01188292444906549,-0.016191563978953334,0.2192058890067693,0.9754718896960617,-0.6863902394179148,-0.2724182122670755,-0.006651856660903333,-0.009008562192320824,0.0005703720962628722,0.010495658299339258,2
2025/05/07 10:31:00.901887897,1746606660,898274448,piren,vessel_center,261.04596669834564,1021.2018428281395,-40.82948804553794,-0.01095831147250395,-0.016458414559818706,0.22181188524325066,0.9748889801227029,-0.646571305563384,-0.24974346033386619,0.00575646194672008,0.0005974137457087636,0.0019663958810269833,0.009927249619714973,2
2025/05/07 10:31:01.296449369,1746606661,293452785,piren,vessel_center,260.8058966269573,1021.1064428593204,-40.82482801138976,-0.011187672679481743,-0.017052712186148757,0.22334355048879273,0.9745263975091559,-0.6017987779851409,-0.23889400262260105,0.01144442867509956,-0.0040896302089095116,-0.003189378883689642,0.008980081685034474,2
2025/05/07 10:31:01.728302552,1746606661,721564981,piren,vessel_center,260.54837750067674,1021.0032243328727,-40.81758947910127,-0.011353244663395943,-0.015956193619884276,0.22621603736712617,0.9738802843053621,-0.5730533039153215,-0.2296138836609317,0.015926783414738608,0.00149688555393368,0.0014783411752432585,0.010217544035566968,2
2025/05/07 10:31:02.193385001,1746606662,189859926,piren,vessel_center,260.30178073193883,1020.904549272185,-40.816829972996175,-0.009579125164983144,-0.017548534072295802,0.2288048529986157,0.9732669872944777,-0.5458743569302896,-0.21840362202183322,0.00045883729298457077,-0.00089791149366647,0.0009002780425362289,0.010254191853951614,2
2025/05/07 10:31:02.622864067,1746606662,619651878,piren,vessel_center,260.05734138044875,1020.8034722429285,-40.824135220106854,-0.013082129162715592,-0.01649918905115573,0.2316366570506926,0.9725744669523276,-0.5434762993105323,-0.2245024169043064,-0.015719528120581527,-0.0003314550267532468,0.004379298072308302,0.011460015609572645,2
2025/05/07 10:31:03.28022496,1746606663,23529284,piren,vessel_center,259.82875791257385,1020.7127197244815,-40.830281484461246,-0.010925558765349527,-0.016848045926150676,0.23371607679741946,0.9720975110350597,-0.5672722290715227,-0.22643207106548296,-0.01540677820926244,0.00562306260690093,0.009838659316301346,0.011602213205814902,2
2025/05/07 10:31:03.445775621,1746606663,431023875,piren,vessel_center,259.5889413048083,1020.610730248266,-40.83320304901663,-0.01223505202867031,-0.017721436669637887,0.23549268653018052,0.9716375089378847,-0.5955642920386253,-0.2513282486696881,-0.008375789918210287,-0.009396690875291824,0.008253787644207478,0.01023752641951579,2
2025/05/07 10:31:03.850195764,1746606663,846398379,piren,vessel_center,259.34283680671086,1020.5053276138798,-40.82659879076439,-0.013235235876650892,-0.016755661321044564,0.23753636950181636,0.9711439386151162,-0.6145433933963431,-0.2630668755775333,0.015630524027108135,0.0013468809193000197,-0.004237538203597069,0.010610685552201682,2
2025/05/07 10:31:04.267121925,1746606664,263798818,piren,vessel_center,259.07204281455785,1020.3951632247494,-40.81418587793606,-0.01071655469607356,-0.01790263590703123,0.2398016533096035,0.9705976602861801,-0.6021832471388734,-0.2453791199889566,0.027220320801939164,0.00942501425743103,0.005355305969715118,0.010019246600770665,2
2025/05/07 10:31:04.671713695,1746606664,668228534,piren,vessel_center,258.84625064168074,1020.303172764499,-40.80429474062954,-0.010363832094349525,-0.015538167204170839,0.2404964684653525,0.9704703009365867,-0.5696598139962589,-0.23209216587538328,0.025071229604247985,0.017072707414627075,-0.0016155021730810404,0.007468612050178182,2
2025/05/07 10:31:05.81277435,1746606665,70501458,piren,vessel_center,258.6405414279421,1020.2187863078046,-40.80172893311563,-0.008435059839256735,-0.016723099118195986,0.23760834183317325,0.9711804485329598,-0.5216765210303037,-0.21378323858380105,0.008984877133764297,0.0127107547596097,-0.0014884936390444636,-0.002417525231434834,2
2025/05/07 10:31:05.479735958,1746606665,474409215,piren,vessel_center,258.45355479764874,1020.1358949511729,-40.80728002470431,-0.009901291145768373,-0.01409615636301353,0.22885811115522667,0.9733073655161036,-0.4750153875295836,-0.20817259672467123,-0.01073809416628815,0.015337802469730377,-0.0018483723979443312,-0.01822310167687704,2
2025/05/07 10:31:05.992661363,1746606665,988171519,piren,vessel_center,258.23539190204326,1020.0417486086059,-40.81738627417085,-0.012187413562611125,-0.013999479215136806,0.21317732562431066,0.976837196963765,-0.42832422473165926,-0.18418566939617456,-0.022156241912750785,0.014210074208676815,-0.005384713411331177,-0.030517955494802886,2
2025/05/07 10:31:06.419854156,1746606666,413516294,piren,vessel_center,258.0482481428098,1019.9719786599342,-40.82425527571497,-0.00887374626395059,-0.015308990591184802,0.20492485464097138,0.9786177473276779,-0.41336307240444503,-0.15471344276975296,-0.015331307719719644,0.014222145080566406,-0.0006066429778002203,-0.033071397215477985,2
2025/05/07 10:31:06.866771081,1746606666,856748573,piren,vessel_center,257.8622967799304,1019.9066517082567,-40.827583029469515,-0.012269786083560217,-0.015481706538981678,0.19700327833274855,0.9802037938297598,-0.4161478436282322,-0.14656630401614174,-0.007755302282401955,0.010403967462480068,0.004604452755302191,-0.03483906420226033,2
2025/05/07 10:31:07.265410221,1746606667,261816386,piren,vessel_center,257.688743628942,1019.8551182054396,-40.8243129864378,-0.012878629865575381,-0.01493664684609881,0.1942627882898028,0.9807512460148352,-0.4314020687988431,-0.13128087610011796,0.005969343276683546,0.014955719001591206,0.0009663828532211483,-0.02869416624125531,2
2025/05/07 10:31:07.711990054,1746606667,705491838,piren,vessel_center,257.48815312624396,1019.7992281101735,-40.81747413739792,-0.010715368627066662,-0.01491537439737075,0.18985717227057847,0.9816399373595149,-0.4454126632911083,-0.12444269475736298,0.01491887919140713,0.01058347336947918,-0.008701995946466923,-0.024750694239140187,2
2025/05/07 10:31:08.120400213,1746606668,115899158,piren,vessel_center,257.29995313656366,1019.7395972812022,-40.80957849268281,-0.010406812145543606,-0.01485956391860875,0.1888993500999563,0.9818288685677002,-0.4668487360007019,-0.1456098772462611,0.019064242283315068,0.015441139228641987,-0.001527526881545782,-0.020821096634453865,2
2025/05/07 10:31:08.537598698,1746606668,533115777,piren,vessel_center,257.1035113539578,1019.6691580168488,-40.80748949140166,-0.008951391023723651,-0.015621716728893753,0.1858294130618625,0.9824170518706739,-0.4877201808509197,-0.1718776983286262,0.007132151496904314,0.015239077620208263,-0.0016606110148131847,-0.018227557340502437,2
2025/05/07 10:31:08.974189566,1746606668,969081776,piren,vessel_center,256.8744919006681,1019.5817283293298,-40.80996757959104,-0.010963842936638522,-0.01433724165208893,0.18390273566463633,0.9827787245687267,-0.5077947775967457,-0.19342947223849485,-0.005126473059448199,0.0219875555485487,0.009181510657072067,-0.012281862012109507,2
2025/05/07 10:31:09.438173118,1746606669,428518458,piren,vessel_center,256.65030901712095,1019.4984202849122,-40.813806725135706,-0.011600589159059432,-0.015907223024982223,0.18401433833211725,0.9827263657168201,-0.4988241333779113,-0.18549084737760502,-0.00844876027757091,0.006121685728430748,-0.0016152540920302272,-0.008743404368436779,2
2025/05/07 10:31:09.874603106,1746606669,870679963,piren,vessel_center,256.4254041372533,1019.4218396126297,-40.81849140070376,-0.008884392734863725,-0.014910821339787756,0.18381194791436656,0.982808171911809,-0.4999146037763692,-0.17070516221710938,-0.010353055752216234,0.008134339936077595,-0.005370240192860365,-0.006829849283545843,2
2025/05/07 10:31:10.298398591,1746606670,292727565,piren,vessel_center,256.22249817872296,1019.3501808002318,-40.82297578599939,-0.009543369254169501,-0.01566004560759671,0.1842717604430076,0.9827042308742144,-0.5070039114118116,-0.17884784447196586,-0.011180567969478217,-0.0003306696889922023,0.009509837254881859,-0.003929246634423396,2
2025/05/07 10:31:10.696947727,1746606670,692352711,piren,vessel_center,256.0168574637166,1019.2758397718612,-40.82141523850563,-0.011493137258130455,-0.01528542278885371,0.18531213190296328,0.9824936017174415,-0.5139968345172973,-0.1856588102144088,0.0033730256041395006,-0.0028099720366299152,0.005001986399292946,-0.0006246963291025069,2
2025/05/07 10:31:11.124482393,1746606671,102694166,piren,vessel_center,255.78700247847738,1019.1974204854437,-40.81551390965023,-0.013076614827462868,-0.01738693958351993,0.18570790476583734,0.9823641232170768,-0.5106168445172669,-0.174529896702552,0.012801094193645255,0.0034546642564237118,1.2039002285746392e-05,-0.0009172404039000268,2
2025/05/07 10:31:11.495590234,1746606671,489684071,piren,vessel_center,255.60469388933276,1019.1419166371604,-40.80648429659034,-0.011006216443509928,-0.014820506501678469,0.1859393771905228,0.9823877868726957,-0.519620599520317,-0.16118462072063275,0.02378101163142223,-0.001973653445020318,-0.002107169246301055,-0.0001424945052013397,2
2025/05/07 10:31:11.968035926,1746606671,964381463,piren,vessel_center,255.34376989666765,1019.0556480132278,-40.8006109585176,-0.01101888932932435,-0.015673056362999725,0.18677639273564628,0.9822156171120728,-0.5219744156399654,-0.17338580902251133,0.010831182659217163,0.005388249643146992,0.005163364578038454,0.0015295344607674647,2
2025/05/07 10:31:12.361155927,1746606672,356479911,piren,vessel_center,255.1359993815661,1018.9804594856018,-40.80091137615375,-0.010453271872576218,-0.015350443051266885,0.186419986770794,0.9822946001773932,-0.5197563252263987,-0.1859275115031779,0.0008646591784213786,-0.0018493124516680837,0.002361962106078863,-0.0007597365432990623,2
2025/05/07 10:31:12.784199461,1746606672,760164912,piren,vessel_center,254.94151328563964,1018.9076092846552,-40.80741227006269,-0.010257762591094293,-0.01522372508038541,0.18048240849685998,0.9834068927582693,-0.4909519649452247,-0.18268222169353984,-0.013876161351458858,-0.005927350837737322,0.006104740314185619,-0.015034385436858694,2
2025/05/07 10:31:13.169022694,1746606673,164653019,piren,vessel_center,254.76587832551684,1018.8436015507467,-40.818053990380456,-0.012502812216616681,-0.013782202453631516,0.1673212093628855,0.9857268097599582,-0.4460419071869407,-0.1630626005835439,-0.024879003108458118,0.004512372892349958,0.0014360523782670498,-0.035823462184839054,2
2025/05/07 10:31:13.570445603,1746606673,566968438,piren,vessel_center,254.6078321995312,1018.790097645601,-40.825939105781394,-0.012938588002974897,-0.014059448300341606,0.15028413260910273,0.9884581955449148,-0.4023029543958043,-0.13787644469557572,-0.020437789700639496,0.002239485504105687,0.006703983061015606,-0.05361097802015838,2
2025/05/07 10:31:13.975708533,1746606673,972448283,piren,vessel_center,254.45613453803924,1018.7408380458787,-40.827734313725436,-0.012148713426389868,-0.015539522791366995,0.1323759181908361,0.9910033038676679,-0.38227080028364047,-0.12513388182469506,-0.006693698867081776,0.0036139427684247494,0.00852822046726942,-0.05902692439076134,2
2025/05/07 10:31:14.367568220,1746606674,362719582,piren,vessel_center,254.29991907352178,1018.691298405707,-40.825960602818576,-0.01274928013327837,-0.014652640169139999,0.1257833888090189,0.9918675794136415,-0.3895216096619831,-0.12406534964957254,0.002901001963243787,-0.0010980938095599413,-0.002019670559093356,-0.049167299989000005,2
2025/05/07 10:31:14.801649690,1746606674,795386333,piren,vessel_center,254.14562619797098,1018.6493492042594,-40.8207579499833,-0.014987599089107314,-0.013743404172174246,0.11477467527564368,0.9931833992927364,-0.3859121501735215,-0.10555728707131502,0.01265470973895053,0.0010647361632436514,0.0029226040933281183,-0.052543004163707815,2
2025/05/07 10:31:15.193939588,1746606675,185663420,piren,vessel_center,253.9918774636124,1018.6177195059596,-40.81422825542481,-0.014541001906265486,-0.01507253467606489,0.10698192089045577,0.9940403646555753,-0.38419058064073375,-0.07993018925881197,0.016189039067074914,0.008084353059530258,0.002031848067417741,-0.043066482100985716,2
2025/05/07 10:31:15.573939094,1746606675,569555456,piren,vessel_center,253.83603107272862,1018.5896339693204,-40.81322642209709,-0.012941698328168409,-0.013214492823741975,0.1013512056690578,0.9946787535346387,-0.3889118699129538,-0.07157633758033635,0.004410776029396898,0.009344485588371754,0.0005273632705211639,-0.03991728342217073,2
2025/05/07 10:31:15.983430916,1746606675,979754787,piren,vessel_center,253.68861442630103,1018.5561695448188,-40.81753700084975,-0.013654236855070022,-0.013915728575843096,0.09579294114568286,0.9952103429631189,-0.3712832560710465,-0.08197257576357525,-0.00867383086429068,0.004956966266036034,-0.006975247990339994,-0.03488132562710899,2
2025/05/07 10:31:16.392524466,1746606676,388190282,piren,vessel_center,253.54817141432176,1018.5187797388545,-40.82538531000432,-0.013847418311162062,-0.014977369522631505,0.09037125392858253,0.9956992336401962,-0.35410991372459627,-0.09192641666986684,-0.01810875728523338,-0.0005589211941696703,-0.0077862367033958435,-0.033069951828002514,2
2025/05/07 10:31:16.849445220,1746606676,823414067,piren,vessel_center,253.39413393297602,1018.4763092487701,-40.83061428959132,-0.011433082700486723,-0.014025487606725374,0.08258642955405639,0.9964196164121171,-0.34263849263538737,-0.09429708979942017,-0.011816430150588489,0.0015597755555063486,0.004821816924959421,-0.030398258451186592,2
2025/05/07 10:31:17.247386188,1746606677,243464278,piren,vessel_center,253.26038860073447,1018.4389208060388,-40.83013616905454,-0.009892746331699563,-0.015138937117563624,0.07950842388611752,0.9966701343393976,-0.33461994392969224,-0.09349245044950305,0.0007543648233195605,0.0038710013031959534,-0.005517709534615278,-0.02762572682074532,2
2025/05/07 10:31:17.647660063,1746606677,643841711,piren,vessel_center,253.12957741595724,1018.4019115363676,-40.826235607316704,-0.010503174813661257,-0.015159567017781428,0.0749572019729886,0.997016192806841,-0.327259108236103,-0.09254791110206509,0.00944012308034989,-0.0045202081091701984,-0.009319975972175598,-0.026225703050095923,2
2025/05/07 10:31:18.52668030,1746606678,49270395,piren,vessel_center,252.99040571971676,1018.3654083681527,-40.821551052817036,-0.012810722825733598,-0.014347582834701687,0.06947348606731775,0.9973983491971189,-0.30987710764866255,-0.08148805869159344,0.010381061267139597,0.0013445484219118953,-0.0007842286140657961,-0.025366339684077567,2
2025/05/07 10:31:18.476342556,1746606678,451809279,piren,vessel_center,252.8915755083115,1018.345589695915,-40.817507324868615,-0.016501465572204197,-0.013308349640841351,0.06634391355766217,0.9975715887081288,-0.25509124721747845,-0.05380607593297111,0.010122324460428484,0.0007884589722380042,-0.009732594713568687,-0.025075004816871575,2
2025/05/07 10:31:18.853385580,1746606678,849289565,piren,vessel_center,252.82342638570717,1018.3432063318048,-40.813713982787384,-0.016497667176306054,-0.013214584690951173,0.062351445506588325,0.9978303958952266,-0.18270498580877736,-0.012712377926800515,0.009595537009886397,0.009358884766697884,-0.002036796882748604,-0.02378570715632647,2
2025/05/07 10:31:19.257901068,1746606679,253708016,piren,vessel_center,252.76947632967696,1018.3457675222356,-40.8111223662703,-0.015739823645842987,-0.012164409136186702,0.059358571579674294,0.9980384987975093,-0.1414440564015647,0.0037432803657792384,0.00690837600558329,0.007077517453581095,-0.015710221603512764,-0.020932024140570396,2
2025/05/07 10:31:19.666009638,1746606679,662686655,piren,vessel_center,252.71330517118656,1018.3438083903384,-40.8088593855851,-0.014211308992558921,-0.012204834010888177,0.056560744590188186,0.9982234032995261,-0.14065533641405614,-0.0036911376010722308,0.005835999797699327,0.002214528387412429,-0.014057357795536518,-0.01977846486511028,2
2025/05/07 10:31:20.83225111,1746606680,79455045,piren,vessel_center,252.64609607241906,1018.3316843660435,-40.809131637441084,-0.01586699463058346,-0.013132448249949568,0.052694946780761726,0.9983982270958459,-0.16423971999038237,-0.026625808403878296,0.0002215566462325973,-0.0008328914409503341,-0.009674577042460442,-0.018293084770917043,2
2025/05/07 10:31:20.507327473,1746606680,482939943,piren,vessel_center,252.5694508197314,1018.3160027017966,-40.80818754012547,-0.014619872136084618,-0.012446309588714531,0.049683098963268585,0.998580461652316,-0.18791088547686718,-0.03749598529675507,0.0020691904401076446,0.009203719906508923,0.0015426628524437547,-0.016878246629208327,2
2025/05/07 10:31:20.950766229,1746606680,947319746,piren,vessel_center,252.48097773160086,1018.296334928679,-40.80787284697496,-0.011399880865275975,-0.014528577229052653,0.04535879547995041,0.998800051478055,-0.19727054887468945,-0.0442268551459166,0.0005794646730010247,0.010215358808636665,-0.0012423553271219134,-0.016423270626517567,2
2025/05/07 10:31:21.355666064,1746606681,346973277,piren,vessel_center,252.39536022705485,1018.2728270422666,-40.81243868205729,-0.010898396929311362,-0.012854434084194757,0.04382850898092633,0.9988969167382865,-0.21355056148086055,-0.05829124074243748,-0.011005110364220586,0.010553012602031231,-0.005347041413187981,-0.014199698299740653,2
2025/05/07 10:31:21.755206108,1746606681,752150915,piren,vessel_center,252.29958793100135,1018.2452805754314,-40.81804495328275,-0.0145688723921344,-0.013857593034014893,0.03977652249186085,0.9990062779237074,-0.21283668482285498,-0.061122011490169936,-0.012413526701607183,0.008770173415541649,0.0037989637348800898,-0.016751324195634226,2
2025/05/07 10:31:22.175870838,1746606682,166547716,piren,vessel_center,252.22073453575334,1018.2312462271312,-40.81952226310894,-0.014966124611906021,-0.013926786064553333,0.03127175744497121,0.9993018247408119,-0.19925022128995784,-0.03860513158297192,-0.004872243681972991,0.0003425793256610632,-0.002164475852623582,-0.03167227727685462,2
2025/05/07 10:31:22.595769624,1746606682,592087861,piren,vessel_center,252.1547657308898,1018.2240976868501,-40.817924802011426,-0.017064367803784775,-0.014509998748969037,0.013568892856415885,0.9996570173986743,-0.16605990072132476,-0.01856174731847216,0.0036979896256923847,0.007663997821509838,-0.007677049841731787,-0.05018289625630637,2
2025/05/07 10:31:23.2426238,1746606682,999277074,piren,vessel_center,252.08744299340938,1018.2242056316734,-40.81491192281758,-0.014425154024136763,-0.013055336520489708,-0.003693242261501652,0.9998038973125253,-0.1500961353017144,-0.0003589223565542178,0.006598318643807529,0.012021833099424839,-0.00042762095108628273,-0.054188666572568406,2
2025/05/07 10:31:23.389997524,1746606683,386077733,piren,vessel_center,252.03451198451387,1018.2226407634362,-40.8133604578385,-0.014924875874505987,-0.012289342810287257,-0.014609406577196941,0.9997063495711549,-0.1510161588789058,-0.0034613573356183456,0.0049673624323134345,0.003073950530961156,0.0010434379801154137,-0.06568069994257669,2
2025/05/07 10:31:23.791743074,1746606683,787353538,piren,vessel_center,251.97037882445878,1018.2207639803144,-40.80964914485997,-0.01443632715515443,-0.011958860257524595,-0.028989282588133596,0.999403922152918,-0.15999134571197804,-0.004648620772150139,0.00912724000563689,0.002413644455373287,-0.008742374368011951,-0.05420606561660191,2
2025/05/07 10:31:24.231760693,1746606684,204893729,piren,vessel_center,251.8941658875287,1018.2151330314313,-40.80832727205537,-0.012463972283027636,-0.012834951755882517,-0.040114184869052306,0.9990349170978178,-0.16901453620939694,-0.012280613944585753,0.003114737555108645,0.007655892986804247,-0.000650523928925395,-0.05615089542886049,2
2025/05/07 10:31:24.616117979,1746606684,611193143,piren,vessel_center,251.8237266330003,1018.2012894336317,-40.814543955625794,-0.014679458522311978,-0.012752643442915053,-0.05027597471323982,0.9985460479864429,-0.17514216520626152,-0.03151639452162283,-0.012955654479367196,0.009083451703190804,0.002732457360252738,-0.061693848206157365,2
2025/05/07 10:31:25.35273195,1746606685,31326406,piren,vessel_center,251.75400097187676,1018.1891050697528,-40.81894160022741,-0.015438068140593252,-0.012673753058118478,-0.0646038585886055,0.997711072150135,-0.1744758644332703,-0.030616016675685503,-0.011270226593285271,0.010857891291379929,0.001227593864314258,-0.05897119670679195,2
2025/05/07 10:31:25.511557613,1746606685,498492931,piren,vessel_center,251.67995599133363,1018.1839996138685,-40.819376871371986,-0.015998241443013237,-0.010127533496430221,-0.07743458866529541,0.9968176231459024,-0.16365044644164728,-0.00966817126736726,-7.146100730319807e-05,0.009031477384269238,0.005822716746479273,-0.051795013124062206,2
2025/05/07 10:31:25.918288736,1746606685,906423120,piren,vessel_center,251.61549661080946,1018.1869810966641,-40.815211031374126,-0.013686559752795976,-0.011880692038817427,-0.0844452637401442,0.9962632808001455,-0.14391315013078812,0.006125735651948953,0.00897286511601014,0.0045150998048484325,0.010159455239772797,-0.04979974502379698,2
2025/05/07 10:31:26.329052017,1746606686,325174856,piren,vessel_center,251.56013700513898,1018.1898352050143,-40.815016944966786,-0.013484691459702387,-0.011291891717780332,-0.09552905966307204,0.9952712469661524,-0.13911080376678883,0.006994382327502417,0.001650043698134639,0.004571608267724514,-0.00047792753321118653,-0.05568623440032341,2
2025/05/07 10:31:26.738471385,1746606686,735144098,piren,vessel_center,251.50643003714873,1018.2042267815664,-40.81603924690616,-0.01564153720460949,-0.010951288509422097,-0.10484329927890712,0.9943054330487054,-0.13446352896542038,0.03498441960400657,-0.0024108765210996367,0.0021245286334306,0.0035919402725994587,-0.0471772350497864,2
2025/05/07 10:31:27.155916839,1746606687,152000528,piren,vessel_center,251.4578554121778,1018.2394903309942,-40.812505350827834,-0.016973460725537938,-0.011601857503269466,-0.1142000272115954,0.9932450112224795,-0.10863403784555857,0.07718335000645299,0.007576006610952434,-0.004192893858999014,0.0017964639700949192,-0.047444753488282795,2
2025/05/07 10:31:27.579074223,1746606687,553987600,piren,vessel_center,251.4418155639782,1018.273419662166,-40.80765854508072,-0.01763348422752208,-0.010607110943951942,-0.12356708113490998,0.9921228381058563,-0.04948553189378772,0.08377452056320168,0.011494701792196381,-0.0006844620802439749,-0.00016511604189872742,-0.055359003730188774,2
2025/05/07 10:31:27.972121673,1746606687,968564771,piren,vessel_center,251.46755201413754,1018.2872750710591,-40.806848290838005,-0.016512702664678424,-0.009649489522245739,-0.1376190098009717,0.9903005736361401,0.048473177077903794,0.04151038303762095,0.003348276390437421,-0.0008767454419285059,-0.0004426109080668539,-0.05494688196927035,2
2025/05/07 10:31:28.387548154,1746606688,384287342,piren,vessel_center,251.52989901207218,1018.2745530598314,-40.81028425361396,-0.014287432660024376,-0.00927263144799969,-0.14560062177106148,0.9891968188959643,0.14093583006342694,-0.021618690932427957,-0.006930906724329543,0.00025572808226570487,0.001189952134154737,-0.046768199596698166,2
2025/05/07 10:31:28.796019518,1746606688,792895152,piren,vessel_center,251.62223048582155,1018.2453250941895,-40.810113530466495,-0.01406704533248436,-0.011264862282749654,-0.15357806718944006,0.9879721647858913,0.2277053093954694,-0.07128477570877303,0.0001719613056082375,0.00472767511382699,0.0024551162496209145,-0.04671769454579229,2
2025/05/07 10:31:29.221317944,1746606689,210365017,piren,vessel_center,251.75419404350146,1018.2084250354969,-40.80252207183336,-0.01589261127105405,-0.010049321910804012,-0.16347344364540128,0.9863685260889228,0.2913119593580634,-0.08168398804818944,0.016373790551790578,0.000497888948302716,0.0032401997596025467,-0.0446129464012166,2
2025/05/07 10:31:29.645581725,1746606689,641422974,piren,vessel_center,251.90060985818246,1018.1773586915516,-40.80024148765295,-0.017770916191525533,-0.009545232781101542,-0.17304375902068309,0.9847075406093224,0.36262730447101627,-0.07763245060714334,0.006059611604246173,0.0007957041379995644,-0.0040670279413461685,-0.04936007439420363,2
2025/05/07 10:31:30.141092386,1746606690,137133783,piren,vessel_center,252.11115022830504,1018.1314604675698,-40.80282913388269,-0.01557237216544179,-0.01119031403291986,-0.18909717800992965,0.9817711216804387,0.4341549034829998,-0.09494493718721068,-0.007543545318134148,0.001508168876171112,-0.0014027728466317058,-0.0449389994534339,2
2025/05/07 10:31:30.576909474,1746606690,572891320,piren,vessel_center,252.3257478597358,1018.0731391758759,-40.81250417443888,-0.017187100086240668,-0.009877920155696994,-0.19575334699770464,0.9804527818427665,0.47552721952754406,-0.12853109620073164,-0.021071885036553748,-0.005891445092856884,-0.0025916744489222765,-0.04405610033858064,2
2025/05/07 10:31:31.108297060,1746606691,104494985,piren,vessel_center,252.62078035007067,1017.9905154625895,-40.82147481921273,-0.01491811895034322,-0.008035610974845545,-0.20999399694604184,0.9775558295718306,0.547677603570651,-0.15422914474920624,-0.0154377747677358,-0.0025842159520834684,-0.005859421566128731,-0.0442944593007208,2
2025/05/07 10:31:31.535344368,1746606691,530008112,piren,vessel_center,252.86895483556614,1017.9157423819945,-40.81939225329809,-0.015615230231296313,-0.009140103489781164,-0.21494218424934852,0.9764591545595437,0.6101508141182879,-0.18234599407805951,0.0023556732801126128,0.006801860872656107,-0.0017686570063233376,-0.0473108758182941,2
2025/05/07 10:31:32.32898024,1746606692,21794218,piren,vessel_center,253.19492338741745,1017.8132467520461,-40.813158481543425,-0.01741697616370418,-0.007994718552678894,-0.22789090527281952,0.9734980578873855,0.6553086470619067,-0.2067890562355388,0.013254675113296387,-0.008619028143584728,-0.009905071929097176,-0.03890733186714228,2
2025/05/07 10:31:32.442117196,1746606692,438941232,piren,vessel_center,253.4709636087959,1017.7199251763702,-40.807792656749456,-0.017299478027676684,-0.009272088051773646,-0.2287821389154801,0.973279759039706,0.6887670308764431,-0.23232202575063646,0.013407230880727681,0.001675056992098689,-0.008968857116997242,-0.0361688501323896,2
2025/05/07 10:31:32.935491138,1746606692,930886718,piren,vessel_center,253.83075529900415,1017.5874851965327,-40.80882971678216,-0.01737239671364412,-0.010262804897415365,-0.24072634978558527,0.9703832743751148,0.7208984312340594,-0.2669686496722534,-0.0032421734752631007,-0.008037671446800232,-0.0031820901203900576,-0.03581968369796728,2
2025/05/07 10:31:33.364232565,1746606693,347067870,piren,vessel_center,254.12129316628855,1017.4720635060826,-40.811645970307396,-0.01642793254944192,-0.010936006659613539,-0.24253161676279564,0.9699427517440997,0.7277827095523439,-0.2884408424922186,-0.006922528830557396,0.006973398383706808,0.0008512507192790508,-0.031005043757584318,2
2025/05/07 10:31:33.764268923,1746606693,760761846,piren,vessel_center,254.45477354413828,1017.3315890204091,-40.80741449344796,-0.017906023377828033,-0.00978253299772305,-0.24831924216590168,0.968463334538326,0.7406255062701352,-0.3113871646203734,0.008869896677833862,0.0017335694283246994,-0.0028276743832975626,-0.030285023031341313,2
2025/05/07 10:31:34.166058174,1746606694,162350111,piren,vessel_center,254.7501419931312,1017.2097127699487,-40.79752925415625,-0.017098837222552125,-0.010692828432886907,-0.2522800908727316,0.9674440805209301,0.7387076961946154,-0.3055935472558304,0.022564450021405988,0.007129907142370939,-0.003937353380024433,-0.030806188776049247,2
2025/05/07 10:31:34.661097752,1746606694,656537308,piren,vessel_center,255.09654542431196,1017.0658077784586,-40.78562426935241,-0.016842482741483717,-0.00926831997698849,-0.2609898478548427,0.9651501066345137,0.6891177233916328,-0.28637635209370277,0.023900557659959572,0.003112377133220434,-0.0018843896687030792,-0.028001126323137168,2
2025/05/07 10:31:35.67062807,1746606695,62835115,piren,vessel_center,255.34331610902828,1016.9638814517167,-40.78176119303388,-0.01687465364357614,-0.00918176182718187,-0.26260059462695745,0.9647133610641696,0.6269542631621111,-0.25920016339705404,0.011639770950063208,4.5156128180678934e-05,-0.0015330929309129715,-0.027907773153568523,2
2025/05/07 10:31:35.476284286,1746606695,472841885,piren,vessel_center,255.57644697146787,1016.8682785560677,-40.78876815228701,-0.016805646234245956,-0.009112640197847733,-0.26854576844301786,0.9630772037041595,0.5889216660724519,-0.24179646952934497,-0.013485586344614787,0.0020505785942077637,0.0014961466658860445,-0.027021884318986552,2
