time,header_stamp_secs,header_stamp_nsecs,header_frame_id,axes_0,axes_1,axes_2,axes_3,axes_4,axes_5,axes_6,axes_7,buttons_0,buttons_1,buttons_2,buttons_3,buttons_4,buttons_5,buttons_6,buttons_7,buttons_8,buttons_9,buttons_10
2025/05/07 10:40:42.749474340,1746607242,747418905,joy,-0.0,-0.0,1.0,-0.0,-0.0,1.0,0.0,0.0,0,0,0,0,0,0,0,0,0,0,0
2025/05/07 10:40:42.799702731,1746607242,797783640,joy,-0.0,-0.0,1.0,-0.0,-0.0,1.0,0.0,0.0,0,0,0,0,0,0,0,0,0,0,0
2025/05/07 10:40:42.854559733,1746607242,848210690,joy,-0.0,-0.0,1.0,-0.0,-0.0,1.0,0.0,0.0,0,0,0,0,0,0,0,0,0,0,0
2025/05/07 10:40:42.900048895,1746607242,899804536,joy,-0.0,-0.0,1.0,-0.0,-0.0,1.0,0.0,0.0,0,0,0,0,0,0,0,0,0,0,0
2025/05/07 10:40:42.964501836,1746607242,950110808,joy,-0.0,-0.0,1.0,-0.0,-0.0,1.0,0.0,0.0,0,0,0,0,0,0,0,0,0,0,0
2025/05/07 10:40:43.50008227,1746607243,49021213,joy,-0.0,-0.0,1.0,-0.0,-0.0,1.0,0.0,0.0,0,0,0,0,0,0,0,0,0,0,0
2025/05/07 10:40:43.148976041,1746607243,148699981,joy,-0.0,-0.0,1.0,-0.0,-0.0,1.0,0.0,0.0,0,0,0,0,0,0,0,0,0,0,0
2025/05/07 10:40:43.248501876,1746607243,248245571,joy,-0.0,-0.0,1.0,-0.0,-0.0,1.0,0.0,0.0,0,0,0,0,0,0,0,0,0,0,0
2025/05/07 10:40:43.299063121,1746607243,298356661,joy,-0.0,-0.0,1.0,-0.0,-0.0,1.0,0.0,0.0,0,0,0,0,0,0,0,0,0,0,0
2025/05/07 10:40:43.351343483,1746607243,349042786,joy,-0.0,-0.0,1.0,-0.0,-0.0,1.0,0.0,0.0,0,0,0,0,0,0,0,0,0,0,0
2025/05/07 10:40:43.414969376,1746607243,399169409,joy,-0.0,-0.0,1.0,-0.0,-0.0,1.0,0.0,0.0,0,0,0,0,0,0,0,0,0,0,0
2025/05/07 10:40:43.449715864,1746607243,449318338,joy,-0.0,-0.0,1.0,-0.0,-0.0,1.0,0.0,0.0,0,0,0,0,0,0,0,0,0,0,0
2025/05/07 10:40:43.510602883,1746607243,502901691,joy,-0.0,-0.0,1.0,-0.0,-0.0,1.0,0.0,0.0,0,0,0,0,0,0,0,0,0,0,0
2025/05/07 10:40:43.613046176,1746607243,602551410,joy,-0.0,-0.0,1.0,-0.0,-0.0,1.0,0.0,0.0,0,0,0,0,0,0,0,0,0,0,0
2025/05/07 10:40:43.665139730,1746607243,656935471,joy,-0.0,-0.0,1.0,-0.0,-0.0,1.0,0.0,0.0,0,0,0,0,0,0,0,0,0,0,0
2025/05/07 10:40:43.834787763,1746607243,756696148,joy,-0.0,-0.0,1.0,-0.0,-0.0,1.0,0.0,0.0,0,0,0,0,0,0,0,0,0,0,0
2025/05/07 10:40:43.835331136,1746607243,807147541,joy,-0.0,-0.0,1.0,-0.0,-0.0,1.0,0.0,0.0,0,0,0,0,0,0,0,0,0,0,0
2025/05/07 10:40:43.912226627,1746607243,908176579,joy,-0.0,-0.0,1.0,-0.0,-0.0,1.0,0.0,0.0,0,0,0,0,0,0,0,0,0,0,0
2025/05/07 10:40:44.34891401,1746607243,958401727,joy,-0.0,-0.0,1.0,-0.0,-0.0,1.0,0.0,0.0,0,0,0,0,0,0,0,0,0,0,0
2025/05/07 10:40:44.35121662,1746607244,10080914,joy,-0.0,-0.0,1.0,-0.0,-0.0,1.0,0.0,0.0,0,0,0,0,0,0,0,0,0,0,0
2025/05/07 10:40:44.109499053,1746607244,109176456,joy,-0.0,-0.0,1.0,-0.0,-0.0,1.0,0.0,0.0,0,0,0,0,0,0,0,0,0,0,0
2025/05/07 10:40:44.160408659,1746607244,159882192,joy,-0.0,-0.0,1.0,-0.0,-0.0,1.0,0.0,0.0,0,0,0,0,0,0,0,0,0,0,0
2025/05/07 10:40:44.261188340,1746607244,259295704,joy,-0.0,-0.0,1.0,-0.0,-0.0,1.0,0.0,0.0,0,0,0,0,0,0,0,0,0,0,0
2025/05/07 10:40:44.394338085,1746607244,309594034,joy,-0.0,-0.0,1.0,-0.0,-0.0,1.0,0.0,0.0,0,0,0,0,0,0,0,0,0,0,0
2025/05/07 10:40:44.402308560,1746607244,359620097,joy,-0.0,-0.0,1.0,-0.0,-0.0,1.0,0.0,0.0,0,0,0,0,0,0,0,0,0,0,0
2025/05/07 10:40:44.459945154,1746607244,459657682,joy,-0.0,-0.0,1.0,-0.0,-0.0,1.0,0.0,0.0,0,0,0,0,0,0,0,0,0,0,0
2025/05/07 10:40:44.537249838,1746607244,510091104,joy,-0.0,-0.0,1.0,-0.0,-0.0,1.0,0.0,0.0,0,0,0,0,0,0,0,0,0,0,0
2025/05/07 10:40:44.610788025,1746607244,609559812,joy,-0.0,-0.0,1.0,-0.0,-0.0,1.0,0.0,0.0,0,0,0,0,0,0,0,0,0,0,0
2025/05/07 10:40:44.725304244,1746607244,709743959,joy,-0.0,-0.0,1.0,-0.0,-0.0,1.0,0.0,0.0,0,0,0,0,0,0,0,0,0,0,0
2025/05/07 10:40:44.789693821,1746607244,760275845,joy,-0.0,-0.0,1.0,-0.0,-0.0,1.0,0.0,0.0,0,0,0,0,0,0,0,0,0,0,0
2025/05/07 10:40:44.855599450,1746607244,810924066,joy,-0.0,-0.0,1.0,-0.0,-0.0,1.0,0.0,0.0,0,0,0,0,0,0,0,0,0,0,0
2025/05/07 10:40:45.125512472,1746607244,912232285,joy,-0.0,-0.0,1.0,-0.0,-0.0,1.0,0.0,0.0,0,0,0,0,0,0,0,0,0,0,0
2025/05/07 10:40:45.125599925,1746607244,963256351,joy,-0.0,-0.0,1.0,-0.0,-0.0,1.0,0.0,0.0,0,0,0,0,0,0,0,0,0,0,0
2025/05/07 10:40:45.125642799,1746607245,14091273,joy,-0.0,-0.0,1.0,-0.0,-0.0,1.0,0.0,0.0,0,0,0,0,0,0,0,0,0,0,0
2025/05/07 10:40:45.125683815,1746607245,112707323,joy,-0.0,-0.0,1.0,-0.0,-0.0,1.0,0.0,0.0,0,0,0,0,0,0,0,0,0,0,0
2025/05/07 10:40:45.254373504,1746607245,212584328,joy,-0.0,-0.0,1.0,-0.0,-0.0,1.0,0.0,0.0,0,0,0,0,0,0,0,0,0,0,0
2025/05/07 10:40:45.263590166,1746607245,263216044,joy,-0.0,-0.0,1.0,-0.0,-0.0,1.0,0.0,0.0,0,0,0,0,0,0,0,0,0,0,0
2025/05/07 10:40:45.314415747,1746607245,314223553,joy,-0.0,-0.0,1.0,-0.0,-0.0,1.0,0.0,0.0,0,0,0,0,0,0,0,0,0,0,0
2025/05/07 10:40:45.382851880,1746607245,367239848,joy,-0.0,-0.0,1.0,-0.0,-0.0,1.0,0.0,0.0,0,0,0,0,0,0,0,0,0,0,0
2025/05/07 10:40:45.421802403,1746607245,421564159,joy,-0.0,-0.0,1.0,-0.0,-0.0,1.0,0.0,0.0,0,0,0,0,0,0,0,0,0,0,0
2025/05/07 10:40:45.523944416,1746607245,471947475,joy,-0.0,-0.0,1.0,-0.0,-0.0,1.0,0.0,0.0,0,0,0,0,0,0,0,0,0,0,0
2025/05/07 10:40:45.576379683,1746607245,571886026,joy,-0.0,-0.0,1.0,-0.0,-0.0,1.0,0.0,0.0,0,0,0,0,0,0,0,0,0,0,0
2025/05/07 10:40:45.671955963,1746607245,671698403,joy,-0.0,-0.0,1.0,-0.0,-0.0,1.0,0.0,0.0,0,0,0,0,0,0,0,0,0,0,0
2025/05/07 10:40:45.806340696,1746607245,772236069,joy,-0.0,-0.0,1.0,-0.0,-0.0,1.0,0.0,0.0,0,0,0,0,0,0,0,0,0,0,0
2025/05/07 10:40:45.854992586,1746607245,822993454,joy,-0.0,-0.0,1.0,-0.0,-0.0,1.0,0.0,0.0,0,0,0,0,0,0,0,0,0,0,0
2025/05/07 10:40:45.877015361,1746607245,873748744,joy,-0.0,-0.0,1.0,-0.0,-0.0,1.0,0.0,0.0,0,0,0,0,0,0,0,0,0,0,0
2025/05/07 10:40:45.925221913,1746607245,924675832,joy,-0.0,-0.0,1.0,-0.0,-0.0,1.0,0.0,0.0,0,0,0,0,0,0,0,0,0,0,0
2025/05/07 10:40:45.978631107,1746607245,978091242,joy,-0.0,-0.0,1.0,-0.0,-0.0,1.0,0.0,0.0,0,0,0,0,0,0,0,0,0,0,0
2025/05/07 10:40:46.93044493,1746607246,78089851,joy,-0.0,-0.0,1.0,-0.0,-0.0,1.0,0.0,0.0,0,0,0,0,0,0,0,0,0,0,0
2025/05/07 10:40:46.220567097,1746607246,179045022,joy,-0.0,-0.0,1.0,-0.0,-0.0,1.0,0.0,0.0,0,0,0,0,0,0,0,0,0,0,0
2025/05/07 10:40:46.279109623,1746607246,278592886,joy,-0.0,-0.0,1.0,-0.0,-0.0,1.0,0.0,0.0,0,0,0,0,0,0,0,0,0,0,0
2025/05/07 10:40:46.373078169,1746607246,328888393,joy,-0.0,-0.0,1.0,-0.0,-0.0,1.0,0.0,0.0,0,0,0,0,0,0,0,0,0,0,0
2025/05/07 10:40:46.386665237,1746607246,379172269,joy,-0.0,-0.0,1.0,-0.0,-0.0,1.0,0.0,0.0,0,0,0,0,0,0,0,0,0,0,0
2025/05/07 10:40:46.431021824,1746607246,429234298,joy,-0.0,-0.0,1.0,-0.0,-0.0,1.0,0.0,0.0,0,0,0,0,0,0,0,0,0,0,0
2025/05/07 10:40:46.480958242,1746607246,479400381,joy,-0.0,-0.0,1.0,-0.0,-0.0,1.0,0.0,0.0,0,0,0,0,0,0,0,0,0,0,0
2025/05/07 10:40:46.531175565,1746607246,529813048,joy,-0.0,-0.0,1.0,-0.0,-0.0,1.0,0.0,0.0,0,0,0,0,0,0,0,0,0,0,0
2025/05/07 10:40:46.580367138,1746607246,579824904,joy,-0.0,-0.0,1.0,-0.0,-0.0,1.0,0.0,0.0,0,0,0,0,0,0,0,0,0,0,0
2025/05/07 10:40:46.633679284,1746607246,633392863,joy,-0.0,-0.0,1.0,-0.0,-0.0,1.0,0.0,0.0,0,0,0,0,0,0,0,0,0,0,0
2025/05/07 10:40:46.684414890,1746607246,684205056,joy,-0.0,-0.0,1.0,-0.0,-0.0,1.0,0.0,0.0,0,0,0,0,0,0,0,0,0,0,0
2025/05/07 10:40:46.735894028,1746607246,735302372,joy,-0.0,-0.0,1.0,-0.0,-0.0,1.0,0.0,0.0,0,0,0,0,0,0,0,0,0,0,0
2025/05/07 10:40:46.786300338,1746607246,785548621,joy,-0.0,-0.0,1.0,-0.0,-0.0,1.0,0.0,0.0,0,0,0,0,0,0,0,0,0,0,0
2025/05/07 10:40:46.844737097,1746607246,843858986,joy,-0.0,-0.0,1.0,-0.0,-0.0,1.0,0.0,0.0,0,0,0,0,0,0,0,0,0,0,0
2025/05/07 10:40:46.896275074,1746607246,894324670,joy,-0.0,-0.0,1.0,-0.0,-0.0,1.0,0.0,0.0,0,0,0,0,0,0,0,0,0,0,0
2025/05/07 10:40:46.946316146,1746607246,945976883,joy,-0.0,-0.0,1.0,-0.0,-0.0,1.0,0.0,0.0,0,0,0,0,0,0,0,0,0,0,0
2025/05/07 10:40:46.997916071,1746607246,997366826,joy,-0.0,-0.0,1.0,-0.0,-0.0,1.0,0.0,0.0,0,0,0,0,0,0,0,0,0,0,0
2025/05/07 10:40:47.52408431,1746607247,51980670,joy,-0.0,-0.0,1.0,-0.0,-0.0,1.0,0.0,0.0,0,0,0,0,0,0,0,0,0,0,0
2025/05/07 10:40:47.103219943,1746607247,102094779,joy,-0.0,-0.0,1.0,-0.0,-0.0,1.0,0.0,0.0,0,0,0,0,0,0,0,0,0,0,0
2025/05/07 10:40:47.201835896,1746607247,201300754,joy,-0.0,-0.0,1.0,-0.0,-0.0,1.0,0.0,0.0,0,0,0,0,0,0,0,0,0,0,0
2025/05/07 10:40:47.252310531,1746607247,252026499,joy,-0.0,-0.0,1.0,-0.0,-0.0,1.0,0.0,0.0,0,0,0,0,0,0,0,0,0,0,0
2025/05/07 10:40:47.302500977,1746607247,302190808,joy,-0.0,-0.0,1.0,-0.0,-0.0,1.0,0.0,0.0,0,0,0,0,0,0,0,0,0,0,0
2025/05/07 10:40:47.352844630,1746607247,352315523,joy,-0.0,-0.0,1.0,-0.0,-0.0,1.0,0.0,0.0,0,0,0,0,0,0,0,0,0,0,0
2025/05/07 10:40:47.403609029,1746607247,403070978,joy,-0.0,-0.0,1.0,-0.0,-0.0,1.0,0.0,0.0,0,0,0,0,0,0,0,0,0,0,0
2025/05/07 10:40:47.503547414,1746607247,503278141,joy,-0.0,-0.0,1.0,-0.0,-0.0,1.0,0.0,0.0,0,0,0,0,0,0,0,0,0,0,0
2025/05/07 10:40:47.554884214,1746607247,553712342,joy,-0.0,-0.0,1.0,-0.0,-0.0,1.0,0.0,0.0,0,0,0,0,0,0,0,0,0,0,0
2025/05/07 10:40:47.605266113,1746607247,604212950,joy,-0.0,-0.0,1.0,-0.0,-0.0,1.0,0.0,0.0,0,0,0,0,0,0,0,0,0,0,0
2025/05/07 10:40:47.654825153,1746607247,654492105,joy,-0.0,-0.0,1.0,-0.0,-0.0,1.0,0.0,0.0,0,0,0,0,0,0,0,0,0,0,0
2025/05/07 10:40:47.705563745,1746607247,705102033,joy,-0.0,-0.0,1.0,-0.0,-0.0,1.0,0.0,0.0,0,0,0,0,0,0,0,0,0,0,0
2025/05/07 10:40:47.804910166,1746607247,804534021,joy,-0.0,-0.0,1.0,-0.0,-0.0,1.0,0.0,0.0,0,0,0,0,0,0,0,0,0,0,0
2025/05/07 10:40:47.906973600,1746607247,906167810,joy,-0.0,-0.0,1.0,-0.0,-0.0,1.0,0.0,0.0,0,0,0,0,0,0,0,0,0,0,0
2025/05/07 10:40:47.957150716,1746607247,956327523,joy,-0.0,-0.0,1.0,-0.0,-0.0,1.0,0.0,0.0,0,0,0,0,0,0,0,0,0,0,0
2025/05/07 10:40:48.13367301,1746607248,9931993,joy,-0.0,-0.0,1.0,-0.0,-0.0,1.0,0.0,0.0,0,0,0,0,0,0,0,0,0,0,0
2025/05/07 10:40:48.109732259,1746607248,109399953,joy,-0.0,-0.0,1.0,-0.0,-0.0,1.0,0.0,0.0,0,0,0,0,0,0,0,0,0,0,0
2025/05/07 10:40:48.159913762,1746607248,159459236,joy,-0.0,-0.0,1.0,-0.0,-0.0,1.0,0.0,0.0,0,0,0,0,0,0,0,0,0,0,0
2025/05/07 10:40:48.210670180,1746607248,210309565,joy,-0.0,-0.0,1.0,-0.0,-0.0,1.0,0.0,0.0,0,0,0,0,0,0,0,0,0,0,0
2025/05/07 10:40:48.260911637,1746607248,260516048,joy,-0.0,-0.0,1.0,-0.0,-0.0,1.0,0.0,0.0,0,0,0,0,0,0,0,0,0,0,0
2025/05/07 10:40:48.310808399,1746607248,310542511,joy,-0.0,-0.0,1.0,-0.0,-0.0,1.0,0.0,0.0,0,0,0,0,0,0,0,0,0,0,0
2025/05/07 10:40:48.360816133,1746607248,360545754,joy,-0.0,-0.0,1.0,-0.0,-0.0,1.0,0.0,0.0,0,0,0,0,0,0,0,0,0,0,0
2025/05/07 10:40:48.462401890,1746607248,461436023,joy,-0.0,-0.0,1.0,-0.0,-0.0,1.0,0.0,0.0,0,0,0,0,0,0,0,0,0,0,0
2025/05/07 10:40:48.512035123,1746607248,511538162,joy,-0.0,-0.0,1.0,-0.0,-0.0,1.0,0.0,0.0,0,0,0,0,0,0,0,0,0,0,0
2025/05/07 10:40:48.611720793,1746607248,611331237,joy,-0.0,-0.0,1.0,-0.0,-0.0,1.0,0.0,0.0,0,0,0,0,0,0,0,0,0,0,0
2025/05/07 10:40:48.662712325,1746607248,662344534,joy,-0.0,-0.0,1.0,-0.0,-0.0,1.0,0.0,0.0,0,0,0,0,0,0,0,0,0,0,0
2025/05/07 10:40:48.713138125,1746607248,712549929,joy,-0.0,-0.0,1.0,-0.0,-0.0,1.0,0.0,0.0,0,0,0,0,0,0,0,0,0,0,0
2025/05/07 10:40:48.763329240,1746607248,762997787,joy,-0.0,-0.0,1.0,-0.0,-0.0,1.0,0.0,0.0,0,0,0,0,0,0,0,0,0,0,0
2025/05/07 10:40:48.816855801,1746607248,813506357,joy,-0.0,-0.0,1.0,-0.0,-0.0,1.0,0.0,0.0,0,0,0,0,0,0,0,0,0,0,0
2025/05/07 10:40:48.864563456,1746607248,864263749,joy,-0.0,-0.0,1.0,-0.0,-0.0,1.0,0.0,0.0,0,0,0,0,0,0,0,0,0,0,0
2025/05/07 10:40:48.916091342,1746607248,915581931,joy,-0.0,-0.0,1.0,-0.0,-0.0,1.0,0.0,0.0,0,0,0,0,0,0,0,0,0,0,0
2025/05/07 10:40:48.965911752,1746607248,965652982,joy,-0.0,-0.0,1.0,-0.0,-0.0,1.0,0.0,0.0,0,0,0,0,0,0,0,0,0,0,0
2025/05/07 10:40:49.64795184,1746607249,64551029,joy,-0.0,-0.0,1.0,-0.0,-0.0,1.0,0.0,0.0,0,0,0,0,0,0,0,0,0,0,0
2025/05/07 10:40:49.165433208,1746607249,165197145,joy,-0.0,-0.0,1.0,-0.0,-0.0,1.0,0.0,0.0,0,0,0,0,0,0,0,0,0,0,0
2025/05/07 10:40:49.264670192,1746607249,264348000,joy,-0.0,-0.0,1.0,-0.0,-0.0,1.0,0.0,0.0,0,0,0,0,0,0,0,0,0,0,0
2025/05/07 10:40:49.365254470,1746607249,365025836,joy,-0.0,-0.0,1.0,-0.0,-0.0,1.0,0.0,0.0,0,0,0,0,0,0,0,0,0,0,0
2025/05/07 10:40:49.464861185,1746607249,464594067,joy,-0.0,-0.0,1.0,-0.0,-0.0,1.0,0.0,0.0,0,0,0,0,0,0,0,0,0,0,0
2025/05/07 10:40:49.515511516,1746607249,515259455,joy,-0.0,-0.0,1.0,-0.0,-0.0,1.0,0.0,0.0,0,0,0,0,0,0,0,0,0,0,0
2025/05/07 10:40:49.595257069,1746607249,566384133,joy,-0.0,-0.0,1.0,-0.0,-0.0,1.0,0.0,0.0,0,0,0,0,0,0,0,0,0,0,0
2025/05/07 10:40:49.617305590,1746607249,616989699,joy,-0.0,-0.0,1.0,-0.0,-0.0,1.0,0.0,0.0,0,0,0,0,0,0,0,0,0,0,0
2025/05/07 10:40:49.716637618,1746607249,716426468,joy,-0.0,-0.0,1.0,-0.0,-0.0,1.0,0.0,0.0,0,0,0,0,0,0,0,0,0,0,0
2025/05/07 10:40:49.767620569,1746607249,767064533,joy,-0.0,-0.0,1.0,-0.0,-0.0,1.0,0.0,0.0,0,0,0,0,0,0,0,0,0,0,0
2025/05/07 10:40:49.866530632,1746607249,866276460,joy,-0.0,-0.0,1.0,-0.0,-0.0,1.0,0.0,0.0,0,0,0,0,0,0,0,0,0,0,0
2025/05/07 10:40:49.918110346,1746607249,917947512,joy,-0.0,-0.0,1.0,-0.0,-0.0,1.0,0.0,0.0,0,0,0,0,0,0,0,0,0,0,0
2025/05/07 10:40:50.18544540,1746607250,18332579,joy,-0.0,-0.0,1.0,-0.0,-0.0,1.0,0.0,0.0,0,0,0,0,0,0,0,0,0,0,0
2025/05/07 10:40:50.118146164,1746607250,117956947,joy,-0.0,-0.0,1.0,-0.0,-0.0,1.0,0.0,0.0,0,0,0,0,0,0,0,0,0,0,0
2025/05/07 10:40:50.219633802,1746607250,218531123,joy,-0.0,-0.0,1.0,-0.0,-0.0,1.0,0.0,0.0,0,0,0,0,0,0,0,0,0,0,0
2025/05/07 10:40:50.269544262,1746607250,269331467,joy,-0.0,-0.0,1.0,-0.0,-0.0,1.0,0.0,0.0,0,0,0,0,0,0,0,0,0,0,0
2025/05/07 10:40:50.320353440,1746607250,320198747,joy,-0.0,-0.0,1.0,-0.0,-0.0,1.0,0.0,0.0,0,0,0,0,0,0,0,0,0,0,0
2025/05/07 10:40:50.419735981,1746607250,419586839,joy,-0.0,-0.0,1.0,-0.0,-0.0,1.0,0.0,0.0,0,0,0,0,0,0,0,0,0,0,0
2025/05/07 10:40:50.470350604,1746607250,470143772,joy,-0.0,-0.0,1.0,-0.0,-0.0,1.0,0.0,0.0,0,0,0,0,0,0,0,0,0,0,0
2025/05/07 10:40:50.570009041,1746607250,569802479,joy,-0.0,-0.0,1.0,-0.0,-0.0,1.0,0.0,0.0,0,0,0,0,0,0,0,0,0,0,0
2025/05/07 10:40:50.670263987,1746607250,670049507,joy,-0.0,-0.0,1.0,-0.0,-0.0,1.0,0.0,0.0,0,0,0,0,0,0,0,0,0,0,0
2025/05/07 10:40:50.770509815,1746607250,770321184,joy,-0.0,-0.0,1.0,-0.0,-0.0,1.0,0.0,0.0,0,0,0,0,0,0,0,0,0,0,0
2025/05/07 10:40:50.821077576,1746607250,820883001,joy,-0.0,-0.0,1.0,-0.0,-0.0,1.0,0.0,0.0,0,0,0,0,0,0,0,0,0,0,0
2025/05/07 10:40:50.922454476,1746607250,922288082,joy,-0.0,-0.0,1.0,-0.0,-0.0,1.0,0.0,0.0,0,0,0,0,0,0,0,0,0,0,0
2025/05/07 10:40:50.972653986,1746607250,972446935,joy,-0.0,-0.0,1.0,-0.0,-0.0,1.0,0.0,0.0,0,0,0,0,0,0,0,0,0,0,0
2025/05/07 10:40:51.23387694,1746607251,23259455,joy,-0.0,-0.0,1.0,-0.0,-0.0,1.0,0.0,0.0,0,0,0,0,0,0,0,0,0,0,0
2025/05/07 10:40:51.123197839,1746607251,122957433,joy,-0.0,-0.0,1.0,-0.0,-0.0,1.0,0.0,0.0,0,0,0,0,0,0,0,0,0,0,0
2025/05/07 10:40:51.223267846,1746607251,223037387,joy,-0.0,-0.0,1.0,-0.0,-0.0,1.0,0.0,0.0,0,0,0,0,0,0,0,0,0,0,0
2025/05/07 10:40:51.322467629,1746607251,322296242,joy,-0.0,-0.0,1.0,-0.0,-0.0,1.0,0.0,0.0,0,0,0,0,0,0,0,0,0,0,0
2025/05/07 10:40:51.373199828,1746607251,373003784,joy,-0.0,-0.0,1.0,-0.0,-0.0,1.0,0.0,0.0,0,0,0,0,0,0,0,0,0,0,0
2025/05/07 10:40:51.473277941,1746607251,473012876,joy,-0.0,-0.0,1.0,-0.0,-0.0,1.0,0.0,0.0,0,0,0,0,0,0,0,0,0,0,0
2025/05/07 10:40:51.573646772,1746607251,573205984,joy,-0.0,-0.0,1.0,-0.0,-0.0,1.0,0.0,0.0,0,0,0,0,0,0,0,0,0,0,0
2025/05/07 10:40:51.672745474,1746607251,672554499,joy,-0.0,-0.0,1.0,-0.0,-0.0,1.0,0.0,0.0,0,0,0,0,0,0,0,0,0,0,0
2025/05/07 10:40:51.723515337,1746607251,723287222,joy,-0.0,-0.0,1.0,-0.0,-0.0,1.0,0.0,0.0,0,0,0,0,0,0,0,0,0,0,0
2025/05/07 10:40:51.774372216,1746607251,774155185,joy,-0.0,-0.0,1.0,-0.0,-0.0,1.0,0.0,0.0,0,0,0,0,0,0,0,0,0,0,0
2025/05/07 10:40:51.873760847,1746607251,873510587,joy,-0.0,-0.0,1.0,-0.0,-0.0,1.0,0.0,0.0,0,0,0,0,0,0,0,0,0,0,0
2025/05/07 10:40:51.925514631,1746607251,925213175,joy,-0.0,-0.0,1.0,-0.0,-0.0,1.0,0.0,0.0,0,0,0,0,0,0,0,0,0,0,0
2025/05/07 10:40:51.976378782,1746607251,976020307,joy,-0.0,-0.0,1.0,-0.0,-0.0,1.0,0.0,0.0,0,0,0,0,0,0,0,0,0,0,0
2025/05/07 10:40:52.74974129,1746607252,74758533,joy,-0.0,-0.0,1.0,-0.0,-0.0,1.0,0.0,0.0,0,0,0,0,0,0,0,0,0,0,0
2025/05/07 10:40:52.125602944,1746607252,125141248,joy,-0.0,-0.0,1.0,-0.0,-0.0,1.0,0.0,0.0,0,0,0,0,0,0,0,0,0,0,0
2025/05/07 10:40:52.224942976,1746607252,224736463,joy,-0.0,-0.0,1.0,-0.0,-0.0,1.0,0.0,0.0,0,0,0,0,0,0,0,0,0,0,0
2025/05/07 10:40:52.325490714,1746607252,324961062,joy,-0.0,-0.0,1.0,-0.0,-0.0,1.0,0.0,0.0,0,0,0,0,0,0,0,0,0,0,0
2025/05/07 10:40:52.375534464,1746607252,375285071,joy,-0.0,-0.0,1.0,-0.0,-0.0,1.0,0.0,0.0,0,0,0,0,0,0,0,0,0,0,0
2025/05/07 10:40:52.425662415,1746607252,425490247,joy,-0.0,-0.0,1.0,-0.0,-0.0,1.0,0.0,0.0,0,0,0,0,0,0,0,0,0,0,0
2025/05/07 10:40:52.475943240,1746607252,475669090,joy,-0.0,-0.0,1.0,-0.0,-0.0,1.0,0.0,0.0,0,0,0,0,0,0,0,0,0,0,0
2025/05/07 10:40:52.576004694,1746607252,575665175,joy,-0.0,-0.0,1.0,-0.0,-0.0,1.0,0.0,0.0,0,0,0,0,0,0,0,0,0,0,0
2025/05/07 10:40:52.626397108,1746607252,626114162,joy,-0.0,-0.0,1.0,-0.0,-0.0,1.0,0.0,0.0,0,0,0,0,0,0,0,0,0,0,0
2025/05/07 10:40:52.726629222,1746607252,726346177,joy,-0.0,-0.0,1.0,-0.0,-0.0,1.0,0.0,0.0,0,0,0,0,0,0,0,0,0,0,0
2025/05/07 10:40:52.777471598,1746607252,777286747,joy,-0.0,-0.0,1.0,-0.0,-0.0,1.0,0.0,0.0,0,0,0,0,0,0,0,0,0,0,0
2025/05/07 10:40:52.828148284,1746607252,827872654,joy,-0.0,-0.0,1.0,-0.0,-0.0,1.0,0.0,0.0,0,0,0,0,0,0,0,0,0,0,0
2025/05/07 10:40:52.929513086,1746607252,929210552,joy,-0.0,-0.0,1.0,-0.0,-0.0,1.0,0.0,0.0,0,0,0,0,0,0,0,0,0,0,0
2025/05/07 10:40:53.29003050,1746607253,28579586,joy,-0.0,-0.0,1.0,-0.0,-0.0,1.0,0.0,0.0,0,0,0,0,0,0,0,0,0,0,0
2025/05/07 10:40:53.128365121,1746607253,128141977,joy,-0.0,-0.0,1.0,-0.0,-0.0,1.0,0.0,0.0,0,0,0,0,0,0,0,0,0,0,0
2025/05/07 10:40:53.178649535,1746607253,178340679,joy,-0.0,-0.0,1.0,-0.0,-0.0,1.0,0.0,0.0,0,0,0,0,0,0,0,0,0,0,0
2025/05/07 10:40:53.229053059,1746607253,228818587,joy,-0.0,-0.0,1.0,-0.0,-0.0,1.0,0.0,0.0,0,0,0,0,0,0,0,0,0,0,0
2025/05/07 10:40:53.329602462,1746607253,329308760,joy,-0.0,-0.0,1.0,-0.0,-0.0,1.0,0.0,0.0,0,0,0,0,0,0,0,0,0,0,0
2025/05/07 10:40:53.380217842,1746607253,379932306,joy,-0.0,-0.0,1.0,-0.0,-0.0,1.0,0.0,0.0,0,0,0,0,0,0,0,0,0,0,0
2025/05/07 10:40:53.430499863,1746607253,430186969,joy,-0.0,-0.0,1.0,-0.0,-0.0,1.0,0.0,0.0,0,0,0,0,0,0,0,0,0,0,0
2025/05/07 10:40:53.529991481,1746607253,529539344,joy,-0.0,-0.0,1.0,-0.0,-0.0,1.0,0.0,0.0,0,0,0,0,0,0,0,0,0,0,0
2025/05/07 10:40:53.580228826,1746607253,579866117,joy,-0.0,-0.0,1.0,-0.0,-0.0,1.0,0.0,0.0,0,0,0,0,0,0,0,0,0,0,0
2025/05/07 10:40:53.679930753,1746607253,679623227,joy,-0.0,-0.0,1.0,-0.0,-0.0,1.0,0.0,0.0,0,0,0,0,0,0,0,0,0,0,0
2025/05/07 10:40:53.779818330,1746607253,779480988,joy,-0.0,-0.0,1.0,-0.0,-0.0,1.0,0.0,0.0,0,0,0,0,0,0,0,0,0,0,0
2025/05/07 10:40:53.829830766,1746607253,829559011,joy,-0.0,-0.0,1.0,-0.0,-0.0,1.0,0.0,0.0,0,0,0,0,0,0,0,0,0,0,0
2025/05/07 10:40:53.879955050,1746607253,879677215,joy,-0.0,-0.0,1.0,-0.0,-0.0,1.0,0.0,0.0,0,0,0,0,0,0,0,0,0,0,0
2025/05/07 10:40:53.930686253,1746607253,930426438,joy,-0.0,-0.0,1.0,-0.0,-0.0,1.0,0.0,0.0,0,0,0,0,0,0,0,0,0,0,0
2025/05/07 10:40:53.981562111,1746607253,981217325,joy,-0.0,-0.0,1.0,-0.0,-0.0,1.0,0.0,0.0,0,0,0,0,0,0,0,0,0,0,0
2025/05/07 10:40:54.32503092,1746607254,32215130,joy,-0.0,-0.0,1.0,-0.0,-0.0,1.0,0.0,0.0,0,0,0,0,0,0,0,0,0,0,0
2025/05/07 10:40:54.131286570,1746607254,130742409,joy,-0.0,-0.0,1.0,-0.0,-0.0,1.0,0.0,0.0,0,0,0,0,0,0,0,0,0,0,0
2025/05/07 10:40:54.181081218,1746607254,180814924,joy,-0.0,-0.0,1.0,-0.0,-0.0,1.0,0.0,0.0,0,0,0,0,0,0,0,0,0,0,0
2025/05/07 10:40:54.281675354,1746607254,281320467,joy,-0.0,-0.0,1.0,-0.0,-0.0,1.0,0.0,0.0,0,0,0,0,0,0,0,0,0,0,0
2025/05/07 10:40:54.332207952,1746607254,331989521,joy,-0.0,-0.0,1.0,-0.0,-0.0,1.0,0.0,0.0,0,0,0,0,0,0,0,0,0,0,0
2025/05/07 10:40:54.432555771,1746607254,432307242,joy,-0.0,-0.0,1.0,-0.0,-0.0,1.0,0.0,0.0,0,0,0,0,0,0,0,0,0,0,0
2025/05/07 10:40:54.482940556,1746607254,482588269,joy,-0.0,-0.0,1.0,-0.0,-0.0,1.0,0.0,0.0,0,0,0,0,0,0,0,0,0,0,0
2025/05/07 10:40:54.533115851,1746607254,532841378,joy,-0.0,-0.0,1.0,-0.0,-0.0,1.0,0.0,0.0,0,0,0,0,0,0,0,0,0,0,0
2025/05/07 10:40:54.632987772,1746607254,632609062,joy,-0.0,-0.0,1.0,-0.0,-0.0,1.0,0.0,0.0,0,0,0,0,0,0,0,0,0,0,0
2025/05/07 10:40:54.683025177,1746607254,682762726,joy,-0.0,-0.0,1.0,-0.0,-0.0,1.0,0.0,0.0,0,0,0,0,0,0,0,0,0,0,0
2025/05/07 10:40:54.733065311,1746607254,732768860,joy,-0.0,-0.0,1.0,-0.0,-0.0,1.0,0.0,0.0,0,0,0,0,0,0,0,0,0,0,0
2025/05/07 10:40:54.833524979,1746607254,832324206,joy,-0.0,-0.0,1.0,-0.0,-0.0,1.0,0.0,0.0,0,0,0,0,0,0,0,0,0,0,0
2025/05/07 10:40:54.882639118,1746607254,882357406,joy,-0.0,-0.0,1.0,-0.0,-0.0,1.0,0.0,0.0,0,0,0,0,0,0,0,0,0,0,0
2025/05/07 10:40:54.933522610,1746607254,933310856,joy,-0.0,-0.0,1.0,-0.0,-0.0,1.0,0.0,0.0,0,0,0,0,0,0,0,0,0,0,0
2025/05/07 10:40:54.983918436,1746607254,983525499,joy,-0.0,-0.0,1.0,-0.0,-0.0,1.0,0.0,0.0,0,0,0,0,0,0,0,0,0,0,0
2025/05/07 10:40:55.83400051,1746607255,83124479,joy,-0.0,-0.0,1.0,-0.0,-0.0,1.0,0.0,0.0,0,0,0,0,0,0,0,0,0,0,0
2025/05/07 10:40:55.183396768,1746607255,183104272,joy,-0.0,-0.0,1.0,-0.0,-0.0,1.0,0.0,0.0,0,0,0,0,0,0,0,0,0,0,0
2025/05/07 10:40:55.283319875,1746607255,283040938,joy,-0.0,-0.0,1.0,-0.0,-0.0,1.0,0.0,0.0,0,0,0,0,0,0,0,0,0,0,0
2025/05/07 10:40:55.383128256,1746607255,382833430,joy,-0.0,-0.0,1.0,-0.0,-0.0,1.0,0.0,0.0,0,0,0,0,0,0,0,0,0,0,0
2025/05/07 10:40:55.482753020,1746607255,482447724,joy,-0.0,-0.0,1.0,-0.0,-0.0,1.0,0.0,0.0,0,0,0,0,0,0,0,0,0,0,0
2025/05/07 10:40:55.542217802,1746607255,533283507,joy,-0.0,-0.0,1.0,-0.0,-0.0,1.0,0.0,0.0,0,0,0,0,0,0,0,0,0,0,0
2025/05/07 10:40:55.584142060,1746607255,583875567,joy,-0.0,-0.0,1.0,-0.0,-0.0,1.0,0.0,0.0,0,0,0,0,0,0,0,0,0,0,0
2025/05/07 10:40:55.683647864,1746607255,683426030,joy,-0.0,-0.0,1.0,-0.0,-0.0,1.0,0.0,0.0,0,0,0,0,0,0,0,0,0,0,0
2025/05/07 10:40:55.784289051,1746607255,784116149,joy,-0.0,-0.0,1.0,-0.0,-0.0,1.0,0.0,0.0,0,0,0,0,0,0,0,0,0,0,0
2025/05/07 10:40:55.883653651,1746607255,883560538,joy,-0.0,-0.0,1.0,-0.0,-0.0,1.0,0.0,0.0,0,0,0,0,0,0,0,0,0,0,0
2025/05/07 10:40:55.935490609,1746607255,935328756,joy,-0.0,-0.0,1.0,-0.0,-0.0,1.0,0.0,0.0,0,0,0,0,0,0,0,0,0,0,0
2025/05/07 10:40:55.986530616,1746607255,986353344,joy,-0.0,-0.0,1.0,-0.0,-0.0,1.0,0.0,0.0,0,0,0,0,0,0,0,0,0,0,0
2025/05/07 10:40:56.37404535,1746607256,37198365,joy,-0.0,-0.0,1.0,-0.0,-0.0,1.0,0.0,0.0,0,0,0,0,0,0,0,0,0,0,0
2025/05/07 10:40:56.136950352,1746607256,136076956,joy,-0.0,-0.0,1.0,-0.0,-0.0,1.0,0.0,0.0,0,0,0,0,0,0,0,0,0,0,0
2025/05/07 10:40:56.187381138,1746607256,187207704,joy,-0.0,-0.0,1.0,-0.0,-0.0,1.0,0.0,0.0,0,0,0,0,0,0,0,0,0,0,0
2025/05/07 10:40:56.237517554,1746607256,237228936,joy,-0.0,-0.0,1.0,-0.0,-0.0,1.0,0.0,0.0,0,0,0,0,0,0,0,0,0,0,0
2025/05/07 10:40:56.288469948,1746607256,288317287,joy,-0.0,-0.0,1.0,-0.0,-0.0,1.0,0.0,0.0,0,0,0,0,0,0,0,0,0,0,0
2025/05/07 10:40:56.339259460,1746607256,339013377,joy,-0.0,-0.0,1.0,-0.0,-0.0,1.0,0.0,0.0,0,0,0,0,0,0,0,0,0,0,0
2025/05/07 10:40:56.438801237,1746607256,438646500,joy,-0.0,-0.0,1.0,-0.0,-0.0,1.0,0.0,0.0,0,0,0,0,0,0,0,0,0,0,0
2025/05/07 10:40:56.539383961,1746607256,539126408,joy,-0.0,-0.0,1.0,-0.0,-0.0,1.0,0.0,0.0,0,0,0,0,0,0,0,0,0,0,0
2025/05/07 10:40:56.638851978,1746607256,638696074,joy,-0.0,-0.0,1.0,-0.0,-0.0,1.0,0.0,0.0,0,0,0,0,0,0,0,0,0,0,0
2025/05/07 10:40:56.689525715,1746607256,689266145,joy,-0.0,-0.0,1.0,-0.0,-0.0,1.0,0.0,0.0,0,0,0,0,0,0,0,0,0,0,0
2025/05/07 10:40:56.740559878,1746607256,740250932,joy,-0.0,-0.0,1.0,-0.0,-0.0,1.0,0.0,0.0,0,0,0,0,0,0,0,0,0,0,0
2025/05/07 10:40:56.791369120,1746607256,791191281,joy,-0.0,-0.0,1.0,-0.0,-0.0,1.0,0.0,0.0,0,0,0,0,0,0,0,0,0,0,0
2025/05/07 10:40:56.841403014,1746607256,841193214,joy,-0.0,-0.0,1.0,-0.0,-0.0,1.0,0.0,0.0,0,0,0,0,0,0,0,0,0,0,0
2025/05/07 10:40:56.941841423,1746607256,941654731,joy,-0.0,-0.0,1.0,-0.0,-0.0,1.0,0.0,0.0,0,0,0,0,0,0,0,0,0,0,0
2025/05/07 10:40:56.991984410,1746607256,991777193,joy,-0.0,-0.0,1.0,-0.0,-0.0,1.0,0.0,0.0,0,0,0,0,0,0,0,0,0,0,0
2025/05/07 10:40:57.90656457,1746607257,90355750,joy,-0.0,-0.0,1.0,-0.0,-0.0,1.0,0.0,0.0,0,0,0,0,0,0,0,0,0,0,0
2025/05/07 10:40:57.141146002,1746607257,140919616,joy,-0.0,-0.0,1.0,-0.0,-0.0,1.0,0.0,0.0,0,0,0,0,0,0,0,0,0,0,0
2025/05/07 10:40:57.240904892,1746607257,240592480,joy,-0.0,-0.0,1.0,-0.0,-0.0,1.0,0.0,0.0,0,0,0,0,0,0,0,0,0,0,0
2025/05/07 10:40:57.291201162,1746607257,291012236,joy,-0.0,-0.0,1.0,-0.0,-0.0,1.0,0.0,0.0,0,0,0,0,0,0,0,0,0,0,0
2025/05/07 10:40:57.390480824,1746607257,390325738,joy,-0.0,-0.0,1.0,-0.0,-0.0,1.0,0.0,0.0,0,0,0,0,0,0,0,0,0,0,0
2025/05/07 10:40:57.441235228,1746607257,441070054,joy,-0.0,-0.0,1.0,-0.0,-0.0,1.0,0.0,0.0,0,0,0,0,0,0,0,0,0,0,0
2025/05/07 10:40:57.540840429,1746607257,540610414,joy,-0.0,-0.0,1.0,-0.0,-0.0,1.0,0.0,0.0,0,0,0,0,0,0,0,0,0,0,0
2025/05/07 10:40:57.642030875,1746607257,641267843,joy,-0.0,-0.0,1.0,-0.0,-0.0,1.0,0.0,0.0,0,0,0,0,0,0,0,0,0,0,0
2025/05/07 10:40:57.691683563,1746607257,691475569,joy,-0.0,-0.0,1.0,-0.0,-0.0,1.0,0.0,0.0,0,0,0,0,0,0,0,0,0,0,0
2025/05/07 10:40:57.742393074,1746607257,742169954,joy,-0.0,-0.0,1.0,-0.0,-0.0,1.0,0.0,0.0,0,0,0,0,0,0,0,0,0,0,0
2025/05/07 10:40:57.842263802,1746607257,842085007,joy,-0.0,-0.0,1.0,-0.0,-0.0,1.0,0.0,0.0,0,0,0,0,0,0,0,0,0,0,0
2025/05/07 10:40:57.942945954,1746607257,942792674,joy,-0.0,-0.0,1.0,-0.0,-0.0,1.0,0.0,0.0,0,0,0,0,0,0,0,0,0,0,0
2025/05/07 10:40:58.43074770,1746607258,42820069,joy,-0.0,-0.0,1.0,-0.0,-0.0,1.0,0.0,0.0,0,0,0,0,0,0,0,0,0,0,0
2025/05/07 10:40:58.141733086,1746607258,141436708,joy,-0.0,-0.0,1.0,-0.0,-0.0,1.0,0.0,0.0,0,0,0,0,0,0,0,0,0,0,0
2025/05/07 10:40:58.192523575,1746607258,192334095,joy,-0.0,-0.0,1.0,-0.0,-0.0,1.0,0.0,0.0,0,0,0,0,0,0,0,0,0,0,0
2025/05/07 10:40:58.243542023,1746607258,243239539,joy,-0.0,-0.0,1.0,-0.0,-0.0,1.0,0.0,0.0,0,0,0,0,0,0,0,0,0,0,0
2025/05/07 10:40:58.294470403,1746607258,294289664,joy,-0.0,-0.0,1.0,-0.0,-0.0,1.0,0.0,0.0,0,0,0,0,0,0,0,0,0,0,0
2025/05/07 10:40:58.345210552,1746607258,345022158,joy,-0.0,-0.0,1.0,-0.0,-0.0,1.0,0.0,0.0,0,0,0,0,0,0,0,0,0,0,0
2025/05/07 10:40:58.444729158,1746607258,444505263,joy,-0.0,-0.0,1.0,-0.0,-0.0,1.0,0.0,0.0,0,0,0,0,0,0,0,0,0,0,0
2025/05/07 10:40:58.495655489,1746607258,495309044,joy,-0.0,-0.0,1.0,-0.0,-0.0,1.0,0.0,0.0,0,0,0,0,0,0,0,0,0,0,0
2025/05/07 10:40:58.546216361,1746607258,545970532,joy,-0.0,-0.0,1.0,-0.0,-0.0,1.0,0.0,0.0,0,0,0,0,0,0,0,0,0,0,0
2025/05/07 10:40:58.596506934,1746607258,596239864,joy,-0.0,-0.0,1.0,-0.0,-0.0,1.0,0.0,0.0,0,0,0,0,0,0,0,0,0,0,0
2025/05/07 10:40:58.647249340,1746607258,647029354,joy,-0.0,-0.0,1.0,-0.0,-0.0,1.0,0.0,0.0,0,0,0,0,0,0,0,0,0,0,0
2025/05/07 10:40:58.747197694,1746607258,746924967,joy,-0.0,-0.0,1.0,-0.0,-0.0,1.0,0.0,0.0,0,0,0,0,0,0,0,0,0,0,0
2025/05/07 10:40:58.847177232,1746607258,846974818,joy,-0.0,-0.0,1.0,-0.0,-0.0,1.0,0.0,0.0,0,0,0,0,0,0,0,0,0,0,0
2025/05/07 10:40:58.898357380,1746607258,898059421,joy,-0.0,-0.0,1.0,-0.0,-0.0,1.0,0.0,0.0,0,0,0,0,0,0,0,0,0,0,0
2025/05/07 10:40:58.997863709,1746607258,997511041,joy,-0.0,-0.0,1.0,-0.0,-0.0,1.0,0.0,0.0,0,0,0,0,0,0,0,0,0,0,0
2025/05/07 10:40:59.96811634,1746607259,96629386,joy,-0.0,-0.0,1.0,-0.0,-0.0,1.0,0.0,0.0,0,0,0,0,0,0,0,0,0,0,0
2025/05/07 10:40:59.196628139,1746607259,196321840,joy,-0.0,-0.0,1.0,-0.0,-0.0,1.0,0.0,0.0,0,0,0,0,0,0,0,0,0,0,0
2025/05/07 10:40:59.247157055,1746607259,246834963,joy,-0.0,-0.0,1.0,-0.0,-0.0,1.0,0.0,0.0,0,0,0,0,0,0,0,0,0,0,0
2025/05/07 10:40:59.297493112,1746607259,297119874,joy,-0.0,-0.0,1.0,-0.0,-0.0,1.0,0.0,0.0,0,0,0,0,0,0,0,0,0,0,0
2025/05/07 10:40:59.397430722,1746607259,397178262,joy,-0.0,-0.0,1.0,-0.0,-0.0,1.0,0.0,0.0,0,0,0,0,0,0,0,0,0,0,0
2025/05/07 10:40:59.497239796,1746607259,496905106,joy,-0.0,-0.0,1.0,-0.0,-0.0,1.0,0.0,0.0,0,0,0,0,0,0,0,0,0,0,0
2025/05/07 10:40:59.547192824,1746607259,546934705,joy,-0.0,-0.0,1.0,-0.0,-0.0,1.0,0.0,0.0,0,0,0,0,0,0,0,0,0,0,0
2025/05/07 10:40:59.647541205,1746607259,647296015,joy,-0.0,-0.0,1.0,-0.0,-0.0,1.0,0.0,0.0,0,0,0,0,0,0,0,0,0,0,0
2025/05/07 10:40:59.698270425,1746607259,697871379,joy,-0.0,-0.0,1.0,-0.0,-0.0,1.0,0.0,0.0,0,0,0,0,0,0,0,0,0,0,0
2025/05/07 10:40:59.797716338,1746607259,797382343,joy,-0.0,-0.0,1.0,-0.0,-0.0,1.0,0.0,0.0,0,0,0,0,0,0,0,0,0,0,0
2025/05/07 10:40:59.899359233,1746607259,899150148,joy,-0.0,-0.0,1.0,-0.0,-0.0,1.0,0.0,0.0,0,0,0,0,0,0,0,0,0,0,0
2025/05/07 10:40:59.998826883,1746607259,998660584,joy,-0.0,-0.0,1.0,-0.0,-0.0,1.0,0.0,0.0,0,0,0,0,0,0,0,0,0,0,0
2025/05/07 10:41:00.98288505,1746607260,97971404,joy,-0.0,-0.0,1.0,-0.0,-0.0,1.0,0.0,0.0,0,0,0,0,0,0,0,0,0,0,0
2025/05/07 10:41:00.148283474,1746607260,148004290,joy,-0.0,-0.0,1.0,-0.0,-0.0,1.0,0.0,0.0,0,0,0,0,0,0,0,0,0,0,0
2025/05/07 10:41:00.247657979,1746607260,247351495,joy,-0.0,-0.0,1.0,-0.0,-0.0,1.0,0.0,0.0,0,0,0,0,0,0,0,0,0,0,0
2025/05/07 10:41:00.298560191,1746607260,298258058,joy,-0.0,-0.0,1.0,-0.0,-0.0,1.0,0.0,0.0,0,0,0,0,0,0,0,0,0,0,0
2025/05/07 10:41:00.348690939,1746607260,348366652,joy,-0.0,-0.0,1.0,-0.0,-0.0,1.0,0.0,0.0,0,0,0,0,0,0,0,0,0,0,0
2025/05/07 10:41:00.399364251,1746607260,399173196,joy,-0.0,-0.0,1.0,-0.0,-0.0,1.0,0.0,0.0,0,0,0,0,0,0,0,0,0,0,0
2025/05/07 10:41:00.498763046,1746607260,498615716,joy,-0.0,-0.0,1.0,-0.0,-0.0,1.0,0.0,0.0,0,0,0,0,0,0,0,0,0,0,0
2025/05/07 10:41:00.599393235,1746607260,599081587,joy,-0.0,-0.0,1.0,-0.0,-0.0,1.0,0.0,0.0,0,0,0,0,0,0,0,0,0,0,0
2025/05/07 10:41:00.698857782,1746607260,698483403,joy,-0.0,-0.0,1.0,-0.0,-0.0,1.0,0.0,0.0,0,0,0,0,0,0,0,0,0,0,0
2025/05/07 10:41:00.798757578,1746607260,798594399,joy,-0.0,-0.0,1.0,-0.0,-0.0,1.0,0.0,0.0,0,0,0,0,0,0,0,0,0,0,0
2025/05/07 10:41:00.900524953,1746607260,900336779,joy,-0.0,-0.0,1.0,-0.0,-0.0,1.0,0.0,0.0,0,0,0,0,0,0,0,0,0,0,0
2025/05/07 10:41:00.951306685,1746607260,951110576,joy,-0.0,-0.0,1.0,-0.0,-0.0,1.0,0.0,0.0,0,0,0,0,0,0,0,0,0,0,0
2025/05/07 10:41:01.1351195,1746607261,1160645,joy,-0.0,-0.0,1.0,-0.0,-0.0,1.0,0.0,0.0,0,0,0,0,0,0,0,0,0,0,0
2025/05/07 10:41:01.99880417,1746607261,99646025,joy,-0.0,-0.0,1.0,-0.0,-0.0,1.0,0.0,0.0,0,0,0,0,0,0,0,0,0,0,0
2025/05/07 10:41:01.199724423,1746607261,199334921,joy,-0.0,-0.0,1.0,-0.0,-0.0,1.0,0.0,0.0,0,0,0,0,0,0,0,0,0,0,0
2025/05/07 10:41:01.250398555,1746607261,250239779,joy,-0.0,-0.0,1.0,-0.0,-0.0,1.0,0.0,0.0,0,0,0,0,0,0,0,0,0,0,0
2025/05/07 10:41:01.300631322,1746607261,300311371,joy,-0.0,-0.0,1.0,-0.0,-0.0,1.0,0.0,0.0,0,0,0,0,0,0,0,0,0,0,0
2025/05/07 10:41:01.350522058,1746607261,350325620,joy,-0.0,-0.0,1.0,-0.0,-0.0,1.0,0.0,0.0,0,0,0,0,0,0,0,0,0,0,0
2025/05/07 10:41:01.401061949,1746607261,400879814,joy,-0.0,-0.0,1.0,-0.0,-0.0,1.0,0.0,0.0,0,0,0,0,0,0,0,0,0,0,0
2025/05/07 10:41:01.500742047,1746607261,500567819,joy,-0.0,-0.0,1.0,-0.0,-0.0,1.0,0.0,0.0,0,0,0,0,0,0,0,0,0,0,0
2025/05/07 10:41:01.601063935,1746607261,600835812,joy,-0.0,-0.0,1.0,-0.0,-0.0,1.0,0.0,0.0,0,0,0,0,0,0,0,0,0,0,0
2025/05/07 10:41:01.701522114,1746607261,701294143,joy,-0.0,-0.0,1.0,-0.0,-0.0,1.0,0.0,0.0,0,0,0,0,0,0,0,0,0,0,0
2025/05/07 10:41:01.752597827,1746607261,752236288,joy,-0.0,-0.0,1.0,-0.0,-0.0,1.0,0.0,0.0,0,0,0,0,0,0,0,0,0,0,0
2025/05/07 10:41:01.851528537,1746607261,851329078,joy,-0.0,-0.0,1.0,-0.0,-0.0,1.0,0.0,0.0,0,0,0,0,0,0,0,0,0,0,0
2025/05/07 10:41:01.903839832,1746607261,903139547,joy,-0.0,-0.0,1.0,-0.0,-0.0,1.0,0.0,0.0,0,0,0,0,0,0,0,0,0,0,0
2025/05/07 10:41:01.953883422,1746607261,953635089,joy,-0.0,-0.0,1.0,-0.0,-0.0,1.0,0.0,0.0,0,0,0,0,0,0,0,0,0,0,0
2025/05/07 10:41:02.4133327,1746607262,3885196,joy,-0.0,-0.0,1.0,-0.0,-0.0,1.0,0.0,0.0,0,0,0,0,0,0,0,0,0,0,0
2025/05/07 10:41:02.104564193,1746607262,104336253,joy,-0.0,-0.0,1.0,-0.0,-0.0,1.0,0.0,0.0,0,0,0,0,0,0,0,0,0,0,0
2025/05/07 10:41:02.155677908,1746607262,155001025,joy,-0.0,-0.0,1.0,-0.0,-0.0,1.0,0.0,0.0,0,0,0,0,0,0,0,0,0,0,0
2025/05/07 10:41:02.255679978,1746607262,255258743,joy,-0.0,-0.0,1.0,-0.0,-0.0,1.0,0.0,0.0,0,0,0,0,0,0,0,0,0,0,0
2025/05/07 10:41:02.305609745,1746607262,305342917,joy,-0.0,-0.0,1.0,-0.0,-0.0,1.0,0.0,0.0,0,0,0,0,0,0,0,0,0,0,0
2025/05/07 10:41:02.356453387,1746607262,356041992,joy,-0.0,-0.0,1.0,-0.0,-0.0,1.0,0.0,0.0,0,0,0,0,0,0,0,0,0,0,0
2025/05/07 10:41:02.456415433,1746607262,456208384,joy,-0.0,-0.0,1.0,-0.0,-0.0,1.0,0.0,0.0,0,0,0,0,0,0,0,0,0,0,0
2025/05/07 10:41:02.555594836,1746607262,555354131,joy,-0.0,-0.0,1.0,-0.0,-0.0,1.0,0.0,0.0,0,0,0,0,0,0,0,0,0,0,0
2025/05/07 10:41:02.605759048,1746607262,605439174,joy,-0.0,-0.0,1.0,-0.0,-0.0,1.0,0.0,0.0,0,0,0,0,0,0,0,0,0,0,0
2025/05/07 10:41:02.656397976,1746607262,656153221,joy,-0.0,-0.0,1.0,-0.0,-0.0,1.0,0.0,0.0,0,0,0,0,0,0,0,0,0,0,0
2025/05/07 10:41:02.755777324,1746607262,755459840,joy,-0.0,-0.0,1.0,-0.0,-0.0,1.0,0.0,0.0,0,0,0,0,0,0,0,0,0,0,0
2025/05/07 10:41:02.806119399,1746607262,805851265,joy,-0.0,-0.0,1.0,-0.0,-0.0,1.0,0.0,0.0,0,0,0,0,0,0,0,0,0,0,0
2025/05/07 10:41:02.907580769,1746607262,907318147,joy,-0.0,-0.0,1.0,-0.0,-0.0,1.0,0.0,0.0,0,0,0,0,0,0,0,0,0,0,0
2025/05/07 10:41:02.958402780,1746607262,958149183,joy,-0.0,-0.0,1.0,-0.0,-0.0,1.0,0.0,0.0,0,0,0,0,0,0,0,0,0,0,0
2025/05/07 10:41:03.57600557,1746607263,57333751,joy,-0.0,-0.0,1.0,-0.0,-0.0,1.0,0.0,0.0,0,0,0,0,0,0,0,0,0,0,0
2025/05/07 10:41:03.108455390,1746607263,108124677,joy,-0.0,-0.0,1.0,-0.0,-0.0,1.0,0.0,0.0,0,0,0,0,0,0,0,0,0,0,0
2025/05/07 10:41:03.208665262,1746607263,207783917,joy,-0.0,-0.0,1.0,-0.0,-0.0,1.0,0.0,0.0,0,0,0,0,0,0,0,0,0,0,0
2025/05/07 10:41:03.258347912,1746607263,258091821,joy,-0.0,-0.0,1.0,-0.0,-0.0,1.0,0.0,0.0,0,0,0,0,0,0,0,0,0,0,0
2025/05/07 10:41:03.358273240,1746607263,357973338,joy,-0.0,-0.0,1.0,-0.0,-0.0,1.0,0.0,0.0,0,0,0,0,0,0,0,0,0,0,0
2025/05/07 10:41:03.458030511,1746607263,457712411,joy,-0.0,-0.0,1.0,-0.0,-0.0,1.0,0.0,0.0,0,0,0,0,0,0,0,0,0,0,0
2025/05/07 10:41:03.558682929,1746607263,558335594,joy,-0.0,-0.0,1.0,-0.0,-0.0,1.0,0.0,0.0,0,0,0,0,0,0,0,0,0,0,0
2025/05/07 10:41:03.609465817,1746607263,609237000,joy,-0.0,-0.0,1.0,-0.0,-0.0,1.0,0.0,0.0,0,0,0,0,0,0,0,0,0,0,0
2025/05/07 10:41:03.708685039,1746607263,708328261,joy,-0.0,-0.0,1.0,-0.0,-0.0,1.0,0.0,0.0,0,0,0,0,0,0,0,0,0,0,0
2025/05/07 10:41:03.759573807,1746607263,759313611,joy,-0.0,-0.0,1.0,-0.0,-0.0,1.0,0.0,0.0,0,0,0,0,0,0,0,0,0,0,0
2025/05/07 10:41:03.810286102,1746607263,809956167,joy,-0.0,-0.0,1.0,-0.0,-0.0,1.0,0.0,0.0,0,0,0,0,0,0,0,0,0,0,0
2025/05/07 10:41:03.911283397,1746607263,910644752,joy,-0.0,-0.0,1.0,-0.0,-0.0,1.0,0.0,0.0,0,0,0,0,0,0,0,0,0,0,0
2025/05/07 10:41:03.961579930,1746607263,961322606,joy,-0.0,-0.0,1.0,-0.0,-0.0,1.0,0.0,0.0,0,0,0,0,0,0,0,0,0,0,0
2025/05/07 10:41:04.12091580,1746607264,11818310,joy,-0.0,-0.0,1.0,-0.0,-0.0,1.0,0.0,0.0,0,0,0,0,0,0,0,0,0,0,0
2025/05/07 10:41:04.111062332,1746607264,110895187,joy,-0.0,-0.0,1.0,-0.0,-0.0,1.0,0.0,0.0,0,0,0,0,0,0,0,0,0,0,0
2025/05/07 10:41:04.211471832,1746607264,211224277,joy,-0.0,-0.0,1.0,-0.0,-0.0,1.0,0.0,0.0,0,0,0,0,0,0,0,0,0,0,0
2025/05/07 10:41:04.311566320,1746607264,311347631,joy,-0.0,-0.0,1.0,-0.0,-0.0,1.0,0.0,0.0,0,0,0,0,0,0,0,0,0,0,0
2025/05/07 10:41:04.362047051,1746607264,361770200,joy,-0.0,-0.0,1.0,-0.0,-0.0,1.0,0.0,0.0,0,0,0,0,0,0,0,0,0,0,0
2025/05/07 10:41:04.461974038,1746607264,461760521,joy,-0.0,-0.0,1.0,-0.0,-0.0,1.0,0.0,0.0,0,0,0,0,0,0,0,0,0,0,0
2025/05/07 10:41:04.512299654,1746607264,512141628,joy,-0.0,-0.0,1.0,-0.0,-0.0,1.0,0.0,0.0,0,0,0,0,0,0,0,0,0,0,0
2025/05/07 10:41:04.611734498,1746607264,611396484,joy,-0.0,-0.0,1.0,-0.0,-0.0,1.0,0.0,0.0,0,0,0,0,0,0,0,0,0,0,0
2025/05/07 10:41:04.662460612,1746607264,662167119,joy,-0.0,-0.0,1.0,-0.0,-0.0,1.0,0.0,0.0,0,0,0,0,0,0,0,0,0,0,0
2025/05/07 10:41:04.762111543,1746607264,761903046,joy,-0.0,-0.0,1.0,-0.0,-0.0,1.0,0.0,0.0,0,0,0,0,0,0,0,0,0,0,0
2025/05/07 10:41:04.862441850,1746607264,862248460,joy,-0.0,-0.0,1.0,-0.0,-0.0,1.0,0.0,0.0,0,0,0,0,0,0,0,0,0,0,0
2025/05/07 10:41:04.912770990,1746607264,912523044,joy,-0.0,-0.0,1.0,-0.0,-0.0,1.0,0.0,0.0,0,0,0,0,0,0,0,0,0,0,0
2025/05/07 10:41:04.963131960,1746607264,962932513,joy,-0.0,-0.0,1.0,-0.0,-0.0,1.0,0.0,0.0,0,0,0,0,0,0,0,0,0,0,0
2025/05/07 10:41:05.13554445,1746607265,13395118,joy,-0.0,-0.0,1.0,-0.0,-0.0,1.0,0.0,0.0,0,0,0,0,0,0,0,0,0,0,0
2025/05/07 10:41:05.113010269,1746607265,112712556,joy,-0.0,-0.0,1.0,-0.0,-0.0,1.0,0.0,0.0,0,0,0,0,0,0,0,0,0,0,0
2025/05/07 10:41:05.212676546,1746607265,212446542,joy,-0.0,-0.0,1.0,-0.0,-0.0,1.0,0.0,0.0,0,0,0,0,0,0,0,0,0,0,0
2025/05/07 10:41:05.263459012,1746607265,263259694,joy,-0.0,-0.0,1.0,-0.0,-0.0,1.0,0.0,0.0,0,0,0,0,0,0,0,0,0,0,0
2025/05/07 10:41:05.363598034,1746607265,363408077,joy,-0.0,-0.0,1.0,-0.0,-0.0,1.0,0.0,0.0,0,0,0,0,0,0,0,0,0,0,0
2025/05/07 10:41:05.414246253,1746607265,414050242,joy,-0.0,-0.0,1.0,-0.0,-0.0,1.0,0.0,0.0,0,0,0,0,0,0,0,0,0,0,0
2025/05/07 10:41:05.514687230,1746607265,514354390,joy,-0.0,-0.0,1.0,-0.0,-0.0,1.0,0.0,0.0,0,0,0,0,0,0,0,0,0,0,0
2025/05/07 10:41:05.565016845,1746607265,564824223,joy,-0.0,-0.0,1.0,-0.0,-0.0,1.0,0.0,0.0,0,0,0,0,0,0,0,0,0,0,0
2025/05/07 10:41:05.665107097,1746607265,664819615,joy,-0.0,-0.0,1.0,-0.0,-0.0,1.0,0.0,0.0,0,0,0,0,0,0,0,0,0,0,0
2025/05/07 10:41:05.715556679,1746607265,715309982,joy,-0.0,-0.0,1.0,-0.0,-0.0,1.0,0.0,0.0,0,0,0,0,0,0,0,0,0,0,0
2025/05/07 10:41:05.766655658,1746607265,766376876,joy,-0.0,-0.0,1.0,-0.0,-0.0,1.0,0.0,0.0,0,0,0,0,0,0,0,0,0,0,0
2025/05/07 10:41:05.817376144,1746607265,817223202,joy,-0.0,-0.0,1.0,-0.0,-0.0,1.0,0.0,0.0,0,0,0,0,0,0,0,0,0,0,0
2025/05/07 10:41:05.918142958,1746607265,917962206,joy,-0.0,-0.0,1.0,-0.0,-0.0,1.0,0.0,0.0,0,0,0,0,0,0,0,0,0,0,0
2025/05/07 10:41:06.18316712,1746607266,18120662,joy,-0.0,-0.0,1.0,-0.0,-0.0,1.0,0.0,0.0,0,0,0,0,0,0,0,0,0,0,0
2025/05/07 10:41:06.117484002,1746607266,117335548,joy,-0.0,-0.0,1.0,-0.0,-0.0,1.0,0.0,0.0,0,0,0,0,0,0,0,0,0,0,0
2025/05/07 10:41:06.168251518,1746607266,168091004,joy,-0.0,-0.0,1.0,-0.0,-0.0,1.0,0.0,0.0,0,0,0,0,0,0,0,0,0,0,0
2025/05/07 10:41:06.268388182,1746607266,268204715,joy,-0.0,-0.0,1.0,-0.0,-0.0,1.0,0.0,0.0,0,0,0,0,0,0,0,0,0,0,0
2025/05/07 10:41:06.367616564,1746607266,367451875,joy,-0.0,-0.0,1.0,-0.0,-0.0,1.0,0.0,0.0,0,0,0,0,0,0,0,0,0,0,0
2025/05/07 10:41:06.418284580,1746607266,418066900,joy,-0.0,-0.0,1.0,-0.0,-0.0,1.0,0.0,0.0,0,0,0,0,0,0,0,0,0,0,0
2025/05/07 10:41:06.468536086,1746607266,468141243,joy,-0.0,-0.0,1.0,-0.0,-0.0,1.0,0.0,0.0,0,0,0,0,0,0,0,0,0,0,0
2025/05/07 10:41:06.573498685,1746607266,568132180,joy,-0.0,-0.0,1.0,-0.0,-0.0,1.0,0.0,0.0,0,0,0,0,0,0,0,0,0,0,0
2025/05/07 10:41:06.668388025,1746607266,668240729,joy,-0.0,-0.0,1.0,-0.0,-0.0,1.0,0.0,0.0,0,0,0,0,0,0,0,0,0,0,0
2025/05/07 10:41:06.768263988,1746607266,768124607,joy,-0.0,-0.0,1.0,-0.0,-0.0,1.0,0.0,0.0,0,0,0,0,0,0,0,0,0,0,0
2025/05/07 10:41:06.867941344,1746607266,867770139,joy,-0.0,-0.0,1.0,-0.0,-0.0,1.0,0.0,0.0,0,0,0,0,0,0,0,0,0,0,0
2025/05/07 10:41:06.918708862,1746607266,918479481,joy,-0.0,-0.0,1.0,-0.0,-0.0,1.0,0.0,0.0,0,0,0,0,0,0,0,0,0,0,0
2025/05/07 10:41:06.969749125,1746607266,969385159,joy,-0.0,-0.0,1.0,-0.0,-0.0,1.0,0.0,0.0,0,0,0,0,0,0,0,0,0,0,0
2025/05/07 10:41:07.20986145,1746607267,20349554,joy,-0.0,-0.0,1.0,-0.0,-0.0,1.0,0.0,0.0,0,0,0,0,0,0,0,0,0,0,0
2025/05/07 10:41:07.120065759,1746607267,119863102,joy,-0.0,-0.0,1.0,-0.0,-0.0,1.0,0.0,0.0,0,0,0,0,0,0,0,0,0,0,0
2025/05/07 10:41:07.220498758,1746607267,220344036,joy,-0.0,-0.0,1.0,-0.0,-0.0,1.0,0.0,0.0,0,0,0,0,0,0,0,0,0,0,0
2025/05/07 10:41:07.270813040,1746607267,270600041,joy,-0.0,-0.0,1.0,-0.0,-0.0,1.0,0.0,0.0,0,0,0,0,0,0,0,0,0,0,0
2025/05/07 10:41:07.321250630,1746607267,321079869,joy,-0.0,-0.0,1.0,-0.0,-0.0,1.0,0.0,0.0,0,0,0,0,0,0,0,0,0,0,0
2025/05/07 10:41:07.421481628,1746607267,421310904,joy,-0.0,-0.0,1.0,-0.0,-0.0,1.0,0.0,0.0,0,0,0,0,0,0,0,0,0,0,0
2025/05/07 10:41:07.472548769,1746607267,472373896,joy,-0.0,-0.0,1.0,-0.0,-0.0,1.0,0.0,0.0,0,0,0,0,0,0,0,0,0,0,0
2025/05/07 10:41:07.573046286,1746607267,572740915,joy,-0.0,-0.0,1.0,-0.0,-0.0,1.0,0.0,0.0,0,0,0,0,0,0,0,0,0,0,0
2025/05/07 10:41:07.672965816,1746607267,672794694,joy,-0.0,-0.0,1.0,-0.0,-0.0,1.0,0.0,0.0,0,0,0,0,0,0,0,0,0,0,0
2025/05/07 10:41:07.772670939,1746607267,772408423,joy,-0.0,-0.0,1.0,-0.0,-0.0,1.0,0.0,0.0,0,0,0,0,0,0,0,0,0,0,0
2025/05/07 10:41:07.823233915,1746607267,823010107,joy,-0.0,-0.0,1.0,-0.0,-0.0,1.0,0.0,0.0,0,0,0,0,0,0,0,0,0,0,0
2025/05/07 10:41:07.924259059,1746607267,924042757,joy,-0.0,-0.0,1.0,-0.0,-0.0,1.0,0.0,0.0,0,0,0,0,0,0,0,0,0,0,0
2025/05/07 10:41:08.23633383,1746607268,23357060,joy,-0.0,-0.0,1.0,-0.0,-0.0,1.0,0.0,0.0,0,0,0,0,0,0,0,0,0,0,0
2025/05/07 10:41:08.122546306,1746607268,122350036,joy,-0.0,-0.0,1.0,-0.0,-0.0,1.0,0.0,0.0,0,0,0,0,0,0,0,0,0,0,0
2025/05/07 10:41:08.172798991,1746607268,172571297,joy,-0.0,-0.0,1.0,-0.0,-0.0,1.0,0.0,0.0,0,0,0,0,0,0,0,0,0,0,0
2025/05/07 10:41:08.222830921,1746607268,222575494,joy,-0.0,-0.0,1.0,-0.0,-0.0,1.0,0.0,0.0,0,0,0,0,0,0,0,0,0,0,0
2025/05/07 10:41:08.278099708,1746607268,272784474,joy,-0.0,-0.0,1.0,-0.0,-0.0,1.0,0.0,0.0,0,0,0,0,0,0,0,0,0,0,0
2025/05/07 10:41:08.373557589,1746607268,373385080,joy,-0.0,-0.0,1.0,-0.0,-0.0,1.0,0.0,0.0,0,0,0,0,0,0,0,0,0,0,0
2025/05/07 10:41:08.423660727,1746607268,423416915,joy,-0.0,-0.0,1.0,-0.0,-0.0,1.0,0.0,0.0,0,0,0,0,0,0,0,0,0,0,0
2025/05/07 10:41:08.474537560,1746607268,474330314,joy,-0.0,-0.0,1.0,-0.0,-0.0,1.0,0.0,0.0,0,0,0,0,0,0,0,0,0,0,0
2025/05/07 10:41:08.524584171,1746607268,524387418,joy,-0.0,-0.0,1.0,-0.0,-0.0,1.0,0.0,0.0,0,0,0,0,0,0,0,0,0,0,0
2025/05/07 10:41:08.574702052,1746607268,574424516,joy,-0.0,-0.0,1.0,-0.0,-0.0,1.0,0.0,0.0,0,0,0,0,0,0,0,0,0,0,0
2025/05/07 10:41:08.626373571,1746607268,625110589,joy,-0.0,-0.0,1.0,-0.0,-0.0,1.0,0.0,0.0,0,0,0,0,0,0,0,0,0,0,0
2025/05/07 10:41:08.675728849,1746607268,675367472,joy,-0.0,-0.0,1.0,-0.0,-0.0,1.0,0.0,0.0,0,0,0,0,0,0,0,0,0,0,0
2025/05/07 10:41:08.726666692,1746607268,726258727,joy,-0.0,-0.0,1.0,-0.0,-0.0,1.0,0.0,0.0,0,0,0,0,0,0,0,0,0,0,0
2025/05/07 10:41:08.826024146,1746607268,825575123,joy,-0.0,-0.0,1.0,-0.0,-0.0,1.0,0.0,0.0,0,0,0,0,0,0,0,0,0,0,0
2025/05/07 10:41:08.876684349,1746607268,876282801,joy,-0.0,-0.0,1.0,-0.0,-0.0,1.0,0.0,0.0,0,0,0,0,0,0,0,0,0,0,0
2025/05/07 10:41:08.928561503,1746607268,928285619,joy,-0.0,-0.0,1.0,-0.0,-0.0,1.0,0.0,0.0,0,0,0,0,0,0,0,0,0,0,0
2025/05/07 10:41:08.979440102,1746607268,979191477,joy,-0.0,-0.0,1.0,-0.0,-0.0,1.0,0.0,0.0,0,0,0,0,0,0,0,0,0,0,0
2025/05/07 10:41:09.78162316,1746607269,77893634,joy,-0.0,-0.0,1.0,-0.0,-0.0,1.0,0.0,0.0,0,0,0,0,0,0,0,0,0,0,0
2025/05/07 10:41:09.177785992,1746607269,177502620,joy,-0.0,-0.0,1.0,-0.0,-0.0,1.0,0.0,0.0,0,0,0,0,0,0,0,0,0,0,0
2025/05/07 10:41:09.227646087,1746607269,227516339,joy,-0.0,-0.0,1.0,-0.0,-0.0,1.0,0.0,0.0,0,0,0,0,0,0,0,0,0,0,0
2025/05/07 10:41:09.278669078,1746607269,278421950,joy,-0.0,-0.0,1.0,-0.0,-0.0,1.0,0.0,0.0,0,0,0,0,0,0,0,0,0,0,0
2025/05/07 10:41:09.329469114,1746607269,329101016,joy,-0.0,-0.0,1.0,-0.0,-0.0,1.0,0.0,0.0,0,0,0,0,0,0,0,0,0,0,0
2025/05/07 10:41:09.429097209,1746607269,428785257,joy,-0.0,-0.0,1.0,-0.0,-0.0,1.0,0.0,0.0,0,0,0,0,0,0,0,0,0,0,0
2025/05/07 10:41:09.479693387,1746607269,479365917,joy,-0.0,-0.0,1.0,-0.0,-0.0,1.0,0.0,0.0,0,0,0,0,0,0,0,0,0,0,0
2025/05/07 10:41:09.530693271,1746607269,530398625,joy,-0.0,-0.0,1.0,-0.0,-0.0,1.0,0.0,0.0,0,0,0,0,0,0,0,0,0,0,0
2025/05/07 10:41:09.582238185,1746607269,581358570,joy,-0.0,-0.0,1.0,-0.0,-0.0,1.0,0.0,0.0,0,0,0,0,0,0,0,0,0,0,0
2025/05/07 10:41:09.632707689,1746607269,632342877,joy,-0.0,-0.0,1.0,-0.0,-0.0,1.0,0.0,0.0,0,0,0,0,0,0,0,0,0,0,0
2025/05/07 10:41:09.683291671,1746607269,683050044,joy,-0.0,-0.0,1.0,-0.0,-0.0,1.0,0.0,0.0,0,0,0,0,0,0,0,0,0,0,0
2025/05/07 10:41:09.783385099,1746607269,783146299,joy,-0.0,-0.0,1.0,-0.0,-0.0,1.0,0.0,0.0,0,0,0,0,0,0,0,0,0,0,0
2025/05/07 10:41:09.883407203,1746607269,883099195,joy,-0.0,-0.0,1.0,-0.0,-0.0,1.0,0.0,0.0,0,0,0,0,0,0,0,0,0,0,0
2025/05/07 10:41:09.934415421,1746607269,934248929,joy,-0.0,-0.0,1.0,-0.0,-0.0,1.0,0.0,0.0,0,0,0,0,0,0,0,0,0,0,0
2025/05/07 10:41:10.34210156,1746607270,33925019,joy,-0.0,-0.0,1.0,-0.0,-0.0,1.0,0.0,0.0,0,0,0,0,0,0,0,0,0,0,0
2025/05/07 10:41:10.133713910,1746607270,133446546,joy,-0.0,-0.0,1.0,-0.0,-0.0,1.0,0.0,0.0,0,0,0,0,0,0,0,0,0,0,0
2025/05/07 10:41:10.183873032,1746607270,183505591,joy,-0.0,-0.0,1.0,-0.0,-0.0,1.0,0.0,0.0,0,0,0,0,0,0,0,0,0,0,0
2025/05/07 10:41:10.234750953,1746607270,234370721,joy,-0.0,-0.0,1.0,-0.0,-0.0,1.0,0.0,0.0,0,0,0,0,0,0,0,0,0,0,0
2025/05/07 10:41:10.285246037,1746607270,285053478,joy,-0.0,-0.0,1.0,-0.0,-0.0,1.0,0.0,0.0,0,0,0,0,0,0,0,0,0,0,0
2025/05/07 10:41:10.385445733,1746607270,385147178,joy,-0.0,-0.0,1.0,-0.0,-0.0,1.0,0.0,0.0,0,0,0,0,0,0,0,0,0,0,0
2025/05/07 10:41:10.484880482,1746607270,484693751,joy,-0.0,-0.0,1.0,-0.0,-0.0,1.0,0.0,0.0,0,0,0,0,0,0,0,0,0,0,0
2025/05/07 10:41:10.534943316,1746607270,534802523,joy,-0.0,-0.0,1.0,-0.0,-0.0,1.0,0.0,0.0,0,0,0,0,0,0,0,0,0,0,0
2025/05/07 10:41:10.635410282,1746607270,635238591,joy,-0.0,-0.0,1.0,-0.0,-0.0,1.0,0.0,0.0,0,0,0,0,0,0,0,0,0,0,0
2025/05/07 10:41:10.734678318,1746607270,734511404,joy,-0.0,-0.0,1.0,-0.0,-0.0,1.0,0.0,0.0,0,0,0,0,0,0,0,0,0,0,0
2025/05/07 10:41:10.835299180,1746607270,835162587,joy,-0.0,-0.0,1.0,-0.0,-0.0,1.0,0.0,0.0,0,0,0,0,0,0,0,0,0,0,0
2025/05/07 10:41:10.886469255,1746607270,885374902,joy,-0.0,-0.0,1.0,-0.0,-0.0,1.0,0.0,0.0,0,0,0,0,0,0,0,0,0,0,0
2025/05/07 10:41:10.937562625,1746607270,937356721,joy,-0.0,-0.0,1.0,-0.0,-0.0,1.0,0.0,0.0,0,0,0,0,0,0,0,0,0,0,0
2025/05/07 10:41:10.989108699,1746607270,988340003,joy,-0.0,-0.0,1.0,-0.0,-0.0,1.0,0.0,0.0,0,0,0,0,0,0,0,0,0,0,0
2025/05/07 10:41:11.39588762,1746607271,39375513,joy,-0.0,-0.0,1.0,-0.0,-0.0,1.0,0.0,0.0,0,0,0,0,0,0,0,0,0,0,0
2025/05/07 10:41:11.138628326,1746607271,138450447,joy,-0.0,-0.0,1.0,-0.0,-0.0,1.0,0.0,0.0,0,0,0,0,0,0,0,0,0,0,0
2025/05/07 10:41:11.189463033,1746607271,189274014,joy,-0.0,-0.0,1.0,-0.0,-0.0,1.0,0.0,0.0,0,0,0,0,0,0,0,0,0,0,0
2025/05/07 10:41:11.288774587,1746607271,288623751,joy,-0.0,-0.0,1.0,-0.0,-0.0,1.0,0.0,0.0,0,0,0,0,0,0,0,0,0,0,0
2025/05/07 10:41:11.389366555,1746607271,389218952,joy,-0.0,-0.0,1.0,-0.0,-0.0,1.0,0.0,0.0,0,0,0,0,0,0,0,0,0,0,0
2025/05/07 10:41:11.489416938,1746607271,489238912,joy,-0.0,-0.0,1.0,-0.0,-0.0,1.0,0.0,0.0,0,0,0,0,0,0,0,0,0,0,0
2025/05/07 10:41:11.588933626,1746607271,588650904,joy,-0.0,-0.0,1.0,-0.0,-0.0,1.0,0.0,0.0,0,0,0,0,0,0,0,0,0,0,0
2025/05/07 10:41:11.638891100,1746607271,638676315,joy,-0.0,-0.0,1.0,-0.0,-0.0,1.0,0.0,0.0,0,0,0,0,0,0,0,0,0,0,0
2025/05/07 10:41:11.688876418,1746607271,688730103,joy,-0.0,-0.0,1.0,-0.0,-0.0,1.0,0.0,0.0,0,0,0,0,0,0,0,0,0,0,0
2025/05/07 10:41:11.789251605,1746607271,788968863,joy,-0.0,-0.0,1.0,-0.0,-0.0,1.0,0.0,0.0,0,0,0,0,0,0,0,0,0,0,0
2025/05/07 10:41:11.839617311,1746607271,839284386,joy,-0.0,-0.0,1.0,-0.0,-0.0,1.0,0.0,0.0,0,0,0,0,0,0,0,0,0,0,0
2025/05/07 10:41:11.890486174,1746607271,890225418,joy,-0.0,-0.0,1.0,-0.0,-0.0,1.0,0.0,0.0,0,0,0,0,0,0,0,0,0,0,0
2025/05/07 10:41:11.941395650,1746607271,941199242,joy,-0.0,-0.0,1.0,-0.0,-0.0,1.0,0.0,0.0,0,0,0,0,0,0,0,0,0,0,0
2025/05/07 10:41:12.41633947,1746607272,41398372,joy,-0.0,-0.0,1.0,-0.0,-0.0,1.0,0.0,0.0,0,0,0,0,0,0,0,0,0,0,0
2025/05/07 10:41:12.141156871,1746607272,140898747,joy,-0.0,-0.0,1.0,-0.0,-0.0,1.0,0.0,0.0,0,0,0,0,0,0,0,0,0,0,0
2025/05/07 10:41:12.191265456,1746607272,190935168,joy,-0.0,-0.0,1.0,-0.0,-0.0,1.0,0.0,0.0,0,0,0,0,0,0,0,0,0,0,0
2025/05/07 10:41:12.241453849,1746607272,241240437,joy,-0.0,-0.0,1.0,-0.0,-0.0,1.0,0.0,0.0,0,0,0,0,0,0,0,0,0,0,0
2025/05/07 10:41:12.341124193,1746607272,340873055,joy,-0.0,-0.0,1.0,-0.0,-0.0,1.0,0.0,0.0,0,0,0,0,0,0,0,0,0,0,0
2025/05/07 10:41:12.441076384,1746607272,440847053,joy,-0.0,-0.0,1.0,-0.0,-0.0,1.0,0.0,0.0,0,0,0,0,0,0,0,0,0,0,0
2025/05/07 10:41:12.491187315,1746607272,490979257,joy,-0.0,-0.0,1.0,-0.0,-0.0,1.0,0.0,0.0,0,0,0,0,0,0,0,0,0,0,0
2025/05/07 10:41:12.541314193,1746607272,541060267,joy,-0.0,-0.0,1.0,-0.0,-0.0,1.0,0.0,0.0,0,0,0,0,0,0,0,0,0,0,0
2025/05/07 10:41:12.641181875,1746607272,640987074,joy,-0.0,-0.0,1.0,-0.0,-0.0,1.0,0.0,0.0,0,0,0,0,0,0,0,0,0,0,0
2025/05/07 10:41:12.740642371,1746607272,740420246,joy,-0.0,-0.0,1.0,-0.0,-0.0,1.0,0.0,0.0,0,0,0,0,0,0,0,0,0,0,0
2025/05/07 10:41:12.791727955,1746607272,791395628,joy,-0.0,-0.0,1.0,-0.0,-0.0,1.0,0.0,0.0,0,0,0,0,0,0,0,0,0,0,0
2025/05/07 10:41:12.842134582,1746607272,841937888,joy,-0.0,-0.0,1.0,-0.0,-0.0,1.0,0.0,0.0,0,0,0,0,0,0,0,0,0,0,0
2025/05/07 10:41:12.892233483,1746607272,891986959,joy,-0.0,-0.0,1.0,-0.0,-0.0,1.0,0.0,0.0,0,0,0,0,0,0,0,0,0,0,0
2025/05/07 10:41:12.942988714,1746607272,942783904,joy,-0.0,-0.0,1.0,-0.0,-0.0,1.0,0.0,0.0,0,0,0,0,0,0,0,0,0,0,0
2025/05/07 10:41:13.43307081,1746607273,43048118,joy,-0.0,-0.0,1.0,-0.0,-0.0,1.0,0.0,0.0,0,0,0,0,0,0,0,0,0,0,0
2025/05/07 10:41:13.142198470,1746607273,141999910,joy,-0.0,-0.0,1.0,-0.0,-0.0,1.0,0.0,0.0,0,0,0,0,0,0,0,0,0,0,0
2025/05/07 10:41:13.192282762,1746607273,192100869,joy,-0.0,-0.0,1.0,-0.0,-0.0,1.0,0.0,0.0,0,0,0,0,0,0,0,0,0,0,0
2025/05/07 10:41:13.291857369,1746607273,291508901,joy,-0.0,-0.0,1.0,-0.0,-0.0,1.0,0.0,0.0,0,0,0,0,0,0,0,0,0,0,0
2025/05/07 10:41:13.342629644,1746607273,342399430,joy,-0.0,-0.0,1.0,-0.0,-0.0,1.0,0.0,0.0,0,0,0,0,0,0,0,0,0,0,0
2025/05/07 10:41:13.393463579,1746607273,393270503,joy,-0.0,-0.0,1.0,-0.0,-0.0,1.0,0.0,0.0,0,0,0,0,0,0,0,0,0,0,0
2025/05/07 10:41:13.492548088,1746607273,492376596,joy,-0.0,-0.0,1.0,-0.0,-0.0,1.0,0.0,0.0,0,0,0,0,0,0,0,0,0,0,0
2025/05/07 10:41:13.543643179,1746607273,543317336,joy,-0.0,-0.0,1.0,-0.0,-0.0,1.0,0.0,0.0,0,0,0,0,0,0,0,0,0,0,0
2025/05/07 10:41:13.594551288,1746607273,594341384,joy,-0.0,-0.0,1.0,-0.0,-0.0,1.0,0.0,0.0,0,0,0,0,0,0,0,0,0,0,0
2025/05/07 10:41:13.645541364,1746607273,645252863,joy,-0.0,-0.0,1.0,-0.0,-0.0,1.0,0.0,0.0,0,0,0,0,0,0,0,0,0,0,0
2025/05/07 10:41:13.745461498,1746607273,745237568,joy,-0.0,-0.0,1.0,-0.0,-0.0,1.0,0.0,0.0,0,0,0,0,0,0,0,0,0,0,0
2025/05/07 10:41:13.845561697,1746607273,845308175,joy,-0.0,-0.0,1.0,-0.0,-0.0,1.0,0.0,0.0,0,0,0,0,0,0,0,0,0,0,0
2025/05/07 10:41:13.896565921,1746607273,896353059,joy,-0.0,-0.0,1.0,-0.0,-0.0,1.0,0.0,0.0,0,0,0,0,0,0,0,0,0,0,0
2025/05/07 10:41:13.947109693,1746607273,946818119,joy,-0.0,-0.0,1.0,-0.0,-0.0,1.0,0.0,0.0,0,0,0,0,0,0,0,0,0,0,0
2025/05/07 10:41:13.997616416,1746607273,997355058,joy,-0.0,-0.0,1.0,-0.0,-0.0,1.0,0.0,0.0,0,0,0,0,0,0,0,0,0,0,0
2025/05/07 10:41:14.97662959,1746607274,97312715,joy,-0.0,-0.0,1.0,-0.0,-0.0,1.0,0.0,0.0,0,0,0,0,0,0,0,0,0,0,0
2025/05/07 10:41:14.148241010,1746607274,148077708,joy,-0.0,-0.0,1.0,-0.0,-0.0,1.0,0.0,0.0,0,0,0,0,0,0,0,0,0,0,0
2025/05/07 10:41:14.247801258,1746607274,247505098,joy,-0.0,-0.0,1.0,-0.0,-0.0,1.0,0.0,0.0,0,0,0,0,0,0,0,0,0,0,0
2025/05/07 10:41:14.298548207,1746607274,298359153,joy,-0.0,-0.0,1.0,-0.0,-0.0,1.0,0.0,0.0,0,0,0,0,0,0,0,0,0,0,0
2025/05/07 10:41:14.349378540,1746607274,349170751,joy,-0.0,-0.0,1.0,-0.0,-0.0,1.0,0.0,0.0,0,0,0,0,0,0,0,0,0,0,0
2025/05/07 10:41:14.449370807,1746607274,449163919,joy,-0.0,-0.0,1.0,-0.0,-0.0,1.0,0.0,0.0,0,0,0,0,0,0,0,0,0,0,0
2025/05/07 10:41:14.499626363,1746607274,499410372,joy,-0.0,-0.0,1.0,-0.0,-0.0,1.0,0.0,0.0,0,0,0,0,0,0,0,0,0,0,0
2025/05/07 10:41:14.549853660,1746607274,549576163,joy,-0.0,-0.0,1.0,-0.0,-0.0,1.0,0.0,0.0,0,0,0,0,0,0,0,0,0,0,0
2025/05/07 10:41:14.601084941,1746607274,600223598,joy,-0.0,-0.0,1.0,-0.0,-0.0,1.0,0.0,0.0,0,0,0,0,0,0,0,0,0,0,0
2025/05/07 10:41:14.700415027,1746607274,700220092,joy,-0.0,-0.0,1.0,-0.0,-0.0,1.0,0.0,0.0,0,0,0,0,0,0,0,0,0,0,0
2025/05/07 10:41:14.750689677,1746607274,750402452,joy,-0.0,-0.0,1.0,-0.0,-0.0,1.0,0.0,0.0,0,0,0,0,0,0,0,0,0,0,0
2025/05/07 10:41:14.801414974,1746607274,800672528,joy,-0.0,-0.0,1.0,-0.0,-0.0,1.0,0.0,0.0,0,0,0,0,0,0,0,0,0,0,0
2025/05/07 10:41:14.852065707,1746607274,851351091,joy,-0.0,-0.0,1.0,-0.0,-0.0,1.0,0.0,0.0,0,0,0,0,0,0,0,0,0,0,0
2025/05/07 10:41:14.903375211,1746607274,902423973,joy,-0.0,-0.0,1.0,-0.0,-0.0,1.0,0.0,0.0,0,0,0,0,0,0,0,0,0,0,0
2025/05/07 10:41:14.953999980,1746607274,952918746,joy,-0.0,-0.0,1.0,-0.0,-0.0,1.0,0.0,0.0,0,0,0,0,0,0,0,0,0,0,0
2025/05/07 10:41:15.3867629,1746607275,3291640,joy,-0.0,-0.0,1.0,-0.0,-0.0,1.0,0.0,0.0,0,0,0,0,0,0,0,0,0,0,0
2025/05/07 10:41:15.103070212,1746607275,102733652,joy,-0.0,-0.0,1.0,-0.0,-0.0,1.0,0.0,0.0,0,0,0,0,0,0,0,0,0,0,0
2025/05/07 10:41:15.153443561,1746607275,152886588,joy,-0.0,-0.0,1.0,-0.0,-0.0,1.0,0.0,0.0,0,0,0,0,0,0,0,0,0,0,0
2025/05/07 10:41:15.254059899,1746607275,253474865,joy,-0.0,-0.0,1.0,-0.0,-0.0,1.0,0.0,0.0,0,0,0,0,0,0,0,0,0,0,0
2025/05/07 10:41:15.303680591,1746607275,303502383,joy,-0.0,-0.0,1.0,-0.0,-0.0,1.0,0.0,0.0,0,0,0,0,0,0,0,0,0,0,0
2025/05/07 10:41:15.354601516,1746607275,354307050,joy,-0.0,-0.0,1.0,-0.0,-0.0,1.0,0.0,0.0,0,0,0,0,0,0,0,0,0,0,0
2025/05/07 10:41:15.405202800,1746607275,404957501,joy,-0.0,-0.0,1.0,-0.0,-0.0,1.0,0.0,0.0,0,0,0,0,0,0,0,0,0,0,0
2025/05/07 10:41:15.505591580,1746607275,505325956,joy,-0.0,-0.0,1.0,-0.0,-0.0,1.0,0.0,0.0,0,0,0,0,0,0,0,0,0,0,0
2025/05/07 10:41:15.556087258,1746607275,555856621,joy,-0.0,-0.0,1.0,-0.0,-0.0,1.0,0.0,0.0,0,0,0,0,0,0,0,0,0,0,0
2025/05/07 10:41:15.655969178,1746607275,655596472,joy,-0.0,-0.0,1.0,-0.0,-0.0,1.0,0.0,0.0,0,0,0,0,0,0,0,0,0,0,0
2025/05/07 10:41:15.706288068,1746607275,706094626,joy,-0.0,-0.0,1.0,-0.0,-0.0,1.0,0.0,0.0,0,0,0,0,0,0,0,0,0,0,0
2025/05/07 10:41:15.805834336,1746607275,805616503,joy,-0.0,-0.0,1.0,-0.0,-0.0,1.0,0.0,0.0,0,0,0,0,0,0,0,0,0,0,0
2025/05/07 10:41:15.855871161,1746607275,855625275,joy,-0.0,-0.0,1.0,-0.0,-0.0,1.0,0.0,0.0,0,0,0,0,0,0,0,0,0,0,0
2025/05/07 10:41:15.906721453,1746607275,906488925,joy,-0.0,-0.0,1.0,-0.0,-0.0,1.0,0.0,0.0,0,0,0,0,0,0,0,0,0,0,0
2025/05/07 10:41:15.957617826,1746607275,957350986,joy,-0.0,-0.0,1.0,-0.0,-0.0,1.0,0.0,0.0,0,0,0,0,0,0,0,0,0,0,0
2025/05/07 10:41:16.8302313,1746607276,8017220,joy,-0.0,-0.0,1.0,-0.0,-0.0,1.0,0.0,0.0,0,0,0,0,0,0,0,0,0,0,0
2025/05/07 10:41:16.107306035,1746607276,107024200,joy,-0.0,-0.0,1.0,-0.0,-0.0,1.0,0.0,0.0,0,0,0,0,0,0,0,0,0,0,0
2025/05/07 10:41:16.157607603,1746607276,157368357,joy,-0.0,-0.0,1.0,-0.0,-0.0,1.0,0.0,0.0,0,0,0,0,0,0,0,0,0,0,0
2025/05/07 10:41:16.207954974,1746607276,207667626,joy,-0.0,-0.0,1.0,-0.0,-0.0,1.0,0.0,0.0,0,0,0,0,0,0,0,0,0,0,0
2025/05/07 10:41:16.308439298,1746607276,308188374,joy,-0.0,-0.0,1.0,-0.0,-0.0,1.0,0.0,0.0,0,0,0,0,0,0,0,0,0,0,0
2025/05/07 10:41:16.408210735,1746607276,407893556,joy,-0.0,-0.0,1.0,-0.0,-0.0,1.0,0.0,0.0,0,0,0,0,0,0,0,0,0,0,0
2025/05/07 10:41:16.508181916,1746607276,507920358,joy,-0.0,-0.0,1.0,-0.0,-0.0,1.0,0.0,0.0,0,0,0,0,0,0,0,0,0,0,0
2025/05/07 10:41:16.607761941,1746607276,607501190,joy,-0.0,-0.0,1.0,-0.0,-0.0,1.0,0.0,0.0,0,0,0,0,0,0,0,0,0,0,0
2025/05/07 10:41:16.658534824,1746607276,658284226,joy,-0.0,-0.0,1.0,-0.0,-0.0,1.0,0.0,0.0,0,0,0,0,0,0,0,0,0,0,0
2025/05/07 10:41:16.758013280,1746607276,757637226,joy,-0.0,-0.0,1.0,-0.0,-0.0,1.0,0.0,0.0,0,0,0,0,0,0,0,0,0,0,0
2025/05/07 10:41:16.858463444,1746607276,858200446,joy,-0.0,-0.0,1.0,-0.0,-0.0,1.0,0.0,0.0,0,0,0,0,0,0,0,0,0,0,0
2025/05/07 10:41:16.909089515,1746607276,908910596,joy,-0.0,-0.0,1.0,-0.0,-0.0,1.0,0.0,0.0,0,0,0,0,0,0,0,0,0,0,0
2025/05/07 10:41:17.9633664,1746607277,9357424,joy,-0.0,-0.0,1.0,-0.0,-0.0,1.0,0.0,0.0,0,0,0,0,0,0,0,0,0,0,0
2025/05/07 10:41:17.59639982,1746607277,59427134,joy,-0.0,-0.0,1.0,-0.0,-0.0,1.0,0.0,0.0,0,0,0,0,0,0,0,0,0,0,0
2025/05/07 10:41:17.110712740,1746607277,110418455,joy,-0.0,-0.0,1.0,-0.0,-0.0,1.0,0.0,0.0,0,0,0,0,0,0,0,0,0,0,0
2025/05/07 10:41:17.160780286,1746607277,160557287,joy,-0.0,-0.0,1.0,-0.0,-0.0,1.0,0.0,0.0,0,0,0,0,0,0,0,0,0,0,0
2025/05/07 10:41:17.261545238,1746607277,261281857,joy,-0.0,-0.0,1.0,-0.0,-0.0,1.0,0.0,0.0,0,0,0,0,0,0,0,0,0,0,0
2025/05/07 10:41:17.361121195,1746607277,360771340,joy,-0.0,-0.0,1.0,-0.0,-0.0,1.0,0.0,0.0,0,0,0,0,0,0,0,0,0,0,0
2025/05/07 10:41:17.411731597,1746607277,411409118,joy,-0.0,-0.0,1.0,-0.0,-0.0,1.0,0.0,0.0,0,0,0,0,0,0,0,0,0,0,0
2025/05/07 10:41:17.463178117,1746607277,462212288,joy,-0.0,-0.0,1.0,-0.0,-0.0,1.0,0.0,0.0,0,0,0,0,0,0,0,0,0,0,0
2025/05/07 10:41:17.513572070,1746607277,513409148,joy,-0.0,-0.0,1.0,-0.0,-0.0,1.0,0.0,0.0,0,0,0,0,0,0,0,0,0,0,0
2025/05/07 10:41:17.564577994,1746607277,564316613,joy,-0.0,-0.0,1.0,-0.0,-0.0,1.0,0.0,0.0,0,0,0,0,0,0,0,0,0,0,0
2025/05/07 10:41:17.615331665,1746607277,615042050,joy,-0.0,-0.0,1.0,-0.0,-0.0,1.0,0.0,0.0,0,0,0,0,0,0,0,0,0,0,0
2025/05/07 10:41:17.665682899,1746607277,665445353,joy,-0.0,-0.0,1.0,-0.0,-0.0,1.0,0.0,0.0,0,0,0,0,0,0,0,0,0,0,0
2025/05/07 10:41:17.716743816,1746607277,716444000,joy,-0.0,-0.0,1.0,-0.0,-0.0,1.0,0.0,0.0,0,0,0,0,0,0,0,0,0,0,0
2025/05/07 10:41:17.818302289,1746607277,816571794,joy,-0.0,-0.0,1.0,-0.0,-0.0,1.0,0.0,0.0,0,0,0,0,0,0,0,0,0,0,0
2025/05/07 10:41:17.867498633,1746607277,866853328,joy,-0.0,-0.0,1.0,-0.0,-0.0,1.0,0.0,0.0,0,0,0,0,0,0,0,0,0,0,0
2025/05/07 10:41:17.918705693,1746607277,917840065,joy,-0.0,-0.0,1.0,-0.0,-0.0,1.0,0.0,0.0,0,0,0,0,0,0,0,0,0,0,0
2025/05/07 10:41:17.968793110,1746607277,968294950,joy,-0.0,-0.0,1.0,-0.0,-0.0,1.0,0.0,0.0,0,0,0,0,0,0,0,0,0,0,0
2025/05/07 10:41:18.19052712,1746607278,18850125,joy,-0.0,-0.0,1.0,-0.0,-0.0,1.0,0.0,0.0,0,0,0,0,0,0,0,0,0,0,0
2025/05/07 10:41:18.117935979,1746607278,117664938,joy,-0.0,-0.0,1.0,-0.0,-0.0,1.0,0.0,0.0,0,0,0,0,0,0,0,0,0,0,0
2025/05/07 10:41:18.218494959,1746607278,218317839,joy,-0.0,-0.0,1.0,-0.0,-0.0,1.0,0.0,0.0,0,0,0,0,0,0,0,0,0,0,0
2025/05/07 10:41:18.317788279,1746607278,317650708,joy,-0.0,-0.0,1.0,-0.0,-0.0,1.0,0.0,0.0,0,0,0,0,0,0,0,0,0,0,0
2025/05/07 10:41:18.368483153,1746607278,368296778,joy,-0.0,-0.0,1.0,-0.0,-0.0,1.0,0.0,0.0,0,0,0,0,0,0,0,0,0,0,0
2025/05/07 10:41:18.468550277,1746607278,468392461,joy,-0.0,-0.0,1.0,-0.0,-0.0,1.0,0.0,0.0,0,0,0,0,0,0,0,0,0,0,0
2025/05/07 10:41:18.519193885,1746607278,519041144,joy,-0.0,-0.0,1.0,-0.0,-0.0,1.0,0.0,0.0,0,0,0,0,0,0,0,0,0,0,0
2025/05/07 10:41:18.619253952,1746607278,618929985,joy,-0.0,-0.0,1.0,-0.0,-0.0,1.0,0.0,0.0,0,0,0,0,0,0,0,0,0,0,0
2025/05/07 10:41:18.719264451,1746607278,719124698,joy,-0.0,-0.0,1.0,-0.0,-0.0,1.0,0.0,0.0,0,0,0,0,0,0,0,0,0,0,0
2025/05/07 10:41:18.818675021,1746607278,818493581,joy,-0.0,-0.0,1.0,-0.0,-0.0,1.0,0.0,0.0,0,0,0,0,0,0,0,0,0,0,0
2025/05/07 10:41:18.871072196,1746607278,869329790,joy,-0.0,-0.0,1.0,-0.0,-0.0,1.0,0.0,0.0,0,0,0,0,0,0,0,0,0,0,0
2025/05/07 10:41:18.920673552,1746607278,920434753,joy,-0.0,-0.0,1.0,-0.0,-0.0,1.0,0.0,0.0,0,0,0,0,0,0,0,0,0,0,0
2025/05/07 10:41:18.971549279,1746607278,971308192,joy,-0.0,-0.0,1.0,-0.0,-0.0,1.0,0.0,0.0,0,0,0,0,0,0,0,0,0,0,0
2025/05/07 10:41:18.983842680,1746607278,982600729,joy,-0.0,-0.0,1.0,-0.0,-0.0,1.0,0.0,0.0,1,0,0,0,0,0,0,0,0,0,0
2025/05/07 10:41:19.32858247,1746607279,32540037,joy,-0.0,-0.0,1.0,-0.0,-0.0,1.0,0.0,0.0,1,0,0,0,0,0,0,0,0,0,0
2025/05/07 10:41:19.132399962,1746607279,131875440,joy,-0.0,-0.0,1.0,-0.0,-0.0,1.0,0.0,0.0,1,0,0,0,0,0,0,0,0,0,0
2025/05/07 10:41:19.178657709,1746607279,178435242,joy,-0.0,-0.0,1.0,-0.0,-0.0,1.0,0.0,0.0,0,0,0,0,0,0,0,0,0,0,0
2025/05/07 10:41:19.229557038,1746607279,229345033,joy,-0.0,-0.0,1.0,-0.0,-0.0,1.0,0.0,0.0,0,0,0,0,0,0,0,0,0,0,0
2025/05/07 10:41:19.280352033,1746607279,280059658,joy,-0.0,-0.0,1.0,-0.0,-0.0,1.0,0.0,0.0,0,0,0,0,0,0,0,0,0,0,0
2025/05/07 10:41:19.380327813,1746607279,380020428,joy,-0.0,-0.0,1.0,-0.0,-0.0,1.0,0.0,0.0,0,0,0,0,0,0,0,0,0,0,0
2025/05/07 10:41:19.480623700,1746607279,480302107,joy,-0.0,-0.0,1.0,-0.0,-0.0,1.0,0.0,0.0,0,0,0,0,0,0,0,0,0,0,0
2025/05/07 10:41:19.531095524,1746607279,530873018,joy,-0.0,-0.0,1.0,-0.0,-0.0,1.0,0.0,0.0,0,0,0,0,0,0,0,0,0,0,0
2025/05/07 10:41:19.581370845,1746607279,581029209,joy,-0.0,-0.0,1.0,-0.0,-0.0,1.0,0.0,0.0,0,0,0,0,0,0,0,0,0,0,0
2025/05/07 10:41:19.631413720,1746607279,631209034,joy,-0.0,-0.0,1.0,-0.0,-0.0,1.0,0.0,0.0,0,0,0,0,0,0,0,0,0,0,0
2025/05/07 10:41:19.731695231,1746607279,731386461,joy,-0.0,-0.0,1.0,-0.0,-0.0,1.0,0.0,0.0,0,0,0,0,0,0,0,0,0,0,0
2025/05/07 10:41:19.782565481,1746607279,782301003,joy,-0.0,-0.0,1.0,-0.0,-0.0,1.0,0.0,0.0,0,0,0,0,0,0,0,0,0,0,0
2025/05/07 10:41:19.882260606,1746607279,882074788,joy,-0.0,-0.0,1.0,-0.0,-0.0,1.0,0.0,0.0,0,0,0,0,0,0,0,0,0,0,0
2025/05/07 10:41:19.932927971,1746607279,932723219,joy,-0.0,-0.0,1.0,-0.0,-0.0,1.0,0.0,0.0,0,0,0,0,0,0,0,0,0,0,0
2025/05/07 10:41:19.982931471,1746607279,982722745,joy,-0.0,-0.0,1.0,-0.0,-0.0,1.0,0.0,0.0,0,0,0,0,0,0,0,0,0,0,0
2025/05/07 10:41:20.33656591,1746607280,33355817,joy,-0.0,-0.0,1.0,-0.0,-0.0,1.0,0.0,0.0,0,0,0,0,0,0,0,0,0,0,0
2025/05/07 10:41:20.133369465,1746607280,133101430,joy,-0.0,-0.0,1.0,-0.0,-0.0,1.0,0.0,0.0,0,0,0,0,0,0,0,0,0,0,0
2025/05/07 10:41:20.184706728,1746607280,183448694,joy,-0.0,-0.0,1.0,-0.0,-0.0,1.0,0.0,0.0,0,0,0,0,0,0,0,0,0,0,0
2025/05/07 10:41:20.234571620,1746607280,234363347,joy,-0.0,-0.0,1.0,-0.0,-0.0,1.0,0.0,0.0,0,0,0,0,0,0,0,0,0,0,0
2025/05/07 10:41:20.285424193,1746607280,285058225,joy,-0.0,-0.0,1.0,-0.0,-0.0,1.0,0.0,0.0,0,0,0,0,0,0,0,0,0,0,0
2025/05/07 10:41:20.385692549,1746607280,385442427,joy,-0.0,-0.0,1.0,-0.0,-0.0,1.0,0.0,0.0,0,0,0,0,0,0,0,0,0,0,0
2025/05/07 10:41:20.436410421,1746607280,436186556,joy,-0.0,-0.0,1.0,-0.0,-0.0,1.0,0.0,0.0,0,0,0,0,0,0,0,0,0,0,0
2025/05/07 10:41:20.535905160,1746607280,535673647,joy,-0.0,-0.0,1.0,-0.0,-0.0,1.0,0.0,0.0,0,0,0,0,0,0,0,0,0,0,0
2025/05/07 10:41:20.636659609,1746607280,636450447,joy,-0.0,-0.0,1.0,-0.0,-0.0,1.0,0.0,0.0,0,0,0,0,0,0,0,0,0,0,0
2025/05/07 10:41:20.687699516,1746607280,687410545,joy,-0.0,-0.0,1.0,-0.0,-0.0,1.0,0.0,0.0,0,0,0,0,0,0,0,0,0,0,0
2025/05/07 10:41:20.738336617,1746607280,738057575,joy,-0.0,-0.0,1.0,-0.0,-0.0,1.0,0.0,0.0,0,0,0,0,0,0,0,0,0,0,0
2025/05/07 10:41:20.788581504,1746607280,788276860,joy,-0.0,-0.0,1.0,-0.0,-0.0,1.0,0.0,0.0,0,0,0,0,0,0,0,0,0,0,0
2025/05/07 10:41:20.887753842,1746607280,887489142,joy,-0.0,-0.0,1.0,-0.0,-0.0,1.0,0.0,0.0,0,0,0,0,0,0,0,0,0,0,0
2025/05/07 10:41:20.938906894,1746607280,938593343,joy,-0.0,-0.0,1.0,-0.0,-0.0,1.0,0.0,0.0,0,0,0,0,0,0,0,0,0,0,0
2025/05/07 10:41:20.989615907,1746607280,989387030,joy,-0.0,-0.0,1.0,-0.0,-0.0,1.0,0.0,0.0,0,0,0,0,0,0,0,0,0,0,0
2025/05/07 10:41:21.41012883,1746607281,40105856,joy,-0.0,-0.0,1.0,-0.0,-0.0,1.0,0.0,0.0,0,0,0,0,0,0,0,0,0,0,0
2025/05/07 10:41:21.139747027,1746607281,139408264,joy,-0.0,-0.0,1.0,-0.0,-0.0,1.0,0.0,0.0,0,0,0,0,0,0,0,0,0,0,0
2025/05/07 10:41:21.190628004,1746607281,190343926,joy,-0.0,-0.0,1.0,-0.0010167482541874051,-0.0,1.0,0.0,0.0,0,0,0,0,0,0,0,0,0,0,0
2025/05/07 10:41:21.194876995,1746607281,194714299,joy,-0.0,-0.0,1.0,-0.0257849283516407,-0.0,1.0,0.0,0.0,0,0,0,0,0,0,0,0,0,0,0
2025/05/07 10:41:21.198729126,1746607281,197973567,joy,-0.0,-0.0,1.0,-0.06706522405147552,-0.0,1.0,0.0,0.0,0,0,0,0,0,0,0,0,0,0,0
2025/05/07 10:41:21.202498113,1746607281,202322042,joy,-0.0,-0.0,1.0,-0.09183340519666672,-0.0,1.0,0.0,0.0,0,0,0,0,0,0,0,0,0,0,0
2025/05/07 10:41:21.206932516,1746607281,206640474,joy,-0.0,-0.0,1.0,-0.11660158634185791,-0.0,1.0,0.0,0.0,0,0,0,0,0,0,0,0,0,0,0
2025/05/07 10:41:21.210222155,1746607281,209950332,joy,-0.0,-0.0,1.0,-0.14962582290172577,-0.0,1.0,0.0,0.0,0,0,0,0,0,0,0,0,0,0,0
2025/05/07 10:41:21.214604762,1746607281,214323149,joy,-0.0,-0.0,1.0,-0.15788188576698303,-0.0,1.0,0.0,0.0,0,0,0,0,0,0,0,0,0,0,0
2025/05/07 10:41:21.218904865,1746607281,218766330,joy,-0.0,-0.0,1.0,-0.19916218519210815,-0.0,1.0,0.0,0.0,0,0,0,0,0,0,0,0,0,0,0
2025/05/07 10:41:21.222254301,1746607281,222051437,joy,-0.0,-0.0,1.0,-0.22393035888671875,-0.0,1.0,0.0,0.0,0,0,0,0,0,0,0,0,0,0,0
2025/05/07 10:41:21.226677538,1746607281,226477089,joy,-0.0,-0.0,1.0,-0.24044248461723328,-0.0,1.0,0.0,0.0,0,0,0,0,0,0,0,0,0,0,0
2025/05/07 10:41:21.230977789,1746607281,230823025,joy,-0.0,-0.0,1.0,-0.26521065831184387,-0.0,1.0,0.0,0.0,0,0,0,0,0,0,0,0,0,0,0
2025/05/07 10:41:21.234259680,1746607281,234088705,joy,-0.0,-0.0,1.0,-0.28997883200645447,-0.0,1.0,0.0,0.0,0,0,0,0,0,0,0,0,0,0,0
2025/05/07 10:41:21.238690301,1746607281,238438892,joy,-0.0,-0.0,1.0,-0.3230030834674835,-0.0,1.0,0.0,0.0,0,0,0,0,0,0,0,0,0,0,0
2025/05/07 10:41:21.242942079,1746607281,242759130,joy,-0.0,-0.0,1.0,-0.3560273051261902,-0.0,1.0,0.0,0.0,0,0,0,0,0,0,0,0,0,0,0
2025/05/07 10:41:21.246247769,1746607281,246005557,joy,-0.0,-0.0,1.0,-0.38905155658721924,-0.0,1.0,0.0,0.0,0,0,0,0,0,0,0,0,0,0,0
2025/05/07 10:41:21.250647167,1746607281,250347776,joy,-0.0,-0.0,1.0,-0.41381973028182983,-0.0,1.0,0.0,0.0,0,0,0,0,0,0,0,0,0,0,0
2025/05/07 10:41:21.255068076,1746607281,254743593,joy,-0.0,-0.0,1.0,-0.43858790397644043,-0.0,1.0,0.0,0.0,0,0,0,0,0,0,0,0,0,0,0
2025/05/07 10:41:21.258365138,1746607281,258056996,joy,-0.0,-0.0,1.0,-0.45510002970695496,-0.0,1.0,0.0,0.0,0,0,0,0,0,0,0,0,0,0,0
2025/05/07 10:41:21.262712096,1746607281,262446137,joy,-0.0,-0.0,1.0,-0.47986820340156555,-0.0,1.0,0.0,0.0,0,0,0,0,0,0,0,0,0,0,0
2025/05/07 10:41:21.267184221,1746607281,266833352,joy,-0.0,-0.0,1.0,-0.488124281167984,-0.0,1.0,0.0,0.0,0,0,0,0,0,0,0,0,0,0,0
2025/05/07 10:41:21.270408681,1746607281,270093905,joy,-0.0,-0.0,1.0,-0.5046364068984985,-0.0,1.0,0.0,0.0,0,0,0,0,0,0,0,0,0,0,0
2025/05/07 10:41:21.274693237,1746607281,274421974,joy,-0.0,-0.0,1.0,-0.5294045805931091,-0.0,1.0,0.0,0.0,0,0,0,0,0,0,0,0,0,0,0
2025/05/07 10:41:21.279320941,1746607281,278816463,joy,-0.0,-0.0,1.0,-0.5459166765213013,-0.0,1.0,0.0,0.0,0,0,0,0,0,0,0,0,0,0,0
2025/05/07 10:41:21.282748222,1746607281,282229269,joy,-0.0,-0.0,1.0,-0.5624288320541382,-0.0,1.0,0.0,0.0,0,0,0,0,0,0,0,0,0,0,0
2025/05/07 10:41:21.291194651,1746607281,290910749,joy,-0.0,-0.0,1.0,-0.5706848502159119,-0.0,1.0,0.0,0.0,0,0,0,0,0,0,0,0,0,0,0
2025/05/07 10:41:21.294316963,1746607281,294169308,joy,-0.0,-0.0,1.0,-0.5871970057487488,-0.0,1.0,0.0,0.0,0,0,0,0,0,0,0,0,0,0,0
2025/05/07 10:41:21.298639510,1746607281,298489337,joy,-0.0,-0.0,1.0,-0.5954530239105225,-0.0,1.0,0.0,0.0,0,0,0,0,0,0,0,0,0,0,0
2025/05/07 10:41:21.306263728,1746607281,306051502,joy,-0.0,-0.0,1.0,-0.6119651794433594,-0.0,1.0,0.0,0.0,0,0,0,0,0,0,0,0,0,0,0
2025/05/07 10:41:21.319207809,1746607281,318983172,joy,-0.0,-0.0,1.0,-0.6284772753715515,-0.0,1.0,0.0,0.0,0,0,0,0,0,0,0,0,0,0,0
2025/05/07 10:41:21.418661546,1746607281,418495773,joy,-0.0,-0.0,1.0,-0.6284772753715515,-0.0,1.0,0.0,0.0,0,0,0,0,0,0,0,0,0,0,0
2025/05/07 10:41:21.469604706,1746607281,469391745,joy,-0.0,-0.0,1.0,-0.6284772753715515,-0.0,1.0,0.0,0.0,0,0,0,0,0,0,0,0,0,0,0
2025/05/07 10:41:21.520379829,1746607281,520188954,joy,-0.0,-0.0,1.0,-0.6284772753715515,-0.0,1.0,0.0,0.0,0,0,0,0,0,0,0,0,0,0,0
2025/05/07 10:41:21.620159886,1746607281,619870237,joy,-0.0,-0.0,1.0,-0.6284772753715515,-0.0,1.0,0.0,0.0,0,0,0,0,0,0,0,0,0,0,0
2025/05/07 10:41:21.719588921,1746607281,719412865,joy,-0.0,-0.0,1.0,-0.6284772753715515,-0.0,1.0,0.0,0.0,0,0,0,0,0,0,0,0,0,0,0
2025/05/07 10:41:21.770395923,1746607281,770228342,joy,-0.0,-0.0,1.0,-0.6284772753715515,-0.0,1.0,0.0,0.0,0,0,0,0,0,0,0,0,0,0,0
2025/05/07 10:41:21.830909248,1746607281,830734020,joy,-0.0,-0.0,1.0,-0.63673335313797,-0.0,1.0,0.0,0.0,0,0,0,0,0,0,0,0,0,0,0
2025/05/07 10:41:21.859267740,1746607281,858939316,joy,-0.0,-0.0,1.0,-0.6532454490661621,-0.0,1.0,0.0,0.0,0,0,0,0,0,0,0,0,0,0,0
2025/05/07 10:41:21.886999649,1746607281,886709898,joy,-0.0,-0.0,1.0,-0.6615015268325806,-0.0,1.0,0.0,0.0,0,0,0,0,0,0,0,0,0,0,0
2025/05/07 10:41:21.938299629,1746607281,938062335,joy,-0.0,-0.0,1.0,-0.6780136227607727,-0.0,1.0,0.0,0.0,0,0,0,0,0,0,0,0,0,0,0
2025/05/07 10:41:22.37635902,1746607282,37414571,joy,-0.0,-0.0,1.0,-0.6780136227607727,-0.0,1.0,0.0,0.0,0,0,0,0,0,0,0,0,0,0,0
2025/05/07 10:41:22.70150535,1746607282,69975470,joy,-0.0,-0.0,1.0,-0.6945257782936096,-0.0,1.0,0.0,0.0,0,0,0,0,0,0,0,0,0,0,0
2025/05/07 10:41:22.95190633,1746607282,94944829,joy,-0.0,-0.0,1.0,-0.7027818560600281,-0.0,1.0,0.0,0.0,0,0,0,0,0,0,0,0,0,0,0
2025/05/07 10:41:22.110353056,1746607282,110154292,joy,-0.0,-0.0,1.0,-0.7192939519882202,-0.0,1.0,0.0,0.0,0,0,0,0,0,0,0,0,0,0,0
2025/05/07 10:41:22.118972489,1746607282,118761277,joy,-0.0,-0.0,1.0,-0.7275500297546387,-0.0,1.0,0.0,0.0,0,0,0,0,0,0,0,0,0,0,0
2025/05/07 10:41:22.126473014,1746607282,126293456,joy,-0.0,-0.0,1.0,-0.760574221611023,-0.0,1.0,0.0,0.0,0,0,0,0,0,0,0,0,0,0,0
2025/05/07 10:41:22.130766822,1746607282,130640270,joy,-0.0,-0.0,1.0,-0.7688302993774414,-0.0,1.0,0.0,0.0,0,0,0,0,0,0,0,0,0,0,0
2025/05/07 10:41:22.134144371,1746607282,133941343,joy,-0.0,-0.0,1.0,-0.7853424549102783,-0.0,1.0,0.0,0.0,0,0,0,0,0,0,0,0,0,0,0
2025/05/07 10:41:22.138518020,1746607282,138269712,joy,-0.0,-0.0,1.0,-0.8101106286048889,-0.0,1.0,0.0,0.0,0,0,0,0,0,0,0,0,0,0,0
2025/05/07 10:41:22.142919645,1746607282,142602396,joy,-0.0,-0.0,1.0,-0.826622724533081,-0.0,1.0,0.0,0.0,0,0,0,0,0,0,0,0,0,0,0
2025/05/07 10:41:22.147062051,1746607282,146910745,joy,-0.0,-0.0,1.0,-0.8513908982276917,-0.0,1.0,0.0,0.0,0,0,0,0,0,0,0,0,0,0,0
2025/05/07 10:41:22.150386716,1746607282,150160604,joy,-0.0,-0.0,1.0,-0.8679030537605286,-0.0,1.0,0.0,0.0,0,0,0,0,0,0,0,0,0,0,0
2025/05/07 10:41:22.155046992,1746607282,154522815,joy,-0.0,-0.0,1.0,-0.8926712274551392,-0.0,1.0,0.0,0.0,0,0,0,0,0,0,0,0,0,0,0
2025/05/07 10:41:22.159097224,1746607282,158892090,joy,-0.0,-0.0,1.0,-0.9009272456169128,-0.0,1.0,0.0,0.0,0,0,0,0,0,0,0,0,0,0,0
2025/05/07 10:41:22.162422663,1746607282,162204858,joy,-0.0,-0.0,1.0,-0.9339514970779419,-0.0,1.0,0.0,0.0,0,0,0,0,0,0,0,0,0,0,0
2025/05/07 10:41:22.166821852,1746607282,166566486,joy,-0.0,-0.0,1.0,-0.9422075748443604,-0.0,1.0,0.0,0.0,0,0,0,0,0,0,0,0,0,0,0
2025/05/07 10:41:22.171145656,1746607282,170947456,joy,-0.0,-0.0,1.0,-0.966975748538971,-0.0,1.0,0.0,0.0,0,0,0,0,0,0,0,0,0,0,0
2025/05/07 10:41:22.174430683,1746607282,174293468,joy,-0.0,-0.0,1.0,-0.9834878444671631,-0.0,1.0,0.0,0.0,0,0,0,0,0,0,0,0,0,0,0
2025/05/07 10:41:22.178918954,1746607282,178594027,joy,-0.0,-0.0,1.0,-1.0,-0.0,1.0,0.0,0.0,0,0,0,0,0,0,0,0,0,0,0
2025/05/07 10:41:22.229358583,1746607282,229015960,joy,-0.0,-0.0,1.0,-1.0,-0.0,1.0,0.0,0.0,0,0,0,0,0,0,0,0,0,0,0
2025/05/07 10:41:22.330198462,1746607282,329236376,joy,-0.0,-0.0,1.0,-1.0,-0.0,1.0,0.0,0.0,0,0,0,0,0,0,0,0,0,0,0
2025/05/07 10:41:22.380585023,1746607282,380396109,joy,-0.0,-0.0,1.0,-1.0,-0.0,1.0,0.0,0.0,0,0,0,0,0,0,0,0,0,0,0
2025/05/07 10:41:22.431577211,1746607282,431300938,joy,-0.0,-0.0,1.0,-1.0,-0.0,1.0,0.0,0.0,0,0,0,0,0,0,0,0,0,0,0
2025/05/07 10:41:22.530666454,1746607282,530510966,joy,-0.0,-0.0,1.0,-1.0,-0.0,1.0,0.0,0.0,0,0,0,0,0,0,0,0,0,0,0
2025/05/07 10:41:22.581085982,1746607282,580726193,joy,-0.0,-0.0,1.0,-1.0,-0.0,1.0,0.0,0.0,0,0,0,0,0,0,0,0,0,0,0
2025/05/07 10:41:22.631087971,1746607282,630859994,joy,-0.0,-0.0,1.0,-1.0,-0.0,1.0,0.0,0.0,0,0,0,0,0,0,0,0,0,0,0
2025/05/07 10:41:22.731538869,1746607282,731330816,joy,-0.0,-0.0,1.0,-1.0,-0.0,1.0,0.0,0.0,0,0,0,0,0,0,0,0,0,0,0
2025/05/07 10:41:22.830841608,1746607282,830629836,joy,-0.0,-0.0,1.0,-1.0,-0.0,1.0,0.0,0.0,0,0,0,0,0,0,0,0,0,0,0
2025/05/07 10:41:22.881077071,1746607282,880852416,joy,-0.0,-0.0,1.0,-1.0,-0.0,1.0,0.0,0.0,0,0,0,0,0,0,0,0,0,0,0
2025/05/07 10:41:22.932254388,1746607282,931776924,joy,-0.0,-0.0,1.0,-1.0,-0.0,1.0,0.0,0.0,0,0,0,0,0,0,0,0,0,0,0
2025/05/07 10:41:23.10827632,1746607283,10656285,joy,-0.0,-0.0,1.0,-0.966975748538971,-0.0,1.0,0.0,0.0,0,0,0,0,0,0,0,0,0,0,0
2025/05/07 10:41:23.14099182,1746607283,13953906,joy,-0.0,-0.0,1.0,-0.9174394011497498,-0.0,1.0,0.0,0.0,0,0,0,0,0,0,0,0,0,0,0
2025/05/07 10:41:23.18395007,1746607283,18255372,joy,-0.0,-0.0,1.0,-0.8761590719223022,-0.0,1.0,0.0,0.0,0,0,0,0,0,0,0,0,0,0,0
2025/05/07 10:41:23.22785797,1746607283,22584043,joy,-0.0,-0.0,1.0,-0.8348788022994995,-0.0,1.0,0.0,0.0,0,0,0,0,0,0,0,0,0,0,0
2025/05/07 10:41:23.27076781,1746607283,26888362,joy,-0.0,-0.0,1.0,-0.7853424549102783,-0.0,1.0,0.0,0.0,0,0,0,0,0,0,0,0,0,0,0
2025/05/07 10:41:23.30327679,1746607283,30143611,joy,-0.0,-0.0,1.0,-0.7275500297546387,-0.0,1.0,0.0,0.0,0,0,0,0,0,0,0,0,0,0,0
2025/05/07 10:41:23.34618130,1746607283,34457335,joy,-0.0,-0.0,1.0,-0.6615015268325806,-0.0,1.0,0.0,0.0,0,0,0,0,0,0,0,0,0,0,0
2025/05/07 10:41:23.39169900,1746607283,38781289,joy,-0.0,-0.0,1.0,-0.5954530239105225,-0.0,1.0,0.0,0.0,0,0,0,0,0,0,0,0,0,0,0
2025/05/07 10:41:23.42253488,1746607283,42050799,joy,-0.0,-0.0,1.0,-0.5211485028266907,-0.0,1.0,0.0,0.0,0,0,0,0,0,0,0,0,0,0,0
2025/05/07 10:41:23.46548083,1746607283,46393899,joy,-0.0,-0.0,1.0,-0.3312591314315796,-0.0,1.0,0.0,0.0,0,0,0,0,0,0,0,0,0,0,0
2025/05/07 10:41:23.51012752,1746607283,50733668,joy,-0.0,-0.0,1.0,-0.0,-0.0,1.0,0.0,0.0,0,0,0,0,0,0,0,0,0,0,0
2025/05/07 10:41:23.54388835,1746607283,54068771,joy,-0.0,-0.0,1.0,0.05058523267507553,-0.0,1.0,0.0,0.0,0,0,0,0,0,0,0,0,0,0,0
2025/05/07 10:41:23.58856658,1746607283,58470501,joy,-0.0,-0.0,1.0,-0.0,-0.0,1.0,0.0,0.0,0,0,0,0,0,0,0,0,0,0,0
2025/05/07 10:41:23.109359912,1746607283,109117599,joy,-0.0,-0.0,1.0,-0.0,-0.0,1.0,0.0,0.0,0,0,0,0,0,0,0,0,0,0,0
2025/05/07 10:41:23.208818097,1746607283,208654737,joy,-0.0,-0.0,1.0,-0.0,-0.0,1.0,0.0,0.0,0,0,0,0,0,0,0,0,0,0,0
2025/05/07 10:41:23.308598999,1746607283,308446071,joy,-0.0,-0.0,1.0,-0.0,-0.0,1.0,0.0,0.0,0,0,0,0,0,0,0,0,0,0,0
2025/05/07 10:41:23.359229168,1746607283,359013865,joy,-0.0,-0.0,1.0,-0.0,-0.0,1.0,0.0,0.0,0,0,0,0,0,0,0,0,0,0,0
2025/05/07 10:41:23.459007166,1746607283,458722594,joy,-0.0,-0.0,1.0,-0.0,-0.0,1.0,0.0,0.0,0,0,0,0,0,0,0,0,0,0,0
2025/05/07 10:41:23.494844912,1746607283,494612777,joy,-0.0,-0.0,1.0,-0.017528867349028587,-0.0,1.0,0.0,0.0,0,0,0,0,0,0,0,0,0,0,0
2025/05/07 10:41:23.499211560,1746607283,498981356,joy,-0.0,-0.0,1.0,-0.04229704663157463,-0.0,1.0,0.0,0.0,0,0,0,0,0,0,0,0,0,0,0
2025/05/07 10:41:23.502527373,1746607283,502289071,joy,-0.0,-0.0,1.0,-0.08357734233140945,-0.0,1.0,0.0,0.0,0,0,0,0,0,0,0,0,0,0,0
2025/05/07 10:41:23.506956940,1746607283,506731238,joy,-0.0,-0.0,1.0,-0.11660158634185791,-0.0,1.0,0.0,0.0,0,0,0,0,0,0,0,0,0,0,0
2025/05/07 10:41:23.510216260,1746607283,510003190,joy,-0.0,-0.0,1.0,-0.13311371207237244,-0.0,1.0,0.0,0.0,0,0,0,0,0,0,0,0,0,0,0
2025/05/07 10:41:23.514577599,1746607283,514362848,joy,-0.0,-0.0,1.0,-0.15788188576698303,-0.0,1.0,0.0,0.0,0,0,0,0,0,0,0,0,0,0,0
2025/05/07 10:41:23.518975733,1746607283,518735857,joy,-0.0,-0.0,1.0,-0.19916218519210815,-0.0,1.0,0.0,0.0,0,0,0,0,0,0,0,0,0,0,0
2025/05/07 10:41:23.522248328,1746607283,522101606,joy,-0.0,-0.0,1.0,-0.2156742960214615,-0.0,1.0,0.0,0.0,0,0,0,0,0,0,0,0,0,0,0
2025/05/07 10:41:23.526630188,1746607283,526492532,joy,-0.0,-0.0,1.0,-0.24044248461723328,-0.0,1.0,0.0,0.0,0,0,0,0,0,0,0,0,0,0,0
2025/05/07 10:41:23.530986651,1746607283,530855570,joy,-0.0,-0.0,1.0,-0.26521065831184387,-0.0,1.0,0.0,0.0,0,0,0,0,0,0,0,0,0,0,0
2025/05/07 10:41:23.534510383,1746607283,534174575,joy,-0.0,-0.0,1.0,-0.28997883200645447,-0.0,1.0,0.0,0.0,0,0,0,0,0,0,0,0,0,0,0
2025/05/07 10:41:23.538850542,1746607283,538554614,joy,-0.0,-0.0,1.0,-0.3312591314315796,-0.0,1.0,0.0,0.0,0,0,0,0,0,0,0,0,0,0,0
2025/05/07 10:41:23.543171066,1746607283,542945766,joy,-0.0,-0.0,1.0,-0.3560273051261902,-0.0,1.0,0.0,0.0,0,0,0,0,0,0,0,0,0,0,0
2025/05/07 10:41:23.546460576,1746607283,546230456,joy,-0.0,-0.0,1.0,-0.38905155658721924,-0.0,1.0,0.0,0.0,0,0,0,0,0,0,0,0,0,0,0
2025/05/07 10:41:23.550775572,1746607283,550634078,joy,-0.0,-0.0,1.0,-0.4220758080482483,-0.0,1.0,0.0,0.0,0,0,0,0,0,0,0,0,0,0,0
2025/05/07 10:41:23.554262439,1746607283,553937192,joy,-0.0,-0.0,1.0,-0.43858790397644043,-0.0,1.0,0.0,0.0,0,0,0,0,0,0,0,0,0,0,0
2025/05/07 10:41:23.558411117,1746607283,558264424,joy,-0.0,-0.0,1.0,-0.4633561074733734,-0.0,1.0,0.0,0.0,0,0,0,0,0,0,0,0,0,0,0
2025/05/07 10:41:23.562796791,1746607283,562652260,joy,-0.0,-0.0,1.0,-0.47986820340156555,-0.0,1.0,0.0,0.0,0,0,0,0,0,0,0,0,0,0,0
2025/05/07 10:41:23.567108856,1746607283,566943671,joy,-0.0,-0.0,1.0,-0.488124281167984,-0.0,1.0,0.0,0.0,0,0,0,0,0,0,0,0,0,0,0
2025/05/07 10:41:23.570330247,1746607283,570184281,joy,-0.0,-0.0,1.0,-0.5046364068984985,-0.0,1.0,0.0,0.0,0,0,0,0,0,0,0,0,0,0,0
2025/05/07 10:41:23.574688831,1746607283,574530803,joy,-0.0,-0.0,1.0,-0.5211485028266907,-0.0,1.0,0.0,0.0,0,0,0,0,0,0,0,0,0,0,0
2025/05/07 10:41:23.579120537,1746607283,578909378,joy,-0.0,-0.0,1.0,-0.5294045805931091,-0.0,1.0,0.0,0.0,0,0,0,0,0,0,0,0,0,0,0
2025/05/07 10:41:23.582342211,1746607283,582156293,joy,-0.0,-0.0,1.0,-0.5459166765213013,-0.0,1.0,0.0,0.0,0,0,0,0,0,0,0,0,0,0,0
2025/05/07 10:41:23.586865178,1746607283,586490762,joy,-0.0,-0.0,1.0,-0.5624288320541382,-0.0,1.0,0.0,0.0,0,0,0,0,0,0,0,0,0,0,0
2025/05/07 10:41:23.591056455,1746607283,590862432,joy,-0.0,-0.0,1.0,-0.5706848502159119,-0.0,1.0,0.0,0.0,0,0,0,0,0,0,0,0,0,0,0
2025/05/07 10:41:23.602965941,1746607283,602742207,joy,-0.0,-0.0,1.0,-0.5871970057487488,-0.0,1.0,0.0,0.0,0,0,0,0,0,0,0,0,0,0,0
2025/05/07 10:41:23.703608521,1746607283,703342233,joy,-0.0,-0.0,1.0,-0.5871970057487488,-0.0,1.0,0.0,0.0,0,0,0,0,0,0,0,0,0,0,0
2025/05/07 10:41:23.754399066,1746607283,754087147,joy,-0.0,-0.0,1.0,-0.5954530239105225,-0.0,1.0,0.0,0.0,0,0,0,0,0,0,0,0,0,0,0
2025/05/07 10:41:23.786522164,1746607283,786202915,joy,-0.0,-0.0,1.0,-0.6119651794433594,-0.0,1.0,0.0,0.0,0,0,0,0,0,0,0,0,0,0,0
2025/05/07 10:41:23.798596923,1746607283,798279737,joy,-0.0,-0.0,1.0,-0.6284772753715515,-0.0,1.0,0.0,0.0,0,0,0,0,0,0,0,0,0,0,0
2025/05/07 10:41:23.803540546,1746607283,802744305,joy,-0.0,-0.0,1.0,-0.63673335313797,-0.0,1.0,0.0,0.0,0,0,0,0,0,0,0,0,0,0,0
2025/05/07 10:41:23.806376806,1746607283,806073739,joy,-0.0,-0.0,1.0,-0.6532454490661621,-0.0,1.0,0.0,0.0,0,0,0,0,0,0,0,0,0,0,0
2025/05/07 10:41:23.810613692,1746607283,810444686,joy,-0.0,-0.0,1.0,-0.6615015268325806,-0.0,1.0,0.0,0.0,0,0,0,0,0,0,0,0,0,0,0
2025/05/07 10:41:23.818235868,1746607283,817999395,joy,-0.0,-0.0,1.0,-0.6780136227607727,-0.0,1.0,0.0,0.0,0,0,0,0,0,0,0,0,0,0,0
2025/05/07 10:41:23.827024965,1746607283,826726629,joy,-0.0,-0.0,1.0,-0.6945257782936096,-0.0,1.0,0.0,0.0,0,0,0,0,0,0,0,0,0,0,0
2025/05/07 10:41:23.838877785,1746607283,838623321,joy,-0.0,-0.0,1.0,-0.7027818560600281,-0.0,1.0,0.0,0.0,0,0,0,0,0,0,0,0,0,0,0
2025/05/07 10:41:23.846501150,1746607283,846209146,joy,-0.0,-0.0,1.0,-0.7192939519882202,-0.0,1.0,0.0,0.0,0,0,0,0,0,0,0,0,0,0,0
2025/05/07 10:41:23.855108790,1746607283,854831772,joy,-0.0,-0.0,1.0,-0.7275500297546387,-0.0,1.0,0.0,0.0,0,0,0,0,0,0,0,0,0,0,0
2025/05/07 10:41:23.870150779,1746607283,869959490,joy,-0.0,-0.0,1.0,-0.7440621256828308,-0.0,1.0,0.0,0.0,0,0,0,0,0,0,0,0,0,0,0
2025/05/07 10:41:23.920963830,1746607283,920649446,joy,-0.0,-0.0,1.0,-0.7440621256828308,-0.0,1.0,0.0,0.0,0,0,0,0,0,0,0,0,0,0,0
2025/05/07 10:41:24.21031669,1746607284,20774271,joy,-0.0,-0.0,1.0,-0.7440621256828308,-0.0,1.0,0.0,0.0,0,0,0,0,0,0,0,0,0,0,0
2025/05/07 10:41:24.120625440,1746607284,120434124,joy,-0.0,-0.0,1.0,-0.7440621256828308,-0.0,1.0,0.0,0.0,0,0,0,0,0,0,0,0,0,0,0
2025/05/07 10:41:24.221695961,1746607284,221209445,joy,-0.0,-0.0,1.0,-0.7440621256828308,-0.0,1.0,0.0,0.0,0,0,0,0,0,0,0,0,0,0,0
2025/05/07 10:41:24.278349176,1746607284,278031804,joy,-0.0,-0.0,1.0,-0.760574221611023,-0.0,1.0,0.0,0.0,0,0,0,0,0,0,0,0,0,0,0
2025/05/07 10:41:24.298711532,1746607284,298555034,joy,-0.0,-0.0,1.0,-0.7688302993774414,-0.0,1.0,0.0,0.0,0,0,0,0,0,0,0,0,0,0,0
2025/05/07 10:41:24.306527732,1746607284,306060085,joy,-0.0,-0.0,1.0,-0.7853424549102783,-0.0,1.0,0.0,0.0,0,0,0,0,0,0,0,0,0,0,0
2025/05/07 10:41:24.314921115,1746607284,314722944,joy,-0.0,-0.0,1.0,-0.8018545508384705,-0.0,1.0,0.0,0.0,0,0,0,0,0,0,0,0,0,0,0
2025/05/07 10:41:24.322876438,1746607284,322347580,joy,-0.0,-0.0,1.0,-0.8101106286048889,-0.0,1.0,0.0,0.0,0,0,0,0,0,0,0,0,0,0,0
2025/05/07 10:41:24.338946109,1746607284,338601901,joy,-0.0,-0.0,1.0,-0.826622724533081,-0.0,1.0,0.0,0.0,0,0,0,0,0,0,0,0,0,0,0
2025/05/07 10:41:24.367034444,1746607284,366777566,joy,-0.0,-0.0,1.0,-0.8348788022994995,-0.0,1.0,0.0,0.0,0,0,0,0,0,0,0,0,0,0,0
2025/05/07 10:41:24.417584389,1746607284,417451731,joy,-0.0,-0.0,1.0,-0.8348788022994995,-0.0,1.0,0.0,0.0,0,0,0,0,0,0,0,0,0,0,0
2025/05/07 10:41:24.468372044,1746607284,468050364,joy,-0.0,-0.0,1.0,-0.8348788022994995,-0.0,1.0,0.0,0.0,0,0,0,0,0,0,0,0,0,0,0
2025/05/07 10:41:24.518393164,1746607284,518105257,joy,-0.0,-0.0,1.0,-0.8348788022994995,-0.0,1.0,0.0,0.0,0,0,0,0,0,0,0,0,0,0,0
2025/05/07 10:41:24.568511530,1746607284,568238546,joy,-0.0,-0.0,1.0,-0.8348788022994995,-0.0,1.0,0.0,0.0,0,0,0,0,0,0,0,0,0,0,0
2025/05/07 10:41:24.668650303,1746607284,667713721,joy,-0.0,-0.0,1.0,-0.8348788022994995,-0.0,1.0,0.0,0.0,0,0,0,0,0,0,0,0,0,0,0
2025/05/07 10:41:24.679002989,1746607284,678692817,joy,-0.0,-0.0,1.0,-0.8513908982276917,-0.0,1.0,0.0,0.0,0,0,0,0,0,0,0,0,0,0,0
2025/05/07 10:41:24.779804496,1746607284,779456848,joy,-0.0,-0.0,1.0,-0.8513908982276917,-0.0,1.0,0.0,0.0,0,0,0,0,0,0,0,0,0,0,0
2025/05/07 10:41:24.830111886,1746607284,829790315,joy,-0.0,-0.0,1.0,-0.8513908982276917,-0.0,1.0,0.0,0.0,0,0,0,0,0,0,0,0,0,0,0
2025/05/07 10:41:24.880411691,1746607284,880154969,joy,-0.0,-0.0,1.0,-0.8513908982276917,-0.0,1.0,0.0,0.0,0,0,0,0,0,0,0,0,0,0,0
2025/05/07 10:41:24.930783077,1746607284,930543831,joy,-0.0,-0.0,1.0,-0.8513908982276917,-0.0,1.0,0.0,0.0,0,0,0,0,0,0,0,0,0,0,0
2025/05/07 10:41:25.31067183,1746607285,30759768,joy,-0.0,-0.0,1.0,-0.8513908982276917,-0.0,1.0,0.0,0.0,0,0,0,0,0,0,0,0,0,0,0
2025/05/07 10:41:25.130330130,1746607285,130094043,joy,-0.0,-0.0,1.0,-0.8513908982276917,-0.0,1.0,0.0,0.0,0,0,0,0,0,0,0,0,0,0,0
2025/05/07 10:41:25.151722339,1746607285,150589832,joy,-0.0,-0.0,1.0,-0.8679030537605286,-0.0,1.0,0.0,0.0,0,0,0,0,0,0,0,0,0,0,0
2025/05/07 10:41:25.200842278,1746607285,200627193,joy,-0.0,-0.0,1.0,-0.8679030537605286,-0.0,1.0,0.0,0.0,0,0,0,0,0,0,0,0,0,0,0
2025/05/07 10:41:25.286789445,1746607285,286514032,joy,-0.0,-0.0,1.0,-0.8761590719223022,-0.0,1.0,0.0,0.0,0,0,0,0,0,0,0,0,0,0,0
2025/05/07 10:41:25.337252945,1746607285,337031362,joy,-0.0,-0.0,1.0,-0.8761590719223022,-0.0,1.0,0.0,0.0,0,0,0,0,0,0,0,0,0,0,0
2025/05/07 10:41:25.351145168,1746607285,350948406,joy,-0.0,-0.0,1.0,-0.8926712274551392,-0.0,1.0,0.0,0.0,0,0,0,0,0,0,0,0,0,0,0
2025/05/07 10:41:25.402897824,1746607285,401260916,joy,-0.0,-0.0,1.0,-0.8926712274551392,-0.0,1.0,0.0,0.0,0,0,0,0,0,0,0,0,0,0,0
2025/05/07 10:41:25.430780785,1746607285,430146234,joy,-0.0,-0.0,1.0,-0.9009272456169128,-0.0,1.0,0.0,0.0,0,0,0,0,0,0,0,0,0,0,0
2025/05/07 10:41:25.467027315,1746607285,466429742,joy,-0.0,-0.0,1.0,-0.9174394011497498,-0.0,1.0,0.0,0.0,0,0,0,0,0,0,0,0,0,0,0
2025/05/07 10:41:25.502848925,1746607285,502184032,joy,-0.0,-0.0,1.0,-0.9339514970779419,-0.0,1.0,0.0,0.0,0,0,0,0,0,0,0,0,0,0,0
2025/05/07 10:41:25.542728970,1746607285,542361336,joy,-0.0,-0.0,1.0,-0.9422075748443604,-0.0,1.0,0.0,0.0,0,0,0,0,0,0,0,0,0,0,0
2025/05/07 10:41:25.587397192,1746607285,586091275,joy,-0.0,-0.0,1.0,-0.9587196707725525,-0.0,1.0,0.0,0.0,0,0,0,0,0,0,0,0,0,0,0
2025/05/07 10:41:25.679252001,1746607285,678952339,joy,-0.0,-0.0,1.0,-0.966975748538971,-0.0,1.0,0.0,0.0,0,0,0,0,0,0,0,0,0,0,0
2025/05/07 10:41:25.726730141,1746607285,726283643,joy,-0.0,-0.0,1.0,-0.9834878444671631,-0.0,1.0,0.0,0.0,0,0,0,0,0,0,0,0,0,0,0
2025/05/07 10:41:25.826080336,1746607285,825783200,joy,-0.0,-0.0,1.0,-0.9834878444671631,-0.0,1.0,0.0,0.0,0,0,0,0,0,0,0,0,0,0,0
2025/05/07 10:41:25.827184163,1746607285,826935403,joy,-0.0,-0.0,1.0,-1.0,-0.0,1.0,0.0,0.0,0,0,0,0,0,0,0,0,0,0,0
2025/05/07 10:41:25.935596897,1746607285,932501623,joy,-0.0,-0.0,1.0,-1.0,-0.0,1.0,0.0,0.0,0,0,0,0,0,0,0,0,0,0,0
2025/05/07 10:41:25.983733516,1746607285,983092240,joy,-0.0,-0.0,1.0,-1.0,-0.0,1.0,0.0,0.0,0,0,0,0,0,0,0,0,0,0,0
2025/05/07 10:41:26.83122348,1746607286,82402568,joy,-0.0,-0.0,1.0,-1.0,-0.0,1.0,0.0,0.0,0,0,0,0,0,0,0,0,0,0,0
2025/05/07 10:41:26.134440360,1746607286,133344268,joy,-0.0,-0.0,1.0,-1.0,-0.0,1.0,0.0,0.0,0,0,0,0,0,0,0,0,0,0,0
2025/05/07 10:41:26.184045631,1746607286,183667812,joy,-0.0,-0.0,1.0,-1.0,-0.0,1.0,0.0,0.0,0,0,0,0,0,0,0,0,0,0,0
2025/05/07 10:41:26.284598429,1746607286,284435625,joy,-0.0,-0.0,1.0,-1.0,-0.0,1.0,0.0,0.0,0,0,0,0,0,0,0,0,0,0,0
2025/05/07 10:41:26.335625780,1746607286,335074133,joy,-0.0,-0.0,1.0,-1.0,-0.0,1.0,0.0,0.0,0,0,0,0,0,0,0,0,0,0,0
2025/05/07 10:41:26.435546722,1746607286,435335901,joy,-0.0,-0.0,1.0,-1.0,-0.0,1.0,0.0,0.0,0,0,0,0,0,0,0,0,0,0,0
2025/05/07 10:41:26.535115871,1746607286,534938524,joy,-0.0,-0.0,1.0,-1.0,-0.0,1.0,0.0,0.0,0,0,0,0,0,0,0,0,0,0,0
2025/05/07 10:41:26.585292973,1746607286,585144252,joy,-0.0,-0.0,1.0,-1.0,-0.0,1.0,0.0,0.0,0,0,0,0,0,0,0,0,0,0,0
2025/05/07 10:41:26.685414097,1746607286,685240263,joy,-0.0,-0.0,1.0,-1.0,-0.0,1.0,0.0,0.0,0,0,0,0,0,0,0,0,0,0,0
2025/05/07 10:41:26.786627730,1746607286,786360337,joy,-0.0,-0.0,1.0,-1.0,-0.0,1.0,0.0,0.0,0,0,0,0,0,0,0,0,0,0,0
2025/05/07 10:41:26.837279796,1746607286,836962047,joy,-0.0,-0.0,1.0,-1.0,-0.0,1.0,0.0,0.0,0,0,0,0,0,0,0,0,0,0,0
2025/05/07 10:41:26.937725399,1746607286,937567905,joy,-0.0,-0.0,1.0,-1.0,-0.0,1.0,0.0,0.0,0,0,0,0,0,0,0,0,0,0,0
2025/05/07 10:41:27.38986445,1746607287,38478260,joy,-0.0,-0.0,1.0,-1.0,-0.0,1.0,0.0,0.0,0,0,0,0,0,0,0,0,0,0,0
2025/05/07 10:41:27.140106607,1746607287,139441510,joy,-0.0,-0.0,1.0,-1.0,-0.0,1.0,0.0,0.0,0,0,0,0,0,0,0,0,0,0,0
2025/05/07 10:41:27.190893528,1746607287,190440629,joy,-0.0,-0.0,1.0,-1.0,-0.0,1.0,0.0,0.0,0,0,0,0,0,0,0,0,0,0,0
2025/05/07 10:41:27.241484742,1746607287,241242293,joy,-0.0,-0.0,1.0,-1.0,-0.0,1.0,0.0,0.0,0,0,0,0,0,0,0,0,0,0,0
2025/05/07 10:41:27.291576028,1746607287,291304166,joy,-0.0,-0.0,1.0,-1.0,-0.0,1.0,0.0,0.0,0,0,0,0,0,0,0,0,0,0,0
2025/05/07 10:41:27.391145626,1746607287,390856891,joy,-0.0,-0.0,1.0,-1.0,-0.0,1.0,0.0,0.0,0,0,0,0,0,0,0,0,0,0,0
2025/05/07 10:41:27.491633136,1746607287,491420475,joy,-0.0,-0.0,1.0,-1.0,-0.0,1.0,0.0,0.0,0,0,0,0,0,0,0,0,0,0,0
2025/05/07 10:41:27.542403916,1746607287,542055545,joy,-0.0,-0.0,1.0,-1.0,-0.0,1.0,0.0,0.0,0,0,0,0,0,0,0,0,0,0,0
2025/05/07 10:41:27.642614579,1746607287,642339707,joy,-0.0,-0.0,1.0,-1.0,-0.0,1.0,0.0,0.0,0,0,0,0,0,0,0,0,0,0,0
2025/05/07 10:41:27.741887433,1746607287,741703308,joy,-0.0,-0.0,1.0,-1.0,-0.0,1.0,0.0,0.0,0,0,0,0,0,0,0,0,0,0,0
2025/05/07 10:41:27.841702639,1746607287,841489646,joy,-0.0,-0.0,1.0,-1.0,-0.0,1.0,0.0,0.0,0,0,0,0,0,0,0,0,0,0,0
2025/05/07 10:41:27.943383525,1746607287,943125269,joy,-0.0,-0.0,1.0,-1.0,-0.0,1.0,0.0,0.0,0,0,0,0,0,0,0,0,0,0,0
2025/05/07 10:41:28.42899432,1746607288,42702038,joy,-0.0,-0.0,1.0,-1.0,-0.0,1.0,0.0,0.0,0,0,0,0,0,0,0,0,0,0,0
2025/05/07 10:41:28.142499056,1746607288,141965475,joy,-0.0,-0.0,1.0,-1.0,-0.0,1.0,0.0,0.0,0,0,0,0,0,0,0,0,0,0,0
2025/05/07 10:41:28.242432750,1746607288,242215931,joy,-0.0,-0.0,1.0,-1.0,-0.0,1.0,0.0,0.0,0,0,0,0,0,0,0,0,0,0,0
2025/05/07 10:41:28.342014340,1746607288,341611143,joy,-0.0,-0.0,1.0,-1.0,-0.0,1.0,0.0,0.0,0,0,0,0,0,0,0,0,0,0,0
2025/05/07 10:41:28.392402927,1746607288,391887471,joy,-0.0,-0.0,1.0,-1.0,-0.0,1.0,0.0,0.0,0,0,0,0,0,0,0,0,0,0,0
2025/05/07 10:41:28.492114808,1746607288,491862109,joy,-0.0,-0.0,1.0,-1.0,-0.0,1.0,0.0,0.0,0,0,0,0,0,0,0,0,0,0,0
2025/05/07 10:41:28.592334123,1746607288,592049563,joy,-0.0,-0.0,1.0,-1.0,-0.0,1.0,0.0,0.0,0,0,0,0,0,0,0,0,0,0,0
2025/05/07 10:41:28.691822390,1746607288,691605003,joy,-0.0,-0.0,1.0,-1.0,-0.0,1.0,0.0,0.0,0,0,0,0,0,0,0,0,0,0,0
2025/05/07 10:41:28.742173910,1746607288,741940685,joy,-0.0,-0.0,1.0,-1.0,-0.0,1.0,0.0,0.0,0,0,0,0,0,0,0,0,0,0,0
2025/05/07 10:41:28.842717454,1746607288,842478533,joy,-0.0,-0.0,1.0,-1.0,-0.0,1.0,0.0,0.0,0,0,0,0,0,0,0,0,0,0,0
2025/05/07 10:41:28.893593943,1746607288,893353608,joy,-0.0,-0.0,1.0,-1.0,-0.0,1.0,0.0,0.0,0,0,0,0,0,0,0,0,0,0,0
2025/05/07 10:41:28.945416801,1746607288,944185917,joy,-0.0,-0.0,1.0,-1.0,-0.0,1.0,0.0,0.0,0,0,0,0,0,0,0,0,0,0,0
2025/05/07 10:41:29.43830929,1746607289,43446769,joy,-0.0,-0.0,1.0,-1.0,-0.0,1.0,0.0,0.0,0,0,0,0,0,0,0,0,0,0,0
2025/05/07 10:41:29.143439225,1746607289,143146056,joy,-0.0,-0.0,1.0,-1.0,-0.0,1.0,0.0,0.0,0,0,0,0,0,0,0,0,0,0,0
2025/05/07 10:41:29.242725726,1746607289,242477070,joy,-0.0,-0.0,1.0,-1.0,-0.0,1.0,0.0,0.0,0,0,0,0,0,0,0,0,0,0,0
2025/05/07 10:41:29.292792774,1746607289,292501367,joy,-0.0,-0.0,1.0,-1.0,-0.0,1.0,0.0,0.0,0,0,0,0,0,0,0,0,0,0,0
2025/05/07 10:41:29.343523341,1746607289,343228984,joy,-0.0,-0.0,1.0,-1.0,-0.0,1.0,0.0,0.0,0,0,0,0,0,0,0,0,0,0,0
2025/05/07 10:41:29.443621810,1746607289,443153778,joy,-0.0,-0.0,1.0,-1.0,-0.0,1.0,0.0,0.0,0,0,0,0,0,0,0,0,0,0,0
2025/05/07 10:41:29.543294046,1746607289,542852090,joy,-0.0,-0.0,1.0,-1.0,-0.0,1.0,0.0,0.0,0,0,0,0,0,0,0,0,0,0,0
2025/05/07 10:41:29.644399719,1746607289,644110934,joy,-0.0,-0.0,1.0,-1.0,-0.0,1.0,0.0,0.0,0,0,0,0,0,0,0,0,0,0,0
2025/05/07 10:41:29.744302546,1746607289,744114332,joy,-0.0,-0.0,1.0,-1.0,-0.0,1.0,0.0,0.0,0,0,0,0,0,0,0,0,0,0,0
2025/05/07 10:41:29.844759921,1746607289,844491568,joy,-0.0,-0.0,1.0,-1.0,-0.0,1.0,0.0,0.0,0,0,0,0,0,0,0,0,0,0,0
2025/05/07 10:41:29.894947418,1746607289,894707703,joy,-0.0,-0.0,1.0,-1.0,-0.0,1.0,0.0,0.0,0,0,0,0,0,0,0,0,0,0,0
2025/05/07 10:41:29.946636940,1746607289,946378839,joy,-0.0,-0.0,1.0,-1.0,-0.0,1.0,0.0,0.0,0,0,0,0,0,0,0,0,0,0,0
2025/05/07 10:41:29.997315116,1746607289,997030281,joy,-0.0,-0.0,1.0,-1.0,-0.0,1.0,0.0,0.0,0,0,0,0,0,0,0,0,0,0,0
2025/05/07 10:41:30.103325741,1746607290,96303851,joy,-0.0,-0.0,1.0,-1.0,-0.0,1.0,0.0,0.0,0,0,0,0,0,0,0,0,0,0,0
2025/05/07 10:41:30.196233467,1746607290,195997455,joy,-0.0,-0.0,1.0,-1.0,-0.0,1.0,0.0,0.0,0,0,0,0,0,0,0,0,0,0,0
2025/05/07 10:41:30.295763466,1746607290,295554002,joy,-0.0,-0.0,1.0,-1.0,-0.0,1.0,0.0,0.0,0,0,0,0,0,0,0,0,0,0,0
2025/05/07 10:41:30.346723941,1746607290,346398708,joy,-0.0,-0.0,1.0,-1.0,-0.0,1.0,0.0,0.0,0,0,0,0,0,0,0,0,0,0,0
2025/05/07 10:41:30.397291381,1746607290,397099446,joy,-0.0,-0.0,1.0,-1.0,-0.0,1.0,0.0,0.0,0,0,0,0,0,0,0,0,0,0,0
2025/05/07 10:41:30.497212427,1746607290,496934020,joy,-0.0,-0.0,1.0,-1.0,-0.0,1.0,0.0,0.0,0,0,0,0,0,0,0,0,0,0,0
2025/05/07 10:41:30.547716246,1746607290,547423628,joy,-0.0,-0.0,1.0,-1.0,-0.0,1.0,0.0,0.0,0,0,0,0,0,0,0,0,0,0,0
2025/05/07 10:41:30.597965945,1746607290,597735686,joy,-0.0,-0.0,1.0,-1.0,-0.0,1.0,0.0,0.0,0,0,0,0,0,0,0,0,0,0,0
2025/05/07 10:41:30.648710821,1746607290,648292947,joy,-0.0,-0.0,1.0,-1.0,-0.0,1.0,0.0,0.0,0,0,0,0,0,0,0,0,0,0,0
2025/05/07 10:41:30.747948178,1746607290,747638897,joy,-0.0,-0.0,1.0,-1.0,-0.0,1.0,0.0,0.0,0,0,0,0,0,0,0,0,0,0,0
2025/05/07 10:41:30.798483475,1746607290,798284296,joy,-0.0,-0.0,1.0,-1.0,-0.0,1.0,0.0,0.0,0,0,0,0,0,0,0,0,0,0,0
2025/05/07 10:41:30.848717786,1746607290,848418251,joy,-0.0,-0.0,1.0,-1.0,-0.0,1.0,0.0,0.0,0,0,0,0,0,0,0,0,0,0,0
2025/05/07 10:41:30.900770161,1746607290,900341628,joy,-0.0,-0.0,1.0,-1.0,-0.0,1.0,0.0,0.0,0,0,0,0,0,0,0,0,0,0,0
2025/05/07 10:41:31.123012,1746607290,999924884,joy,-0.0,-0.0,1.0,-1.0,-0.0,1.0,0.0,0.0,0,0,0,0,0,0,0,0,0,0,0
2025/05/07 10:41:31.99677070,1746607291,99357438,joy,-0.0,-0.0,1.0,-1.0,-0.0,1.0,0.0,0.0,0,0,0,0,0,0,0,0,0,0,0
2025/05/07 10:41:31.199564346,1746607291,199338240,joy,-0.0,-0.0,1.0,-1.0,-0.0,1.0,0.0,0.0,0,0,0,0,0,0,0,0,0,0,0
2025/05/07 10:41:31.299023435,1746607291,298824877,joy,-0.0,-0.0,1.0,-1.0,-0.0,1.0,0.0,0.0,0,0,0,0,0,0,0,0,0,0,0
2025/05/07 10:41:31.349731669,1746607291,349514764,joy,-0.0,-0.0,1.0,-1.0,-0.0,1.0,0.0,0.0,0,0,0,0,0,0,0,0,0,0,0
2025/05/07 10:41:31.400565917,1746607291,400428344,joy,-0.0,-0.0,1.0,-1.0,-0.0,1.0,0.0,0.0,0,0,0,0,0,0,0,0,0,0,0
2025/05/07 10:41:31.455125021,1746607291,454018925,joy,-0.0,-0.0,1.0,-1.0,-0.0,1.0,0.0,0.0,0,0,0,0,0,0,0,0,0,0,0
2025/05/07 10:41:31.554585726,1746607291,554333765,joy,-0.0,-0.0,1.0,-1.0,-0.0,1.0,0.0,0.0,0,0,0,0,0,0,0,0,0,0,0
2025/05/07 10:41:31.653996838,1746607291,653695248,joy,-0.0,-0.0,1.0,-1.0,-0.0,1.0,0.0,0.0,0,0,0,0,0,0,0,0,0,0,0
2025/05/07 10:41:31.756083144,1746607291,753794004,joy,-0.0,-0.0,1.0,-1.0,-0.0,1.0,0.0,0.0,0,0,0,0,0,0,0,0,0,0,0
2025/05/07 10:41:31.803504998,1746607291,802852284,joy,-0.0,-0.0,1.0,-0.966975748538971,-0.0,1.0,0.0,0.0,0,0,0,0,0,0,0,0,0,0,0
2025/05/07 10:41:31.807069454,1746607291,806503371,joy,-0.0,-0.0,1.0,-0.9422075748443604,-0.0,1.0,0.0,0.0,0,0,0,0,0,0,0,0,0,0,0
2025/05/07 10:41:31.811676234,1746607291,809943224,joy,-0.0,-0.0,1.0,-0.9174394011497498,-0.0,1.0,0.0,0.0,0,0,0,0,0,0,0,0,0,0,0
2025/05/07 10:41:31.815455118,1746607291,814319918,joy,-0.0,-0.0,1.0,-0.8761590719223022,-0.0,1.0,0.0,0.0,0,0,0,0,0,0,0,0,0,0,0
2025/05/07 10:41:31.820182709,1746607291,818743630,joy,-0.0,-0.0,1.0,-0.8513908982276917,-0.0,1.0,0.0,0.0,0,0,0,0,0,0,0,0,0,0,0
2025/05/07 10:41:31.824088997,1746607291,822020879,joy,-0.0,-0.0,1.0,-0.826622724533081,-0.0,1.0,0.0,0.0,0,0,0,0,0,0,0,0,0,0,0
2025/05/07 10:41:31.828106751,1746607291,826404089,joy,-0.0,-0.0,1.0,-0.7853424549102783,-0.0,1.0,0.0,0.0,0,0,0,0,0,0,0,0,0,0,0
2025/05/07 10:41:31.832266201,1746607291,830736191,joy,-0.0,-0.0,1.0,-0.7440621256828308,-0.0,1.0,0.0,0.0,0,0,0,0,0,0,0,0,0,0,0
2025/05/07 10:41:31.835736588,1746607291,834012925,joy,-0.0,-0.0,1.0,-0.7027818560600281,-0.0,1.0,0.0,0.0,0,0,0,0,0,0,0,0,0,0,0
2025/05/07 10:41:31.839954896,1746607291,838381349,joy,-0.0,-0.0,1.0,-0.6615015268325806,-0.0,1.0,0.0,0.0,0,0,0,0,0,0,0,0,0,0,0
2025/05/07 10:41:31.843386589,1746607291,842738770,joy,-0.0,-0.0,1.0,-0.6284772753715515,-0.0,1.0,0.0,0.0,0,0,0,0,0,0,0,0,0,0,0
2025/05/07 10:41:31.846571549,1746607291,846052717,joy,-0.0,-0.0,1.0,-0.5706848502159119,-0.0,1.0,0.0,0.0,0,0,0,0,0,0,0,0,0,0,0
2025/05/07 10:41:31.851080785,1746607291,850490328,joy,-0.0,-0.0,1.0,-0.5211485028266907,-0.0,1.0,0.0,0.0,0,0,0,0,0,0,0,0,0,0,0
2025/05/07 10:41:31.855916810,1746607291,854873541,joy,-0.0,-0.0,1.0,-0.4633561074733734,-0.0,1.0,0.0,0.0,0,0,0,0,0,0,0,0,0,0,0
2025/05/07 10:41:31.860294840,1746607291,858264600,joy,-0.0,-0.0,1.0,-0.41381973028182983,-0.0,1.0,0.0,0.0,0,0,0,0,0,0,0,0,0,0,0
2025/05/07 10:41:31.864257026,1746607291,862672558,joy,-0.0,-0.0,1.0,-0.3560273051261902,-0.0,1.0,0.0,0.0,0,0,0,0,0,0,0,0,0,0,0
2025/05/07 10:41:31.868728087,1746607291,866102447,joy,-0.0,-0.0,1.0,-0.306490957736969,-0.0,1.0,0.0,0.0,0,0,0,0,0,0,0,0,0,0,0
2025/05/07 10:41:31.871804242,1746607291,870597287,joy,-0.0,-0.0,1.0,-0.2569546103477478,-0.0,1.0,0.0,0.0,0,0,0,0,0,0,0,0,0,0,0
2025/05/07 10:41:31.874466821,1746607291,873950259,joy,-0.0,-0.0,1.0,-0.2156742960214615,-0.0,1.0,0.0,0.0,0,0,0,0,0,0,0,0,0,0,0
2025/05/07 10:41:31.879320798,1746607291,878452419,joy,-0.0,-0.0,1.0,-0.17439399659633636,-0.0,1.0,0.0,0.0,0,0,0,0,0,0,0,0,0,0,0
2025/05/07 10:41:31.883255084,1746607291,883010050,joy,-0.0,-0.0,1.0,-0.13311371207237244,-0.0,1.0,0.0,0.0,0,0,0,0,0,0,0,0,0,0,0
2025/05/07 10:41:31.886873105,1746607291,886304253,joy,-0.0,-0.0,1.0,-0.10834552347660065,-0.0,1.0,0.0,0.0,0,0,0,0,0,0,0,0,0,0,0
2025/05/07 10:41:31.890972085,1746607291,890794633,joy,-0.0,-0.0,1.0,-0.050553105771541595,-0.0,1.0,0.0,0.0,0,0,0,0,0,0,0,0,0,0,0
2025/05/07 10:41:31.894444202,1746607291,894076155,joy,-0.0,-0.0,1.0,-0.0010167482541874051,-0.0,1.0,0.0,0.0,0,0,0,0,0,0,0,0,0,0,0
2025/05/07 10:41:31.898743721,1746607291,898456863,joy,-0.0,-0.0,1.0,-0.0,-0.0,1.0,0.0,0.0,0,0,0,0,0,0,0,0,0,0,0
2025/05/07 10:41:31.953030485,1746607291,952858695,joy,-0.0,-0.0,1.0,-0.0,-0.0,1.0,0.0,0.0,0,0,0,0,0,0,0,0,0,0,0
2025/05/07 10:41:32.52252736,1746607292,52009743,joy,-0.0,-0.0,1.0,-0.0,-0.0,1.0,0.0,0.0,0,0,0,0,0,0,0,0,0,0,0
2025/05/07 10:41:32.152226281,1746607292,152074143,joy,-0.0,-0.0,1.0,-0.0,-0.0,1.0,0.0,0.0,0,0,0,0,0,0,0,0,0,0,0
2025/05/07 10:41:32.252483237,1746607292,252303590,joy,-0.0,-0.0,1.0,-0.0,-0.0,1.0,0.0,0.0,0,0,0,0,0,0,0,0,0,0,0
2025/05/07 10:41:32.352297232,1746607292,352120069,joy,-0.0,-0.0,1.0,-0.0,-0.0,1.0,0.0,0.0,0,0,0,0,0,0,0,0,0,0,0
2025/05/07 10:41:32.451957754,1746607292,451748464,joy,-0.0,-0.0,1.0,-0.0,-0.0,1.0,0.0,0.0,0,0,0,0,0,0,0,0,0,0,0
2025/05/07 10:41:32.502476334,1746607292,502258121,joy,-0.0,-0.0,1.0,-0.0,-0.0,1.0,0.0,0.0,0,0,0,0,0,0,0,0,0,0,0
2025/05/07 10:41:32.604804122,1746607292,604303653,joy,-0.0,-0.0,1.0,-0.0,-0.0,1.0,0.0,0.0,0,0,0,0,0,0,0,0,0,0,0
2025/05/07 10:41:32.705072256,1746607292,703932213,joy,-0.0,-0.0,1.0,-0.0,-0.0,1.0,0.0,0.0,0,0,0,0,0,0,0,0,0,0,0
2025/05/07 10:41:32.804193479,1746607292,803966759,joy,-0.0,-0.0,1.0,-0.0,-0.0,1.0,0.0,0.0,0,0,0,0,0,0,0,0,0,0,0
2025/05/07 10:41:32.854644826,1746607292,854372775,joy,-0.0,-0.0,1.0,-0.0,-0.0,1.0,0.0,0.0,0,0,0,0,0,0,0,0,0,0,0
2025/05/07 10:41:32.905331236,1746607292,905136317,joy,-0.0,-0.0,1.0,-0.0,-0.0,1.0,0.0,0.0,0,0,0,0,0,0,0,0,0,0,0
2025/05/07 10:41:33.5628060,1746607293,5428952,joy,-0.0,-0.0,1.0,-0.0,-0.0,1.0,0.0,0.0,0,0,0,0,0,0,0,0,0,0,0
2025/05/07 10:41:33.105800454,1746607293,105501690,joy,-0.0,-0.0,1.0,-0.0,-0.0,1.0,0.0,0.0,0,0,0,0,0,0,0,0,0,0,0
2025/05/07 10:41:33.155882466,1746607293,155521684,joy,-0.0,-0.0,1.0,-0.0,-0.0,1.0,0.0,0.0,0,0,0,0,0,0,0,0,0,0,0
2025/05/07 10:41:33.205917923,1746607293,205597559,joy,-0.0,-0.0,1.0,-0.0,-0.0,1.0,0.0,0.0,0,0,0,0,0,0,0,0,0,0,0
2025/05/07 10:41:33.256484360,1746607293,256292364,joy,-0.0,-0.0,1.0,-0.0,-0.0,1.0,0.0,0.0,0,0,0,0,0,0,0,0,0,0,0
2025/05/07 10:41:33.356602971,1746607293,356282782,joy,-0.0,-0.0,1.0,-0.0,-0.0,1.0,0.0,0.0,0,0,0,0,0,0,0,0,0,0,0
2025/05/07 10:41:33.406591662,1746607293,406392589,joy,-0.0,-0.0,1.0,-0.0,-0.0,1.0,0.0,0.0,0,0,0,0,0,0,0,0,0,0,0
2025/05/07 10:41:33.457225691,1746607293,457017514,joy,-0.0,-0.0,1.0,-0.0,-0.0,1.0,0.0,0.0,0,0,0,0,0,0,0,0,0,0,0
2025/05/07 10:41:33.556670514,1746607293,556445009,joy,-0.0,-0.0,1.0,-0.0,-0.0,1.0,0.0,0.0,0,0,0,0,0,0,0,0,0,0,0
2025/05/07 10:41:33.608024963,1746607293,607509557,joy,-0.0,-0.0,1.0,-0.0,-0.0,1.0,0.0,0.0,0,0,0,0,0,0,0,0,0,0,0
2025/05/07 10:41:33.658188578,1746607293,657951012,joy,-0.0,-0.0,1.0,-0.0,-0.0,1.0,0.0,0.0,0,0,0,0,0,0,0,0,0,0,0
