time,header_stamp_secs,header_stamp_nsecs,header_frame_id,wrench_force_x,wrench_force_y,wrench_force_z,wrench_torque_x,wrench_torque_y,wrench_torque_z
2025/05/07 10:40:42.433813727,1746607242,431474750,,-3.587324068671532e-43,-8.96831017167883e-44,0.0,0.0,0.0,-1.0761972206014595e-42
2025/05/07 10:40:42.514687275,1746607242,513524080,,3.587324068671532e-43,-6.2778171201751805e-43,0.0,0.0,0.0,0.0
2025/05/07 10:40:42.622747924,1746607242,620816409,,-1.793662034335766e-43,-1.793662034335766e-43,0.0,0.0,0.0,3.587324068671532e-43
2025/05/07 10:40:42.719197441,1746607242,718264623,,3.587324068671532e-43,-8.96831017167883e-44,0.0,0.0,0.0,0.0
2025/05/07 10:40:42.844139789,1746607242,828800740,,-5.3809861030072976e-43,1.793662034335766e-43,0.0,0.0,0.0,-1.793662034335766e-43
2025/05/07 10:40:42.913489410,1746607242,912829915,,5.3809861030072976e-43,-8.96831017167883e-44,0.0,0.0,0.0,7.174648137343064e-43
2025/05/07 10:40:43.17057941,1746607243,16811845,,2.6904930515036488e-43,-2.6904930515036488e-43,0.0,0.0,0.0,-3.587324068671532e-43
2025/05/07 10:40:43.121880347,1746607243,121671859,,-8.96831017167883e-44,-4.484155085839415e-44,0.0,0.0,0.0,7.174648137343064e-43
2025/05/07 10:40:43.218074717,1746607243,217806565,,1.793662034335766e-43,-4.484155085839415e-44,0.0,0.0,0.0,-1.0761972206014595e-42
2025/05/07 10:40:43.326532032,1746607243,324178742,,-6.2778171201751805e-43,-4.484155085839415e-44,0.0,0.0,0.0,-5.3809861030072976e-43
2025/05/07 10:40:43.442090281,1746607243,438058779,,-8.96831017167883e-44,-4.484155085839415e-44,0.0,0.0,0.0,-1.793662034335766e-43
2025/05/07 10:40:43.562355264,1746607243,513379809,,-2.6904930515036488e-43,-1.793662034335766e-43,0.0,0.0,0.0,-5.3809861030072976e-43
2025/05/07 10:40:43.642664543,1746607243,640160213,,-8.96831017167883e-44,-8.96831017167883e-44,0.0,0.0,0.0,1.793662034335766e-43
2025/05/07 10:40:43.732851821,1746607243,723146613,,8.96831017167883e-44,-8.96831017167883e-44,0.0,0.0,0.0,-3.587324068671532e-43
2025/05/07 10:40:43.835276896,1746607243,814332936,,-1.793662034335766e-43,2.2420775429197073e-43,0.0,0.0,0.0,1.793662034335766e-43
2025/05/07 10:40:43.925741232,1746607243,925312856,,-3.1389085600875902e-43,-8.96831017167883e-44,0.0,0.0,0.0,8.96831017167883e-44
2025/05/07 10:40:44.35069641,1746607244,14698758,,-1.3452465257518244e-43,8.96831017167883e-44,0.0,0.0,0.0,-1.793662034335766e-43
2025/05/07 10:40:44.115938252,1746607244,115681205,,-1.3452465257518244e-43,-4.484155085839415e-44,0.0,0.0,0.0,-8.96831017167883e-44
2025/05/07 10:40:44.216148509,1746607244,214885471,,-1.793662034335766e-43,-2.2420775429197073e-43,0.0,0.0,0.0,-8.96831017167883e-44
2025/05/07 10:40:44.394260981,1746607244,311812057,,-0.0,4.484155085839415e-44,0.0,0.0,0.0,-1.793662034335766e-43
2025/05/07 10:40:44.442111433,1746607244,441591376,,-4.484155085839415e-44,-8.96831017167883e-44,0.0,0.0,0.0,-8.96831017167883e-44
2025/05/07 10:40:44.537205165,1746607244,513386943,,-2.2420775429197073e-43,0.0,0.0,0.0,0.0,-1.793662034335766e-43
2025/05/07 10:40:44.619507288,1746607244,618728706,,-4.484155085839415e-44,-8.96831017167883e-44,0.0,0.0,0.0,0.0
2025/05/07 10:40:44.733281955,1746607244,714163124,,-8.96831017167883e-44,-2.2420775429197073e-44,0.0,0.0,0.0,-8.96831017167883e-44
2025/05/07 10:40:45.30801659,1746607245,12404408,,1.3452465257518244e-43,8.96831017167883e-44,0.0,0.0,0.0,1.793662034335766e-43
2025/05/07 10:40:45.112026920,1746607245,111521253,,-8.96831017167883e-44,6.726232628759122e-44,0.0,0.0,0.0,8.96831017167883e-44
2025/05/07 10:40:45.254531551,1746607245,215714988,,-4.484155085839415e-44,2.2420775429197073e-44,0.0,0.0,0.0,8.96831017167883e-44
2025/05/07 10:40:45.349220305,1746607245,348977904,,-4.484155085839415e-44,-4.484155085839415e-44,0.0,0.0,0.0,-8.96831017167883e-44
2025/05/07 10:40:45.419735645,1746607245,417360690,,-0.0,6.726232628759122e-44,0.0,0.0,0.0,-8.96831017167883e-44
2025/05/07 10:40:45.523858155,1746607245,513111265,,-4.484155085839415e-44,4.484155085839415e-44,0.0,0.0,0.0,0.0
2025/05/07 10:40:45.619718672,1746607245,614174450,,4.484155085839415e-44,-4.484155085839415e-44,0.0,0.0,0.0,-8.96831017167883e-44
2025/05/07 10:40:45.734964317,1746607245,714618334,,-1.3452465257518244e-43,-2.2420775429197073e-44,0.0,0.0,0.0,0.0
2025/05/07 10:40:45.854933077,1746607245,817084981,,6.726232628759122e-44,-8.96831017167883e-44,0.0,0.0,0.0,1.793662034335766e-43
2025/05/07 10:40:45.928125684,1746607245,925026282,,2.2420775429197073e-44,-8.96831017167883e-44,0.0,0.0,0.0,0.0
2025/05/07 10:40:46.31701816,1746607246,21304098,,-8.96831017167883e-44,2.2420775429197073e-44,0.0,0.0,0.0,-2.6904930515036488e-43
2025/05/07 10:40:46.122319549,1746607246,114290549,,-6.726232628759122e-44,-6.726232628759122e-44,0.0,0.0,0.0,-2.6904930515036488e-43
2025/05/07 10:40:46.220502458,1746607246,212973635,,4.484155085839415e-44,2.2420775429197073e-44,0.0,0.0,0.0,-4.484155085839415e-44
2025/05/07 10:40:46.385412643,1746607246,359712203,,-0.0,2.2420775429197073e-44,0.0,0.0,0.0,1.3452465257518244e-43
2025/05/07 10:40:46.414504979,1746607246,413596411,,-0.0,2.2420775429197073e-44,0.0,0.0,0.0,-8.96831017167883e-44
2025/05/07 10:40:46.516074935,1746607246,513166450,,2.2420775429197073e-44,-2.2420775429197073e-44,0.0,0.0,0.0,-8.96831017167883e-44
2025/05/07 10:40:46.614491887,1746607246,613803231,,-8.96831017167883e-44,2.2420775429197073e-44,0.0,0.0,0.0,4.484155085839415e-44
2025/05/07 10:40:46.715317349,1746607246,714164773,,6.726232628759122e-44,-2.2420775429197073e-44,0.0,0.0,0.0,1.3452465257518244e-43
2025/05/07 10:40:46.816666084,1746607246,816363508,,-2.2420775429197073e-44,0.0,0.0,0.0,0.0,-4.484155085839415e-44
2025/05/07 10:40:46.919575593,1746607246,919057645,,-2.2420775429197073e-44,6.726232628759122e-44,0.0,0.0,0.0,4.484155085839415e-44
2025/05/07 10:40:47.19337347,1746607247,18927022,,-0.0,2.2420775429197073e-44,0.0,0.0,0.0,-8.96831017167883e-44
2025/05/07 10:40:47.126755002,1746607247,124704900,,2.2420775429197073e-44,6.726232628759122e-44,0.0,0.0,0.0,1.793662034335766e-43
2025/05/07 10:40:47.217447619,1746607247,214028035,,-4.484155085839415e-44,-2.2420775429197073e-44,0.0,0.0,0.0,4.484155085839415e-44
2025/05/07 10:40:47.323264650,1746607247,323006976,,4.484155085839415e-44,4.484155085839415e-44,0.0,0.0,0.0,1.3452465257518244e-43
2025/05/07 10:40:47.416831099,1746607247,416464478,,-8.96831017167883e-44,-4.484155085839415e-44,0.0,0.0,0.0,0.0
2025/05/07 10:40:47.548521613,1746607247,548245727,,6.726232628759122e-44,-4.484155085839415e-44,0.0,0.0,0.0,0.0
2025/05/07 10:40:47.629304027,1746607247,627067352,,-8.96831017167883e-44,1.1210387714598537e-44,0.0,0.0,0.0,-1.3452465257518244e-43
2025/05/07 10:40:47.712891281,1746607247,712600546,,-2.2420775429197073e-44,5.605193857299268e-44,0.0,0.0,0.0,0.0
2025/05/07 10:40:47.813984501,1746607247,812429093,,-2.2420775429197073e-44,2.2420775429197073e-44,0.0,0.0,0.0,8.96831017167883e-44
2025/05/07 10:40:47.920118290,1746607247,918841483,,1.7763568394002505e-15,-3.552713678800501e-15,0.0,0.0,0.0,3.552713678800501e-15
2025/05/07 10:40:48.29725575,1746607248,28486924,,-2.92626630712354e-17,1.7564023211133552e-17,0.0,0.0,0.0,3.292409879845894e-18
2025/05/07 10:40:48.113316702,1746607248,112857046,,-9.115841727998537e-28,5.461665931669647e-28,0.0,0.0,0.0,1.0645529167962006e-28
2025/05/07 10:40:48.212549620,1746607248,212085551,,-2.2865968108796594e-32,1.367696126047378e-32,0.0,0.0,0.0,2.7652946243277673e-33
2025/05/07 10:40:48.312247054,1746607248,312026074,,9.990062718383024e-35,-5.965631534535705e-35,0.0,0.0,0.0,-1.2486964248098223e-35
2025/05/07 10:40:48.414106758,1746607248,413662112,,1.2254313367878227e-35,-7.305925544171284e-36,0.0,0.0,0.0,-1.580115807175887e-36
2025/05/07 10:40:48.515570978,1746607248,514230761,,4.304788882405838e-42,4.304788882405838e-42,0.0,0.0,0.0,5.739718509874451e-42
2025/05/07 10:40:48.616693573,1746607248,614272387,,4.304788882405838e-42,1.4349296274686127e-42,0.0,0.0,0.0,1.1479437019748901e-41
2025/05/07 10:40:48.713564960,1746607248,713272604,,-1.4349296274686127e-42,5.739718509874451e-42,0.0,0.0,0.0,-2.8698592549372254e-42
2025/05/07 10:40:48.828329792,1746607248,828005813,,-1.4349296274686127e-42,-4.304788882405838e-42,0.0,0.0,0.0,-2.8698592549372254e-42
2025/05/07 10:40:48.914003022,1746607248,913644997,,-0.0,-4.304788882405838e-42,0.0,0.0,0.0,0.0
2025/05/07 10:40:49.37295069,1746607249,35353171,,4.440892098500626e-16,-8.881784197001252e-16,0.0,0.0,0.0,8.881784197001252e-16
2025/05/07 10:40:49.111920835,1746607249,111587904,,8.881784197001252e-16,-8.881784197001252e-16,0.0,0.0,0.0,-8.881784197001252e-16
2025/05/07 10:40:49.212954406,1746607249,212627216,,-4.440892098500626e-16,0.0,0.0,0.0,0.0,8.881784197001252e-16
2025/05/07 10:40:49.311885481,1746607249,311272323,,-4.440892098500626e-16,0.0,0.0,0.0,0.0,8.881784197001252e-16
2025/05/07 10:40:49.411646560,1746607249,411335321,,-4.440892098500626e-16,8.881784197001252e-16,0.0,0.0,0.0,8.881784197001252e-16
2025/05/07 10:40:49.511713832,1746607249,511382312,,4.440892098500626e-16,0.0,0.0,0.0,0.0,-8.881784197001252e-16
2025/05/07 10:40:49.611498601,1746607249,610974466,,2.220446049250313e-16,0.0,0.0,0.0,0.0,8.881784197001252e-16
2025/05/07 10:40:49.711173385,1746607249,710736703,,4.440892098500626e-16,0.0,0.0,0.0,0.0,1.7763568394002505e-15
2025/05/07 10:40:49.811817182,1746607249,810831348,,-8.881784197001252e-16,0.0,0.0,0.0,0.0,0.0
2025/05/07 10:40:49.911917573,1746607249,911194049,,4.440892098500626e-16,0.0,0.0,0.0,0.0,8.881784197001252e-16
2025/05/07 10:40:50.11782618,1746607250,11331556,,0.0,0.0,0.0,0.0,0.0,1.7763568394002505e-15
2025/05/07 10:40:50.111052446,1746607250,110719649,,0.0,0.0,0.0,0.0,0.0,1.7763568394002505e-15
2025/05/07 10:40:50.211814613,1746607250,211457210,,-4.440892098500626e-16,0.0,0.0,0.0,0.0,-8.881784197001252e-16
2025/05/07 10:40:50.312466978,1746607250,311990627,,-2.220446049250313e-16,0.0,0.0,0.0,0.0,0.0
2025/05/07 10:40:50.413952263,1746607250,412386280,,-6.661338147750939e-16,8.881784197001252e-16,0.0,0.0,0.0,-1.7763568394002505e-15
2025/05/07 10:40:50.511915462,1746607250,511466314,,4.440892098500626e-16,0.0,0.0,0.0,0.0,0.0
2025/05/07 10:40:50.614176945,1746607250,613847940,,-2.220446049250313e-16,0.0,0.0,0.0,0.0,-1.7763568394002505e-15
2025/05/07 10:40:50.713074004,1746607250,712212635,,6.661338147750939e-16,0.0,0.0,0.0,0.0,0.0
2025/05/07 10:40:50.813545841,1746607250,813148805,,-3.552713678800501e-15,7.105427357601002e-15,0.0,0.0,0.0,-1.0658141036401503e-14
2025/05/07 10:40:50.913332816,1746607250,913020055,,-1.7763568394002505e-15,0.0,0.0,0.0,0.0,7.105427357601002e-15
2025/05/07 10:40:51.11464990,1746607251,11119648,,0.0,0.0,0.0,0.0,0.0,1.0658141036401503e-14
2025/05/07 10:40:51.111550587,1746607251,111235022,,0.0,0.0,0.0,0.0,0.0,0.0
2025/05/07 10:40:51.211339906,1746607251,211016840,,0.0,0.0,0.0,0.0,0.0,0.0
2025/05/07 10:40:51.312394125,1746607251,311972673,,-1.7763568394002505e-15,0.0,0.0,0.0,0.0,0.0
2025/05/07 10:40:51.411588288,1746607251,411220545,,-1.7763568394002505e-15,3.552713678800501e-15,0.0,0.0,0.0,1.0658141036401503e-14
2025/05/07 10:40:51.512476941,1746607251,511589245,,-8.881784197001252e-16,0.0,0.0,0.0,0.0,3.552713678800501e-15
2025/05/07 10:40:51.611201779,1746607251,610857997,,0.0,0.0,0.0,0.0,0.0,3.552713678800501e-15
2025/05/07 10:40:51.710841575,1746607251,710516034,,0.0,1.7763568394002505e-15,0.0,0.0,0.0,3.552713678800501e-15
2025/05/07 10:40:51.810956315,1746607251,810589803,,1.7763568394002505e-15,-1.7763568394002505e-15,0.0,0.0,0.0,1.7763568394002505e-15
2025/05/07 10:40:51.912077854,1746607251,911612184,,-4.440892098500626e-16,0.0,0.0,0.0,0.0,0.0
2025/05/07 10:40:52.13165903,1746607252,12847514,,-4.440892098500626e-16,0.0,0.0,0.0,0.0,0.0
2025/05/07 10:40:52.111433366,1746607252,111095449,,-1.7763568394002505e-15,3.552713678800501e-15,0.0,0.0,0.0,5.329070518200751e-15
2025/05/07 10:40:52.221258668,1746607252,221033801,,61.43799647796213,5.237798173739373,0.0,0.0,0.0,2.2737367544323206e-13
2025/05/07 10:40:52.317969613,1746607252,317746288,,1.4210854715202004e-14,-3.552713678800501e-15,0.0,0.0,0.0,-4.263256414560601e-14
2025/05/07 10:40:52.419450400,1746607252,419202313,,3.410605131648481e-13,-2.4868995751603507e-13,0.0,0.0,0.0,5.542233338928781e-13
2025/05/07 10:40:52.513932788,1746607252,513555574,,4.263256414560601e-14,-1.7763568394002505e-14,0.0,0.0,0.0,2.842170943040401e-14
2025/05/07 10:40:52.613166496,1746607252,612564234,,0.0,3.552713678800501e-15,0.0,0.0,0.0,0.0
2025/05/07 10:40:52.711839679,1746607252,711476101,,0.0,0.0,0.0,0.0,0.0,0.0
2025/05/07 10:40:52.813342571,1746607252,812963487,,2.2737367544323206e-13,2.5224267119483557e-13,0.0,0.0,0.0,-6.536993168992922e-13
2025/05/07 10:40:52.911356588,1746607252,911042430,,0.0,1.4210854715202004e-14,0.0,0.0,0.0,-2.842170943040401e-14
2025/05/07 10:40:53.11357951,1746607253,10977399,,0.0,7.105427357601002e-15,0.0,0.0,0.0,0.0
2025/05/07 10:40:53.111787187,1746607253,111037000,,-1.4210854715202004e-14,-7.105427357601002e-15,0.0,0.0,0.0,0.0
2025/05/07 10:40:53.213527839,1746607253,213196201,,0.0,-3.552713678800501e-15,0.0,0.0,0.0,-4.263256414560601e-14
2025/05/07 10:40:53.311823102,1746607253,311084828,,0.0,-3.552713678800501e-15,0.0,0.0,0.0,2.842170943040401e-14
2025/05/07 10:40:53.414408494,1746607253,414081812,,2.842170943040401e-14,3.552713678800501e-15,0.0,0.0,0.0,-2.842170943040401e-14
2025/05/07 10:40:53.511287949,1746607253,510957227,,0.0,-1.4210854715202004e-14,0.0,0.0,0.0,4.263256414560601e-14
2025/05/07 10:40:53.613478386,1746607253,613181798,,0.0,-3.552713678800501e-15,0.0,0.0,0.0,2.842170943040401e-14
2025/05/07 10:40:53.711334299,1746607253,710941991,,0.0,-7.105427357601002e-15,0.0,0.0,0.0,0.0
2025/05/07 10:40:53.811392589,1746607253,811057919,,0.0,-3.552713678800501e-15,0.0,0.0,0.0,1.4210854715202004e-14
2025/05/07 10:40:53.911409862,1746607253,910948929,,0.0,-1.4210854715202004e-14,0.0,0.0,0.0,1.4210854715202004e-14
2025/05/07 10:40:54.11357082,1746607254,10992974,,0.0,3.552713678800501e-15,0.0,0.0,0.0,0.0
2025/05/07 10:40:54.113752377,1746607254,113308290,,0.0,-3.552713678800501e-15,0.0,0.0,0.0,1.4210854715202004e-14
2025/05/07 10:40:54.213888822,1746607254,213540222,,0.0,3.552713678800501e-15,0.0,0.0,0.0,2.842170943040401e-14
2025/05/07 10:40:54.313907136,1746607254,313451809,,2.842170943040401e-14,7.105427357601002e-15,0.0,0.0,0.0,-1.4210854715202004e-14
2025/05/07 10:40:54.413878316,1746607254,413569253,,0.0,-3.552713678800501e-15,0.0,0.0,0.0,2.842170943040401e-14
2025/05/07 10:40:54.516069726,1746607254,515735470,,7.247535904753022e-12,-2.0467183503569686e-11,0.0,0.0,0.0,4.126832209294662e-11
2025/05/07 10:40:54.616643032,1746607254,616085915,,0.0,-1.4210854715202004e-14,0.0,0.0,0.0,0.0
2025/05/07 10:40:54.715226053,1746607254,714676695,,0.0,-7.105427357601002e-15,0.0,0.0,0.0,0.0
2025/05/07 10:40:54.811338035,1746607254,811012536,,0.0,0.0,0.0,0.0,0.0,1.4210854715202004e-14
2025/05/07 10:40:54.911747509,1746607254,911390731,,0.0,0.0,0.0,0.0,0.0,-1.4210854715202004e-14
2025/05/07 10:40:55.11603238,1746607255,11329288,,0.0,0.0,0.0,0.0,0.0,1.4210854715202004e-14
2025/05/07 10:40:55.113343767,1746607255,113045250,,0.0,3.552713678800501e-15,0.0,0.0,0.0,1.4210854715202004e-14
2025/05/07 10:40:55.211891727,1746607255,211591057,,0.0,0.0,0.0,0.0,0.0,0.0
2025/05/07 10:40:55.315337844,1746607255,312416948,,0.0,7.105427357601002e-15,0.0,0.0,0.0,2.842170943040401e-14
2025/05/07 10:40:55.411644576,1746607255,411379315,,0.0,0.0,0.0,0.0,0.0,1.4210854715202004e-14
2025/05/07 10:40:55.514063448,1746607255,513652468,,0.0,3.552713678800501e-15,0.0,0.0,0.0,-2.842170943040401e-14
2025/05/07 10:40:55.611340334,1746607255,611113984,,0.0,7.105427357601002e-15,0.0,0.0,0.0,-2.842170943040401e-14
2025/05/07 10:40:55.713373737,1746607255,713056194,,0.0,0.0,0.0,0.0,0.0,-2.842170943040401e-14
2025/05/07 10:40:55.811949907,1746607255,811688282,,0.0,3.552713678800501e-15,0.0,0.0,0.0,1.4210854715202004e-14
2025/05/07 10:40:55.915929812,1746607255,913604402,,5.684341886080802e-14,0.0,0.0,0.0,0.0,1.4210854715202004e-14
2025/05/07 10:40:56.11785761,1746607256,11237408,,2.842170943040401e-14,0.0,0.0,0.0,0.0,1.4210854715202004e-14
2025/05/07 10:40:56.124560328,1746607256,113453944,,0.0,3.552713678800501e-15,0.0,0.0,0.0,0.0
2025/05/07 10:40:56.212004436,1746607256,211100940,,0.0,3.552713678800501e-15,0.0,0.0,0.0,-1.4210854715202004e-14
2025/05/07 10:40:56.313183503,1746607256,312934216,,0.0,1.7763568394002505e-15,0.0,0.0,0.0,2.842170943040401e-14
2025/05/07 10:40:56.411480315,1746607256,411079154,,0.0,3.552713678800501e-15,0.0,0.0,0.0,0.0
2025/05/07 10:40:56.513648781,1746607256,513332291,,0.0,-7.105427357601002e-15,0.0,0.0,0.0,2.842170943040401e-14
2025/05/07 10:40:56.611941505,1746607256,611511097,,2.842170943040401e-14,3.552713678800501e-15,0.0,0.0,0.0,-1.4210854715202004e-14
2025/05/07 10:40:56.713528359,1746607256,713286504,,0.0,3.552713678800501e-15,0.0,0.0,0.0,-1.4210854715202004e-14
2025/05/07 10:40:56.812098577,1746607256,811369272,,0.0,3.552713678800501e-15,0.0,0.0,0.0,-2.842170943040401e-14
2025/05/07 10:40:56.912371926,1746607256,912037566,,0.0,0.0,0.0,0.0,0.0,0.0
2025/05/07 10:40:57.13582599,1746607257,13275251,,0.0,5.329070518200751e-15,0.0,0.0,0.0,-1.4210854715202004e-14
2025/05/07 10:40:57.113465142,1746607257,113137084,,0.0,3.552713678800501e-15,0.0,0.0,0.0,0.0
2025/05/07 10:40:57.213679335,1746607257,213217236,,-2.842170943040401e-14,-3.552713678800501e-15,0.0,0.0,0.0,0.0
2025/05/07 10:40:57.311472166,1746607257,311095796,,0.0,3.552713678800501e-15,0.0,0.0,0.0,0.0
2025/05/07 10:40:57.412180594,1746607257,411628757,,0.0,-1.7763568394002505e-15,0.0,0.0,0.0,-1.4210854715202004e-14
2025/05/07 10:40:57.521904258,1746607257,521602255,,-8.526512829121202e-13,9.68364011542019,0.0,0.0,0.0,-1.4210854715202004e-12
2025/05/07 10:40:57.614455758,1746607257,614083007,,0.0,1.4210854715202004e-14,0.0,0.0,0.0,0.0
2025/05/07 10:40:57.712587470,1746607257,712301858,,-5.684341886080802e-14,6.0964566728216596e-12,0.0,0.0,0.0,-1.1624479157035239e-11
2025/05/07 10:40:57.811984669,1746607257,811661449,,0.0,0.0,0.0,0.0,0.0,-4.263256414560601e-14
2025/05/07 10:40:57.911539349,1746607257,911125234,,0.0,-7.105427357601002e-15,0.0,0.0,0.0,2.842170943040401e-14
2025/05/07 10:40:58.11693575,1746607258,11108051,,0.0,-2.1316282072803006e-14,0.0,0.0,0.0,5.684341886080802e-14
2025/05/07 10:40:58.111832772,1746607258,111484772,,0.0,-2.842170943040401e-14,0.0,0.0,0.0,5.684341886080802e-14
2025/05/07 10:40:58.212296342,1746607258,211696675,,5.684341886080802e-14,-4.263256414560601e-14,0.0,0.0,0.0,7.105427357601002e-14
2025/05/07 10:40:58.311727738,1746607258,311383692,,5.684341886080802e-14,-4.973799150320701e-14,0.0,0.0,0.0,1.5631940186722204e-13
2025/05/07 10:40:58.422190201,1746607258,422003154,,-1.0368239600211382e-10,-39.32782306210537,0.0,0.0,0.0,5.86155124437937e-10
2025/05/07 10:40:58.520164570,1746607258,519921993,,-2.842170943040401e-14,-8.086169769532788,0.0,0.0,0.0,6.508571459562518e-12
2025/05/07 10:40:58.614150620,1746607258,613800068,,2.842170943040401e-14,0.0,0.0,0.0,0.0,0.0
2025/05/07 10:40:58.719546317,1746607258,718553483,,0.0,-2.1316282072803006e-14,0.0,0.0,0.0,5.684341886080802e-14
2025/05/07 10:40:58.812370729,1746607258,812016981,,0.0,-7.105427357601002e-15,0.0,0.0,0.0,-2.842170943040401e-14
2025/05/07 10:40:58.912667339,1746607258,912352765,,2.8990143619012088e-12,6.544098596350523e-12,0.0,0.0,0.0,-1.332978172285948e-11
2025/05/07 10:40:59.11826175,1746607259,11377742,,0.0,0.0,0.0,0.0,0.0,0.0
2025/05/07 10:40:59.111303263,1746607259,111015075,,5.115907697472721e-13,9.876544027065393e-13,0.0,0.0,0.0,-1.9895196601282805e-12
2025/05/07 10:40:59.212318476,1746607259,211987329,,1.0231815394945443e-12,2.0961010704922955e-12,0.0,0.0,0.0,-4.177991286269389e-12
2025/05/07 10:40:59.312690470,1746607259,312352295,,1.6200374375330284e-12,3.268496584496461e-12,0.0,0.0,0.0,-6.565414878423326e-12
2025/05/07 10:40:59.428555542,1746607259,428244014,,-5.684341886080801e-13,34.117311403521725,0.0,0.0,0.0,-3.751665644813329e-12
2025/05/07 10:40:59.515339199,1746607259,514988773,,2.842170943040401e-14,-7.105427357601002e-15,0.0,0.0,0.0,0.0
2025/05/07 10:40:59.613100983,1746607259,612725723,,-5.684341886080802e-14,0.0,0.0,0.0,0.0,4.263256414560601e-14
2025/05/07 10:40:59.712950498,1746607259,712579798,,2.842170943040401e-14,0.0,0.0,0.0,0.0,2.842170943040401e-14
2025/05/07 10:40:59.812484800,1746607259,812196901,,3.674927029351238e-11,-8.500222747898079e-11,0.0,0.0,0.0,1.701891960692592e-10
2025/05/07 10:40:59.912334921,1746607259,911736999,,0.0,0.0,0.0,0.0,0.0,-1.4210854715202004e-14
2025/05/07 10:41:00.12977910,1746607260,12663510,,0.0,-7.105427357601002e-15,0.0,0.0,0.0,4.263256414560601e-14
2025/05/07 10:41:00.111745511,1746607260,111080801,,5.684341886080802e-14,-9.237055564881302e-14,0.0,0.0,0.0,1.5631940186722204e-13
2025/05/07 10:41:00.211591937,1746607260,211201258,,1.9895196601282805e-13,-5.115907697472721e-13,0.0,0.0,0.0,9.805489753489383e-13
2025/05/07 10:41:00.312341235,1746607260,311827282,,2.2737367544323206e-13,-4.689582056016661e-13,0.0,0.0,0.0,9.094947017729282e-13
2025/05/07 10:41:00.411995736,1746607260,411660277,,6.764366844436154e-12,-1.4082957022765186e-11,0.0,0.0,0.0,2.76685341304983e-11
2025/05/07 10:41:00.512895505,1746607260,512261995,,0.0,-2.1316282072803006e-14,0.0,0.0,0.0,5.684341886080802e-14
2025/05/07 10:41:00.611457893,1746607260,611216553,,0.0,-7.105427357601002e-15,0.0,0.0,0.0,5.684341886080802e-14
2025/05/07 10:41:00.723058839,1746607260,715277334,,2.842170943040401e-14,-4.263256414560601e-14,0.0,0.0,0.0,8.526512829121202e-14
2025/05/07 10:41:00.811973129,1746607260,811652410,,0.0,-4.973799150320701e-14,0.0,0.0,0.0,9.947598300641403e-14
2025/05/07 10:41:00.911735295,1746607260,911407054,,0.0,-5.684341886080802e-14,0.0,0.0,0.0,1.1368683772161603e-13
2025/05/07 10:41:01.11922741,1746607261,11529583,,0.0,-6.394884621840902e-14,0.0,0.0,0.0,1.5631940186722204e-13
2025/05/07 10:41:01.112266529,1746607261,111782105,,0.0,-7.815970093361102e-14,0.0,0.0,0.0,1.4210854715202004e-13
2025/05/07 10:41:01.214068985,1746607261,213708123,,0.0,-7.105427357601002e-14,0.0,0.0,0.0,1.4210854715202004e-13
2025/05/07 10:41:01.312488693,1746607261,312002157,,0.0,-7.105427357601002e-14,0.0,0.0,0.0,1.2789769243681803e-13
2025/05/07 10:41:01.414857556,1746607261,413514907,,0.0,-7.105427357601002e-14,0.0,0.0,0.0,9.947598300641403e-14
2025/05/07 10:41:01.526911842,1746607261,525853980,,-5.210267772781663e-10,-22.949734091175994,0.0,0.0,0.0,6.2768208408670034e-09
2025/05/07 10:41:01.613453792,1746607261,613014471,,0.0,-7.105427357601002e-15,0.0,0.0,0.0,0.0
2025/05/07 10:41:01.713486188,1746607261,713134458,,1.1368683772161603e-13,1.794120407794253e-13,0.0,0.0,0.0,-3.694822225952521e-13
2025/05/07 10:41:01.812547253,1746607261,812119665,,0.0,1.4210854715202004e-14,0.0,0.0,0.0,0.0
2025/05/07 10:41:01.911691251,1746607261,911382776,,0.0,-3.552713678800501e-15,0.0,0.0,0.0,0.0
2025/05/07 10:41:02.12685810,1746607262,12291825,,0.0,-3.552713678800501e-15,0.0,0.0,0.0,2.842170943040401e-14
2025/05/07 10:41:02.111378032,1746607262,111040442,,0.0,3.552713678800501e-15,0.0,0.0,0.0,0.0
2025/05/07 10:41:02.214782523,1746607262,213494324,,0.0,0.0,0.0,0.0,0.0,-5.684341886080802e-14
2025/05/07 10:41:02.311484013,1746607262,311081583,,0.0,0.0,0.0,0.0,0.0,2.842170943040401e-14
2025/05/07 10:41:02.411529426,1746607262,411135166,,0.0,0.0,0.0,0.0,0.0,0.0
2025/05/07 10:41:02.525232567,1746607262,524980349,,-7.44648787076585e-12,-27.936252910012463,0.0,0.0,0.0,4.3002046368201263e-11
2025/05/07 10:41:02.617110351,1746607262,616594890,,0.0,0.0,0.0,0.0,0.0,0.0
2025/05/07 10:41:02.716405540,1746607262,715993461,,5.684341886080802e-14,-3.126388037344441e-13,0.0,0.0,0.0,-4.547473508864641e-13
2025/05/07 10:41:02.813197801,1746607262,812853426,,-5.684341886080802e-14,-1.7053025658242404e-13,0.0,0.0,0.0,-3.126388037344441e-13
2025/05/07 10:41:02.911735185,1746607262,911458077,,-1.1368683772161603e-13,-1.7053025658242404e-13,0.0,0.0,0.0,-3.979039320256561e-13
2025/05/07 10:41:03.11755193,1746607263,11383329,,0.0,0.0,0.0,0.0,0.0,-8.526512829121202e-14
2025/05/07 10:41:03.114259917,1746607263,113944072,,-5.684341886080802e-14,-2.842170943040401e-14,0.0,0.0,0.0,-2.842170943040401e-14
2025/05/07 10:41:03.212692831,1746607263,212424093,,-5.684341886080802e-14,0.0,0.0,0.0,0.0,-5.684341886080802e-14
2025/05/07 10:41:03.314522476,1746607263,314255145,,0.0,0.0,0.0,0.0,0.0,0.0
2025/05/07 10:41:07.342618859,1746607267,342433902,,-0.5028331863103404,3.5599597036863813,0.0,0.0,0.0,-4.717109619951344
2025/05/07 10:41:07.350337397,1746607267,349902730,,0.0,-1.7763568394002505e-13,0.0,0.0,0.0,4.263256414560601e-13
2025/05/07 10:41:07.412460905,1746607267,412128511,,0.0,-7.105427357601002e-15,0.0,0.0,0.0,-2.842170943040401e-14
2025/05/07 10:41:07.530616957,1746607267,530329850,,37.53652101731291,-2.6916247009012295e-10,0.0,0.0,0.0,-8.304255061375443e-10
2025/05/07 10:41:07.614743244,1746607267,614321782,,0.0,1.7763568394002505e-15,0.0,0.0,0.0,0.0
2025/05/07 10:41:07.712044517,1746607267,711650618,,0.0,1.7763568394002505e-15,0.0,0.0,0.0,-2.842170943040401e-14
2025/05/07 10:41:07.811641673,1746607267,811318880,,0.0,0.0,0.0,0.0,0.0,0.0
2025/05/07 10:41:07.911616918,1746607267,911200730,,0.0,3.552713678800501e-15,0.0,0.0,0.0,-5.684341886080802e-14
2025/05/07 10:41:08.11631756,1746607268,11153952,,0.0,0.0,0.0,0.0,0.0,2.842170943040401e-14
2025/05/07 10:41:08.111626624,1746607268,111068159,,0.0,-3.552713678800501e-15,0.0,0.0,0.0,0.0
2025/05/07 10:41:08.213413326,1746607268,213073475,,5.684341886080802e-14,0.0,0.0,0.0,0.0,0.0
2025/05/07 10:41:08.313462580,1746607268,312107195,,0.0,3.552713678800501e-15,0.0,0.0,0.0,-2.842170943040401e-14
2025/05/07 10:41:08.415087857,1746607268,414837679,,5.684341886080802e-14,-8.881784197001252e-16,0.0,0.0,0.0,0.0
2025/05/07 10:41:08.514892760,1746607268,513941944,,0.0,-5.329070518200751e-15,0.0,0.0,0.0,5.684341886080802e-14
2025/05/07 10:41:08.612678544,1746607268,612374852,,0.0,-8.881784197001252e-16,0.0,0.0,0.0,2.842170943040401e-14
2025/05/07 10:41:08.713093074,1746607268,712707272,,5.684341886080802e-14,8.881784197001252e-16,0.0,0.0,0.0,-2.842170943040401e-14
2025/05/07 10:41:08.813602549,1746607268,813102829,,0.0,-8.881784197001252e-16,0.0,0.0,0.0,0.0
2025/05/07 10:41:08.912409367,1746607268,911834214,,0.0,-1.7763568394002505e-15,0.0,0.0,0.0,2.842170943040401e-14
2025/05/07 10:41:09.12744400,1746607269,11780016,,0.0,-1.7763568394002505e-15,0.0,0.0,0.0,5.684341886080802e-14
2025/05/07 10:41:09.111998797,1746607269,111535184,,0.0,-8.881784197001252e-16,0.0,0.0,0.0,-5.684341886080802e-14
2025/05/07 10:41:09.211415464,1746607269,211047212,,0.0,8.881784197001252e-16,0.0,0.0,0.0,2.842170943040401e-14
2025/05/07 10:41:09.311685827,1746607269,311308930,,0.0,8.881784197001252e-16,0.0,0.0,0.0,2.842170943040401e-14
2025/05/07 10:41:09.412641796,1746607269,412102945,,0.0,0.0,0.0,0.0,0.0,-2.842170943040401e-14
2025/05/07 10:41:09.511685226,1746607269,511350088,,-5.684341886080802e-14,8.881784197001252e-16,0.0,0.0,0.0,2.842170943040401e-14
2025/05/07 10:41:09.612246487,1746607269,611702862,,0.0,0.0,0.0,0.0,0.0,0.0
2025/05/07 10:41:09.712810557,1746607269,712446407,,0.0,-1.7763568394002505e-15,0.0,0.0,0.0,0.0
2025/05/07 10:41:09.811620483,1746607269,811277298,,5.684341886080802e-14,8.881784197001252e-16,0.0,0.0,0.0,-5.684341886080802e-14
2025/05/07 10:41:09.913561640,1746607269,913146144,,0.0,-1.7763568394002505e-15,0.0,0.0,0.0,0.0
2025/05/07 10:41:10.11458949,1746607270,11037454,,0.0,1.7763568394002505e-15,0.0,0.0,0.0,-2.842170943040401e-14
2025/05/07 10:41:10.111756525,1746607270,111125865,,-5.684341886080802e-14,-1.7763568394002505e-15,0.0,0.0,0.0,2.842170943040401e-14
2025/05/07 10:41:10.211435995,1746607270,211148543,,5.684341886080802e-14,0.0,0.0,0.0,0.0,-2.842170943040401e-14
2025/05/07 10:41:10.312095655,1746607270,311705116,,0.0,0.0,0.0,0.0,0.0,-2.842170943040401e-14
2025/05/07 10:41:10.413364082,1746607270,412947777,,5.684341886080802e-14,0.0,0.0,0.0,0.0,5.684341886080802e-14
2025/05/07 10:41:10.514258783,1746607270,513528653,,0.0,0.0,0.0,0.0,0.0,-8.526512829121202e-14
2025/05/07 10:41:10.612378983,1746607270,612043191,,0.0,0.0,0.0,0.0,0.0,0.0
2025/05/07 10:41:10.712292718,1746607270,711940331,,-5.684341886080802e-14,7.105427357601002e-15,0.0,0.0,0.0,-8.526512829121202e-14
2025/05/07 10:41:10.812087250,1746607270,811628922,,0.0,7.105427357601002e-15,0.0,0.0,0.0,-2.842170943040401e-14
2025/05/07 10:41:10.912480341,1746607270,911897155,,0.0,7.105427357601002e-15,0.0,0.0,0.0,2.842170943040401e-14
2025/05/07 10:41:11.12607655,1746607271,12050051,,-1.1368683772161603e-13,1.4210854715202004e-14,0.0,0.0,0.0,5.684341886080802e-14
2025/05/07 10:41:11.112669980,1746607271,112336621,,0.0,0.0,0.0,0.0,0.0,0.0
2025/05/07 10:41:11.215321618,1746607271,214943280,,0.0,7.105427357601002e-15,0.0,0.0,0.0,0.0
2025/05/07 10:41:11.312755489,1746607271,312504358,,0.0,7.105427357601002e-15,0.0,0.0,0.0,-5.684341886080802e-14
2025/05/07 10:41:11.424857632,1746607271,424365087,,-2.2737367544323206e-13,23.939014263910448,0.0,0.0,0.0,-5.286437954055145e-12
2025/05/07 10:41:11.513987427,1746607271,513754764,,2.2737367544323206e-13,4.405364961712621e-13,0.0,0.0,0.0,5.684341886080801e-13
2025/05/07 10:41:11.621232940,1746607271,615028706,,3.410605131648481e-13,-4.973799150320701e-14,0.0,0.0,0.0,5.684341886080802e-14
2025/05/07 10:41:11.712529951,1746607271,712156495,,0.0,-7.105427357601002e-15,0.0,0.0,0.0,0.0
2025/05/07 10:41:11.811848386,1746607271,811549185,,1.1368683772161603e-13,-7.105427357601002e-15,0.0,0.0,0.0,-2.842170943040401e-14
2025/05/07 10:41:11.911977062,1746607271,911648301,,0.0,0.0,0.0,0.0,0.0,-5.684341886080802e-14
2025/05/07 10:41:12.13612344,1746607272,13320361,,0.0,-1.4210854715202004e-14,0.0,0.0,0.0,0.0
2025/05/07 10:41:12.112442053,1746607272,111988694,,0.0,-7.105427357601002e-15,0.0,0.0,0.0,2.842170943040401e-14
2025/05/07 10:41:12.212558760,1746607272,212101268,,0.0,-7.105427357601002e-15,0.0,0.0,0.0,-2.842170943040401e-14
2025/05/07 10:41:12.311984568,1746607272,311601040,,-5.684341886080802e-14,-1.4210854715202004e-14,0.0,0.0,0.0,0.0
2025/05/07 10:41:12.423317038,1746607272,422962957,,-1.1368683772161603e-13,-5.536650894180154,0.0,0.0,0.0,5.172751116333529e-12
2025/05/07 10:41:12.513131188,1746607272,512670494,,0.0,3.552713678800501e-15,0.0,0.0,0.0,5.684341886080802e-14
2025/05/07 10:41:12.613255696,1746607272,612466684,,0.0,2.1316282072803006e-14,0.0,0.0,0.0,-5.684341886080802e-14
2025/05/07 10:41:12.712015474,1746607272,711695024,,0.0,7.105427357601002e-15,0.0,0.0,0.0,-2.842170943040401e-14
2025/05/07 10:41:12.811925128,1746607272,811332323,,5.684341886080802e-14,1.5987211554602254e-14,0.0,0.0,0.0,-5.684341886080802e-14
2025/05/07 10:41:12.912303742,1746607272,911769542,,2.2737367544323206e-13,1.1368683772161603e-13,0.0,0.0,0.0,-1.9895196601282805e-13
2025/05/07 10:41:13.12477551,1746607273,12107093,,2.489741746103391e-11,1.1715073355844652e-11,0.0,0.0,0.0,-2.2680524125462398e-11
2025/05/07 10:41:13.113038755,1746607273,112542696,,2.3874235921539366e-12,1.092459456231154e-12,0.0,0.0,0.0,-2.1032064978498966e-12
2025/05/07 10:41:13.212836219,1746607273,212272302,,3.842615114990622e-11,1.7402967955604254e-11,0.0,0.0,0.0,-3.353761712787673e-11
2025/05/07 10:41:13.312813058,1746607273,312478736,,2.6943780540023e-11,1.2045475727973098e-11,0.0,0.0,0.0,-2.319211489520967e-11
2025/05/07 10:41:13.413698633,1746607273,413249841,,5.684341886080802e-14,-1.7763568394002505e-15,0.0,0.0,0.0,0.0
2025/05/07 10:41:13.513025057,1746607273,512633177,,0.0,-2.6645352591003757e-15,0.0,0.0,0.0,2.842170943040401e-14
2025/05/07 10:41:13.611625786,1746607273,611309043,,0.0,1.7763568394002505e-15,0.0,0.0,0.0,-2.842170943040401e-14
2025/05/07 10:41:13.712103086,1746607273,711507384,,0.0,8.881784197001252e-16,0.0,0.0,0.0,2.842170943040401e-14
2025/05/07 10:41:13.811511069,1746607273,811134394,,0.0,0.0,0.0,0.0,0.0,0.0
2025/05/07 10:41:13.911782541,1746607273,911276100,,0.0,-1.7763568394002505e-15,0.0,0.0,0.0,2.842170943040401e-14
2025/05/07 10:41:14.11810767,1746607274,11399793,,0.0,-1.7763568394002505e-15,0.0,0.0,0.0,2.842170943040401e-14
2025/05/07 10:41:14.111685914,1746607274,111334983,,0.0,8.881784197001252e-16,0.0,0.0,0.0,5.684341886080802e-14
2025/05/07 10:41:14.211653642,1746607274,211167161,,0.0,0.0,0.0,0.0,0.0,-8.526512829121202e-14
2025/05/07 10:41:14.313418944,1746607274,313042632,,0.0,-3.552713678800501e-15,0.0,0.0,0.0,2.842170943040401e-14
2025/05/07 10:41:14.412462575,1746607274,411720245,,0.0,-1.7763568394002505e-15,0.0,0.0,0.0,2.842170943040401e-14
2025/05/07 10:41:14.511784309,1746607274,511472048,,0.0,-5.329070518200751e-15,0.0,0.0,0.0,-5.684341886080802e-14
2025/05/07 10:41:14.611821344,1746607274,611509143,,-5.684341886080802e-14,1.7763568394002505e-15,0.0,0.0,0.0,5.684341886080802e-14
2025/05/07 10:41:14.714807350,1746607274,713832868,,0.0,-3.552713678800501e-15,0.0,0.0,0.0,2.842170943040401e-14
2025/05/07 10:41:14.812095682,1746607274,811596646,,0.0,-7.105427357601002e-15,0.0,0.0,0.0,-2.842170943040401e-14
2025/05/07 10:41:14.913682309,1746607274,912592419,,0.0,-3.552713678800501e-15,0.0,0.0,0.0,-2.842170943040401e-14
2025/05/07 10:41:15.11695713,1746607275,11322401,,0.0,-3.552713678800501e-15,0.0,0.0,0.0,8.526512829121202e-14
2025/05/07 10:41:15.111954130,1746607275,111654833,,-5.684341886080802e-14,-7.105427357601002e-15,0.0,0.0,0.0,2.842170943040401e-14
2025/05/07 10:41:15.212158364,1746607275,211587441,,-5.684341886080802e-14,-3.552713678800501e-15,0.0,0.0,0.0,5.684341886080802e-14
2025/05/07 10:41:15.311684408,1746607275,311329523,,0.0,0.0,0.0,0.0,0.0,2.842170943040401e-14
2025/05/07 10:41:15.415449473,1746607275,413834717,,0.0,-1.376676550535194e-13,0.0,0.0,0.0,4.263256414560601e-13
2025/05/07 10:41:15.512043879,1746607275,511688886,,0.0,3.552713678800501e-15,0.0,0.0,0.0,-2.842170943040401e-14
2025/05/07 10:41:15.611460663,1746607275,611061227,,0.0,0.0,0.0,0.0,0.0,2.842170943040401e-14
2025/05/07 10:41:15.711586269,1746607275,711295777,,-5.684341886080802e-14,-8.881784197001252e-16,0.0,0.0,0.0,-2.842170943040401e-14
2025/05/07 10:41:15.811720705,1746607275,811389755,,0.0,-8.881784197001252e-16,0.0,0.0,0.0,0.0
2025/05/07 10:41:15.911487230,1746607275,911171860,,0.0,-1.7763568394002505e-15,0.0,0.0,0.0,2.842170943040401e-14
2025/05/07 10:41:16.13487584,1746607276,13120129,,-5.684341886080802e-14,-2.6645352591003757e-15,0.0,0.0,0.0,2.842170943040401e-14
2025/05/07 10:41:16.112441790,1746607276,112077262,,-5.684341886080802e-14,-8.881784197001252e-16,0.0,0.0,0.0,5.684341886080802e-14
2025/05/07 10:41:16.211824577,1746607276,211487928,,0.0,-2.6645352591003757e-15,0.0,0.0,0.0,2.842170943040401e-14
2025/05/07 10:41:16.313787759,1746607276,313430811,,0.0,3.552713678800501e-15,0.0,0.0,0.0,0.0
2025/05/07 10:41:16.413248475,1746607276,412863117,,0.0,-1.7763568394002505e-15,0.0,0.0,0.0,-2.842170943040401e-14
2025/05/07 10:41:16.514626529,1746607276,514148862,,0.0,3.552713678800501e-15,0.0,0.0,0.0,-2.842170943040401e-14
2025/05/07 10:41:16.611902398,1746607276,611401204,,0.0,0.0,0.0,0.0,0.0,2.842170943040401e-14
2025/05/07 10:41:16.713980249,1746607276,713540700,,0.0,-1.7763568394002505e-15,0.0,0.0,0.0,5.684341886080802e-14
2025/05/07 10:41:16.813027810,1746607276,812610097,,0.0,-3.552713678800501e-15,0.0,0.0,0.0,2.842170943040401e-14
2025/05/07 10:41:16.913987009,1746607276,913639206,,0.0,0.0,0.0,0.0,0.0,2.842170943040401e-14
2025/05/07 10:41:17.11723744,1746607277,11358201,,-5.684341886080802e-14,-1.7763568394002505e-15,0.0,0.0,0.0,0.0
2025/05/07 10:41:17.113783082,1746607277,113431789,,0.0,1.7763568394002505e-15,0.0,0.0,0.0,-2.842170943040401e-14
2025/05/07 10:41:17.211919877,1746607277,211576810,,-1.1368683772161603e-13,1.7763568394002505e-15,0.0,0.0,0.0,2.842170943040401e-14
2025/05/07 10:41:17.311571909,1746607277,311021022,,0.0,-1.7763568394002505e-15,0.0,0.0,0.0,0.0
2025/05/07 10:41:17.416850203,1746607277,416616008,,0.0,0.0,0.0,0.0,0.0,-2.842170943040401e-14
2025/05/07 10:41:17.513095754,1746607277,512578587,,5.684341886080802e-14,-2.842170943040401e-14,0.0,0.0,0.0,2.842170943040401e-14
2025/05/07 10:41:17.612430731,1746607277,612103078,,0.0,-4.263256414560601e-14,0.0,0.0,0.0,2.842170943040401e-14
2025/05/07 10:41:17.712987563,1746607277,712570227,,0.0,7.105427357601002e-15,0.0,0.0,0.0,0.0
2025/05/07 10:41:17.818279827,1746607277,816381351,,0.0,1.4210854715202004e-14,0.0,0.0,0.0,-5.684341886080802e-14
2025/05/07 10:41:17.913267632,1746607277,912709970,,0.0,2.842170943040401e-14,0.0,0.0,0.0,-2.842170943040401e-14
2025/05/07 10:41:18.24860003,1746607278,24583569,,-283.6763515649883,20.872498715029376,0.0,0.0,0.0,1.1894485396624077e-10
2025/05/07 10:41:18.121404432,1746607278,121205332,,-216.9942199889466,7.016924227133217,0.0,0.0,0.0,2.76543232757831e-11
2025/05/07 10:41:18.221408967,1746607278,221100295,,-145.44396941433757,7.669633816931309e-10,0.0,0.0,0.0,8.274426477328234e-09
2025/05/07 10:41:18.321392516,1746607278,321057614,,-71.93633848582792,-1.141842176366481e-11,0.0,0.0,0.0,-1.2320811038080137e-11
2025/05/07 10:41:18.414600245,1746607278,414118982,,-1.8474111129762605e-13,1.5276668818842154e-13,0.0,0.0,0.0,3.055333763768431e-13
2025/05/07 10:41:18.512343794,1746607278,512003342,,5.3290705182007514e-14,5.1514348342607263e-14,0.0,0.0,0.0,-1.4210854715202004e-14
2025/05/07 10:41:18.613365858,1746607278,613108675,,-0.0,-8.881784197001252e-16,0.0,0.0,0.0,2.842170943040401e-14
2025/05/07 10:41:18.712890732,1746607278,712611583,,2.149391775674303e-13,-3.2862601528904634e-14,0.0,0.0,0.0,-1.2434497875801753e-13
2025/05/07 10:41:18.812872512,1746607278,812300899,,8.881784197001252e-15,-1.9095836023552692e-14,0.0,0.0,0.0,2.4868995751603507e-14
2025/05/07 10:41:18.913655375,1746607278,913237943,,9.951240827857344e-15,-4.731919030791768e-14,0.0,0.0,0.0,8.538591168389905e-14
2025/05/07 10:41:19.11008036,1746607279,8298772,,0.0,-4.263256414560601e-14,0.0,0.0,0.0,0.0
2025/05/07 10:41:19.109493959,1746607279,107416884,,0.0,-1.4210854715202004e-14,0.0,0.0,0.0,0.0
2025/05/07 10:41:19.207379768,1746607279,207101289,,0.0,-1.4210854715202004e-14,0.0,0.0,0.0,0.0
2025/05/07 10:41:19.307247906,1746607279,307023542,,0.0,-1.4210854715202004e-14,0.0,0.0,0.0,0.0
2025/05/07 10:41:19.407205568,1746607279,406994001,,0.0,-1.4210854715202004e-14,0.0,0.0,0.0,0.0
2025/05/07 10:41:19.507328860,1746607279,506982864,,0.0,-1.4210854715202004e-14,0.0,0.0,0.0,0.0
2025/05/07 10:41:19.609250265,1746607279,607826616,,0.0,-1.4210854715202004e-14,0.0,0.0,0.0,0.0
2025/05/07 10:41:19.707260117,1746607279,707026360,,0.0,-1.4210854715202004e-14,0.0,0.0,0.0,0.0
2025/05/07 10:41:19.807254243,1746607279,807000495,,0.0,-1.4210854715202004e-14,0.0,0.0,0.0,0.0
2025/05/07 10:41:19.907495093,1746607279,907111832,,0.0,-1.4210854715202004e-14,0.0,0.0,0.0,0.0
2025/05/07 10:41:20.7200873,1746607280,6931109,,0.0,-2.842170943040401e-14,0.0,0.0,0.0,0.0
2025/05/07 10:41:20.107428104,1746607280,107025547,,-0.0,0.0,0.0,0.0,0.0,0.0
2025/05/07 10:41:20.207477005,1746607280,207139832,,-0.0,0.0,0.0,0.0,0.0,0.0
2025/05/07 10:41:20.307462158,1746607280,307155050,,-0.0,0.0,0.0,0.0,0.0,0.0
2025/05/07 10:41:20.407575734,1746607280,407076638,,-0.0,0.0,0.0,0.0,0.0,0.0
2025/05/07 10:41:20.507678774,1746607280,507026356,,-0.0,0.0,0.0,0.0,0.0,0.0
2025/05/07 10:41:20.607381061,1746607280,607053786,,-0.0,0.0,0.0,0.0,0.0,0.0
2025/05/07 10:41:20.707504627,1746607280,707046622,,-0.0,0.0,0.0,0.0,0.0,0.0
2025/05/07 10:41:20.807704154,1746607280,807235345,,-0.0,0.0,0.0,0.0,0.0,0.0
2025/05/07 10:41:20.907420599,1746607280,907071224,,-0.0,0.0,0.0,0.0,0.0,0.0
2025/05/07 10:41:21.7616425,1746607281,7171631,,-0.0,0.0,0.0,0.0,0.0,0.0
2025/05/07 10:41:21.107475003,1746607281,107015389,,-0.0,0.0,0.0,0.0,0.0,0.0
2025/05/07 10:41:21.207411299,1746607281,207203344,,-0.0,7.105427357601002e-15,0.0,0.0,0.0,-2.842170943040401e-14
2025/05/07 10:41:21.307433597,1746607281,307266629,,-0.0,0.0,0.0,0.0,0.0,-1.1368683772161603e-13
2025/05/07 10:41:21.407441574,1746607281,407132612,,0.0,7.105427357601002e-15,0.0,0.0,0.0,0.0
2025/05/07 10:41:21.507546670,1746607281,507190759,,-0.0,0.0,0.0,0.0,0.0,-1.1368683772161603e-13
2025/05/07 10:41:21.607478152,1746607281,607084325,,-0.0,0.0,0.0,0.0,0.0,-1.1368683772161603e-13
2025/05/07 10:41:21.708104506,1746607281,707426436,,-0.0,0.0,0.0,0.0,0.0,-1.1368683772161603e-13
2025/05/07 10:41:21.807409206,1746607281,807019124,,-0.0,0.0,0.0,0.0,0.0,-1.1368683772161603e-13
2025/05/07 10:41:21.907289531,1746607281,907035393,,-0.0,0.0,0.0,0.0,0.0,-1.1368683772161603e-13
2025/05/07 10:41:22.7484522,1746607282,7016491,,-0.0,0.0,0.0,0.0,0.0,-1.1368683772161603e-13
2025/05/07 10:41:22.107391105,1746607282,107044417,,-0.0,0.0,0.0,0.0,0.0,-1.1368683772161603e-13
2025/05/07 10:41:22.207192015,1746607282,207020629,,-0.0,0.0,0.0,0.0,0.0,-1.1368683772161603e-13
2025/05/07 10:41:22.307455365,1746607282,307131506,,-0.0,0.0,0.0,0.0,0.0,-1.1368683772161603e-13
2025/05/07 10:41:22.407236656,1746607282,406976415,,-0.0,0.0,0.0,0.0,0.0,-1.1368683772161603e-13
2025/05/07 10:41:22.507440796,1746607282,507113440,,0.0,0.0,0.0,0.0,0.0,0.0
2025/05/07 10:41:22.607365962,1746607282,607172903,,0.0,0.0,0.0,0.0,0.0,0.0
2025/05/07 10:41:22.707422801,1746607282,707189258,,0.0,0.0,0.0,0.0,0.0,0.0
2025/05/07 10:41:22.807278775,1746607282,807034653,,0.0,0.0,0.0,0.0,0.0,0.0
2025/05/07 10:41:22.907591340,1746607282,907230062,,0.0,0.0,0.0,0.0,0.0,0.0
2025/05/07 10:41:23.8071751,1746607283,7430305,,0.0,0.0,0.0,0.0,0.0,0.0
2025/05/07 10:41:23.107504224,1746607283,107080612,,0.0,0.0,0.0,0.0,0.0,0.0
2025/05/07 10:41:23.207253186,1746607283,206980164,,0.0,0.0,0.0,0.0,0.0,0.0
2025/05/07 10:41:23.307400427,1746607283,307060986,,0.0,0.0,0.0,0.0,0.0,0.0
2025/05/07 10:41:23.407339975,1746607283,407081942,,0.0,-2.842170943040401e-14,0.0,0.0,0.0,1.4210854715202004e-14
2025/05/07 10:41:23.507299523,1746607283,507109646,,-0.0,3.552713678800501e-15,0.0,0.0,0.0,-1.4210854715202004e-14
2025/05/07 10:41:23.607209598,1746607283,606930591,,-0.0,2.842170943040401e-14,0.0,0.0,0.0,-1.1368683772161603e-13
2025/05/07 10:41:23.707503442,1746607283,707120634,,-0.0,2.842170943040401e-14,0.0,0.0,0.0,-1.1368683772161603e-13
2025/05/07 10:41:23.807892115,1746607283,807599381,,-0.0,2.842170943040401e-14,0.0,0.0,0.0,-1.1368683772161603e-13
2025/05/07 10:41:23.907444427,1746607283,906980810,,-0.0,5.684341886080802e-14,0.0,0.0,0.0,0.0
2025/05/07 10:41:24.9229825,1746607284,7039972,,-0.0,5.684341886080802e-14,0.0,0.0,0.0,0.0
2025/05/07 10:41:24.107392906,1746607284,107046713,,-0.0,5.684341886080802e-14,0.0,0.0,0.0,0.0
2025/05/07 10:41:24.207491112,1746607284,207167073,,-0.0,5.684341886080802e-14,0.0,0.0,0.0,0.0
2025/05/07 10:41:24.307445432,1746607284,307292622,,-0.0,5.684341886080802e-14,0.0,0.0,0.0,-2.2737367544323206e-13
2025/05/07 10:41:24.407510314,1746607284,407077421,,-0.0,0.0,0.0,0.0,0.0,-1.1368683772161603e-13
2025/05/07 10:41:24.507813155,1746607284,507311098,,-0.0,0.0,0.0,0.0,0.0,-1.1368683772161603e-13
2025/05/07 10:41:24.607467351,1746607284,607176744,,-0.0,0.0,0.0,0.0,0.0,-1.1368683772161603e-13
2025/05/07 10:41:24.707926939,1746607284,707055519,,-0.0,0.0,0.0,0.0,0.0,-1.1368683772161603e-13
2025/05/07 10:41:24.807485289,1746607284,807038786,,-0.0,0.0,0.0,0.0,0.0,-1.1368683772161603e-13
2025/05/07 10:41:24.907331990,1746607284,907012093,,-0.0,0.0,0.0,0.0,0.0,-1.1368683772161603e-13
2025/05/07 10:41:25.7602736,1746607285,7096482,,-0.0,0.0,0.0,0.0,0.0,-1.1368683772161603e-13
2025/05/07 10:41:25.107391458,1746607285,107041768,,-0.0,0.0,0.0,0.0,0.0,-1.1368683772161603e-13
2025/05/07 10:41:25.218774296,1746607285,207151816,,-0.0,1.1368683772161603e-13,0.0,0.0,0.0,-1.1368683772161603e-13
2025/05/07 10:41:25.308082986,1746607285,307366352,,-0.0,1.1368683772161603e-13,0.0,0.0,0.0,-1.1368683772161603e-13
2025/05/07 10:41:25.409510866,1746607285,407256712,,-0.0,5.684341886080802e-14,0.0,0.0,0.0,-2.2737367544323206e-13
2025/05/07 10:41:25.508283065,1746607285,507155929,,-0.0,5.684341886080802e-14,0.0,0.0,0.0,-2.2737367544323206e-13
2025/05/07 10:41:25.608109317,1746607285,607679847,,-0.0,5.684341886080802e-14,0.0,0.0,0.0,-2.2737367544323206e-13
2025/05/07 10:41:25.707581762,1746607285,707242677,,-0.0,0.0,0.0,0.0,0.0,-1.1368683772161603e-13
2025/05/07 10:41:25.807351767,1746607285,807201210,,-0.0,5.684341886080802e-14,0.0,0.0,0.0,-2.2737367544323206e-13
2025/05/07 10:41:25.909943672,1746607285,907378344,,-0.0,5.684341886080802e-14,0.0,0.0,0.0,-2.2737367544323206e-13
2025/05/07 10:41:26.8712024,1746607286,8407517,,-0.0,5.684341886080802e-14,0.0,0.0,0.0,-2.2737367544323206e-13
2025/05/07 10:41:26.113776279,1746607286,109523337,,-0.0,5.684341886080802e-14,0.0,0.0,0.0,-2.2737367544323206e-13
2025/05/07 10:41:26.207680472,1746607286,207206209,,-0.0,5.684341886080802e-14,0.0,0.0,0.0,-2.2737367544323206e-13
2025/05/07 10:41:26.307315035,1746607286,307068184,,-0.0,5.684341886080802e-14,0.0,0.0,0.0,-2.2737367544323206e-13
2025/05/07 10:41:26.407384878,1746607286,407072853,,-0.0,5.684341886080802e-14,0.0,0.0,0.0,-2.2737367544323206e-13
2025/05/07 10:41:26.507415590,1746607286,507084744,,-0.0,5.684341886080802e-14,0.0,0.0,0.0,-2.2737367544323206e-13
2025/05/07 10:41:26.607537926,1746607286,607138922,,-0.0,5.684341886080802e-14,0.0,0.0,0.0,-2.2737367544323206e-13
2025/05/07 10:41:26.712298928,1746607286,707130001,,-0.0,5.684341886080802e-14,0.0,0.0,0.0,-2.2737367544323206e-13
2025/05/07 10:41:26.809196682,1746607286,808850984,,-0.0,5.684341886080802e-14,0.0,0.0,0.0,-2.2737367544323206e-13
2025/05/07 10:41:26.908534331,1746607286,908137787,,-0.0,5.684341886080802e-14,0.0,0.0,0.0,-2.2737367544323206e-13
2025/05/07 10:41:27.10729549,1746607287,7156451,,-0.0,5.684341886080802e-14,0.0,0.0,0.0,-2.2737367544323206e-13
2025/05/07 10:41:27.109632782,1746607287,107231955,,-0.0,5.684341886080802e-14,0.0,0.0,0.0,-2.2737367544323206e-13
2025/05/07 10:41:27.207469038,1746607287,207083202,,-0.0,5.684341886080802e-14,0.0,0.0,0.0,-2.2737367544323206e-13
2025/05/07 10:41:27.307463721,1746607287,307146120,,-0.0,5.684341886080802e-14,0.0,0.0,0.0,-2.2737367544323206e-13
2025/05/07 10:41:27.407330644,1746607287,407082323,,-0.0,5.684341886080802e-14,0.0,0.0,0.0,-2.2737367544323206e-13
2025/05/07 10:41:27.507485304,1746607287,507107074,,-0.0,5.684341886080802e-14,0.0,0.0,0.0,-2.2737367544323206e-13
2025/05/07 10:41:27.607499682,1746607287,607082964,,-0.0,5.684341886080802e-14,0.0,0.0,0.0,-2.2737367544323206e-13
2025/05/07 10:41:27.707801357,1746607287,707283749,,-0.0,5.684341886080802e-14,0.0,0.0,0.0,-2.2737367544323206e-13
2025/05/07 10:41:27.807509533,1746607287,807108121,,-0.0,5.684341886080802e-14,0.0,0.0,0.0,-2.2737367544323206e-13
2025/05/07 10:41:27.907380650,1746607287,907075539,,-0.0,5.684341886080802e-14,0.0,0.0,0.0,-2.2737367544323206e-13
2025/05/07 10:41:28.8258152,1746607288,7116775,,-0.0,5.684341886080802e-14,0.0,0.0,0.0,-2.2737367544323206e-13
2025/05/07 10:41:28.107277029,1746607288,106986795,,-0.0,5.684341886080802e-14,0.0,0.0,0.0,-2.2737367544323206e-13
2025/05/07 10:41:28.207439397,1746607288,207037271,,-0.0,5.684341886080802e-14,0.0,0.0,0.0,-2.2737367544323206e-13
2025/05/07 10:41:28.307413478,1746607288,307031314,,-0.0,5.684341886080802e-14,0.0,0.0,0.0,-2.2737367544323206e-13
2025/05/07 10:41:28.407637963,1746607288,407145194,,-0.0,5.684341886080802e-14,0.0,0.0,0.0,-2.2737367544323206e-13
2025/05/07 10:41:28.507329047,1746607288,507037626,,-0.0,5.684341886080802e-14,0.0,0.0,0.0,-2.2737367544323206e-13
2025/05/07 10:41:28.607430671,1746607288,607089737,,-0.0,5.684341886080802e-14,0.0,0.0,0.0,-2.2737367544323206e-13
2025/05/07 10:41:28.707347464,1746607288,707056914,,-0.0,5.684341886080802e-14,0.0,0.0,0.0,-2.2737367544323206e-13
2025/05/07 10:41:28.808034791,1746607288,807029505,,-0.0,5.684341886080802e-14,0.0,0.0,0.0,-2.2737367544323206e-13
2025/05/07 10:41:28.907322319,1746607288,907040252,,-0.0,5.684341886080802e-14,0.0,0.0,0.0,-2.2737367544323206e-13
2025/05/07 10:41:29.7661213,1746607289,7175475,,-0.0,5.684341886080802e-14,0.0,0.0,0.0,-2.2737367544323206e-13
2025/05/07 10:41:29.107284081,1746607289,107049872,,-0.0,5.684341886080802e-14,0.0,0.0,0.0,-2.2737367544323206e-13
2025/05/07 10:41:29.207296166,1746607289,207057307,,-0.0,5.684341886080802e-14,0.0,0.0,0.0,-2.2737367544323206e-13
2025/05/07 10:41:29.307281191,1746607289,307053280,,-0.0,5.684341886080802e-14,0.0,0.0,0.0,-2.2737367544323206e-13
2025/05/07 10:41:29.407367518,1746607289,407052754,,-0.0,5.684341886080802e-14,0.0,0.0,0.0,-2.2737367544323206e-13
2025/05/07 10:41:29.507391113,1746607289,507035623,,-0.0,5.684341886080802e-14,0.0,0.0,0.0,-2.2737367544323206e-13
2025/05/07 10:41:29.607467174,1746607289,607101370,,-0.0,5.684341886080802e-14,0.0,0.0,0.0,-2.2737367544323206e-13
2025/05/07 10:41:29.707351282,1746607289,707011881,,-0.0,5.684341886080802e-14,0.0,0.0,0.0,-2.2737367544323206e-13
2025/05/07 10:41:29.807360766,1746607289,807142231,,-0.0,5.684341886080802e-14,0.0,0.0,0.0,-2.2737367544323206e-13
2025/05/07 10:41:29.907494005,1746607289,907135264,,-0.0,5.684341886080802e-14,0.0,0.0,0.0,-2.2737367544323206e-13
2025/05/07 10:41:30.7327873,1746607290,7054617,,-0.0,5.684341886080802e-14,0.0,0.0,0.0,-2.2737367544323206e-13
2025/05/07 10:41:30.107400566,1746607290,107081421,,-0.0,5.684341886080802e-14,0.0,0.0,0.0,-2.2737367544323206e-13
2025/05/07 10:41:30.207239000,1746607290,207023132,,-0.0,5.684341886080802e-14,0.0,0.0,0.0,-2.2737367544323206e-13
2025/05/07 10:41:30.307339266,1746607290,307049199,,-0.0,5.684341886080802e-14,0.0,0.0,0.0,-2.2737367544323206e-13
2025/05/07 10:41:30.407249724,1746607290,407039469,,-0.0,5.684341886080802e-14,0.0,0.0,0.0,-2.2737367544323206e-13
2025/05/07 10:41:30.507315375,1746607290,507135529,,-0.0,5.684341886080802e-14,0.0,0.0,0.0,-2.2737367544323206e-13
2025/05/07 10:41:30.607302740,1746607290,607066858,,-0.0,5.684341886080802e-14,0.0,0.0,0.0,-2.2737367544323206e-13
2025/05/07 10:41:30.707457760,1746607290,707144561,,-0.0,5.684341886080802e-14,0.0,0.0,0.0,-2.2737367544323206e-13
2025/05/07 10:41:30.807357745,1746607290,806937582,,-0.0,5.684341886080802e-14,0.0,0.0,0.0,-2.2737367544323206e-13
2025/05/07 10:41:30.907436252,1746607290,907017256,,-0.0,5.684341886080802e-14,0.0,0.0,0.0,-2.2737367544323206e-13
2025/05/07 10:41:31.7284485,1746607291,6935191,,-0.0,5.684341886080802e-14,0.0,0.0,0.0,-2.2737367544323206e-13
2025/05/07 10:41:31.107513428,1746607291,107084424,,-0.0,5.684341886080802e-14,0.0,0.0,0.0,-2.2737367544323206e-13
2025/05/07 10:41:31.207456052,1746607291,207096609,,-0.0,5.684341886080802e-14,0.0,0.0,0.0,-2.2737367544323206e-13
2025/05/07 10:41:31.307358755,1746607291,307126418,,-0.0,5.684341886080802e-14,0.0,0.0,0.0,-2.2737367544323206e-13
2025/05/07 10:41:31.407549247,1746607291,407185408,,-0.0,5.684341886080802e-14,0.0,0.0,0.0,-2.2737367544323206e-13
2025/05/07 10:41:31.513110667,1746607291,507324596,,-0.0,5.684341886080802e-14,0.0,0.0,0.0,-2.2737367544323206e-13
2025/05/07 10:41:31.607362749,1746607291,607049022,,-0.0,5.684341886080802e-14,0.0,0.0,0.0,-2.2737367544323206e-13
2025/05/07 10:41:31.711145414,1746607291,709880449,,-0.0,5.684341886080802e-14,0.0,0.0,0.0,-2.2737367544323206e-13
2025/05/07 10:41:31.807610279,1746607291,807387101,,-0.0,0.0,0.0,0.0,0.0,-1.1368683772161603e-13
2025/05/07 10:41:31.907388018,1746607291,907044179,,-0.0,0.0,0.0,0.0,0.0,0.0
2025/05/07 10:41:32.7478033,1746607292,7112160,,-0.0,0.0,0.0,0.0,0.0,0.0
2025/05/07 10:41:32.107402781,1746607292,107138526,,-0.0,0.0,0.0,0.0,0.0,0.0
2025/05/07 10:41:32.207541405,1746607292,207086609,,-0.0,0.0,0.0,0.0,0.0,0.0
2025/05/07 10:41:32.307288934,1746607292,307041664,,-0.0,0.0,0.0,0.0,0.0,0.0
2025/05/07 10:41:32.407412175,1746607292,407097108,,-0.0,0.0,0.0,0.0,0.0,0.0
2025/05/07 10:41:32.507696462,1746607292,507285748,,-0.0,0.0,0.0,0.0,0.0,0.0
2025/05/07 10:41:32.609744902,1746607292,609058245,,-0.0,0.0,0.0,0.0,0.0,0.0
2025/05/07 10:41:32.708201115,1746607292,707864378,,-0.0,0.0,0.0,0.0,0.0,0.0
2025/05/07 10:41:32.807267064,1746607292,806942304,,-0.0,0.0,0.0,0.0,0.0,0.0
2025/05/07 10:41:32.907397018,1746607292,907092600,,-0.0,0.0,0.0,0.0,0.0,0.0
2025/05/07 10:41:33.7144243,1746607293,6915732,,-0.0,0.0,0.0,0.0,0.0,0.0
2025/05/07 10:41:33.107670121,1746607293,107269454,,-0.0,0.0,0.0,0.0,0.0,0.0
2025/05/07 10:41:33.207453136,1746607293,207171477,,-0.0,0.0,0.0,0.0,0.0,0.0
2025/05/07 10:41:33.307343168,1746607293,307076053,,-0.0,0.0,0.0,0.0,0.0,0.0
2025/05/07 10:41:33.407290890,1746607293,407137865,,-0.0,0.0,0.0,0.0,0.0,0.0
2025/05/07 10:41:33.507416237,1746607293,507125553,,-0.0,0.0,0.0,0.0,0.0,0.0
2025/05/07 10:41:33.607337365,1746607293,607022997,,-0.0,0.0,0.0,0.0,0.0,0.0
