time,header_stamp_secs,header_stamp_nsecs,header_frame_id,time_ref_secs,time_ref_nsecs,source
2025/05/07 10:40:42.636214638,1746607242,633377316,hemisphere,1746607242,600000000,hemisphere
2025/05/07 10:40:42.687446939,1746607242,686657501,hemisphere,1746607242,650000000,hemisphere
2025/05/07 10:40:42.742613960,1746607242,739200172,hemisphere,1746607242,700000000,hemisphere
2025/05/07 10:40:42.786298055,1746607242,783319958,hemisphere,1746607242,750000000,hemisphere
2025/05/07 10:40:42.850910762,1746607242,833739128,hemisphere,1746607242,800000000,hemisphere
2025/05/07 10:40:42.884522761,1746607242,884010898,hemisphere,1746607242,850000000,hemisphere
2025/05/07 10:40:42.935394901,1746607242,933719155,hemisphere,1746607242,900000000,hemisphere
2025/05/07 10:40:42.991960344,1746607242,989990474,hemisphere,1746607242,950000000,hemisphere
2025/05/07 10:40:43.47225039,1746607243,35630169,hemisphere,1746607243,0,hemisphere
2025/05/07 10:40:43.95803053,1746607243,83670922,hemisphere,1746607243,50000000,hemisphere
2025/05/07 10:40:43.135269703,1746607243,134166359,hemisphere,1746607243,100000000,hemisphere
2025/05/07 10:40:43.203064748,1746607243,183646105,hemisphere,1746607243,150000000,hemisphere
2025/05/07 10:40:43.233819712,1746607243,233325453,hemisphere,1746607243,200000000,hemisphere
2025/05/07 10:40:43.285705795,1746607243,283732752,hemisphere,1746607243,250000000,hemisphere
2025/05/07 10:40:43.334540605,1746607243,334003634,hemisphere,1746607243,300000000,hemisphere
2025/05/07 10:40:43.387229912,1746607243,386713239,hemisphere,1746607243,350000000,hemisphere
2025/05/07 10:40:43.436715993,1746607243,433567096,hemisphere,1746607243,400000000,hemisphere
2025/05/07 10:40:43.500720049,1746607243,483873150,hemisphere,1746607243,450000000,hemisphere
2025/05/07 10:40:43.600988205,1746607243,548316553,hemisphere,1746607243,500000000,hemisphere
2025/05/07 10:40:43.603774317,1746607243,583354310,hemisphere,1746607243,550000000,hemisphere
2025/05/07 10:40:43.641419807,1746607243,634486841,hemisphere,1746607243,600000000,hemisphere
2025/05/07 10:40:43.687618133,1746607243,684491695,hemisphere,1746607243,650000000,hemisphere
2025/05/07 10:40:43.735665836,1746607243,734514817,hemisphere,1746607243,700000000,hemisphere
2025/05/07 10:40:43.834752657,1746607243,783611244,hemisphere,1746607243,750000000,hemisphere
2025/05/07 10:40:43.835769706,1746607243,832875323,hemisphere,1746607243,800000000,hemisphere
2025/05/07 10:40:43.885391304,1746607243,883908519,hemisphere,1746607243,850000000,hemisphere
2025/05/07 10:40:43.938130248,1746607243,935603151,hemisphere,1746607243,900000000,hemisphere
2025/05/07 10:40:44.34853398,1746607243,983176166,hemisphere,1746607243,950000000,hemisphere
2025/05/07 10:40:44.35091231,1746607244,33848527,hemisphere,1746607244,0,hemisphere
2025/05/07 10:40:44.103351066,1746607244,86360814,hemisphere,1746607244,50000000,hemisphere
2025/05/07 10:40:44.135294977,1746607244,134623847,hemisphere,1746607244,100000000,hemisphere
2025/05/07 10:40:44.183797364,1746607244,182835544,hemisphere,1746607244,150000000,hemisphere
2025/05/07 10:40:44.234221167,1746607244,233788794,hemisphere,1746607244,200000000,hemisphere
2025/05/07 10:40:44.384811013,1746607244,283623457,hemisphere,1746607244,250000000,hemisphere
2025/05/07 10:40:44.401350758,1746607244,333868582,hemisphere,1746607244,300000000,hemisphere
2025/05/07 10:40:44.408050930,1746607244,389865596,hemisphere,1746607244,350000000,hemisphere
2025/05/07 10:40:44.445940150,1746607244,442711744,hemisphere,1746607244,400000000,hemisphere
2025/05/07 10:40:44.485597011,1746607244,483733684,hemisphere,1746607244,450000000,hemisphere
2025/05/07 10:40:44.543281855,1746607244,533494855,hemisphere,1746607244,500000000,hemisphere
2025/05/07 10:40:44.584731523,1746607244,583832218,hemisphere,1746607244,550000000,hemisphere
2025/05/07 10:40:44.635762041,1746607244,634026435,hemisphere,1746607244,600000000,hemisphere
2025/05/07 10:40:44.684958608,1746607244,684009630,hemisphere,1746607244,650000000,hemisphere
2025/05/07 10:40:44.745915825,1746607244,733182737,hemisphere,1746607244,700000000,hemisphere
2025/05/07 10:40:44.879923296,1746607244,833749773,hemisphere,1746607244,800000000,hemisphere
2025/05/07 10:40:44.992128440,1746607244,933891564,hemisphere,1746607244,900000000,hemisphere
2025/05/07 10:40:45.15258177,1746607244,982501273,hemisphere,1746607244,950000000,hemisphere
2025/05/07 10:40:45.42390939,1746607245,32828819,hemisphere,1746607245,0,hemisphere
2025/05/07 10:40:45.83833018,1746607245,83329802,hemisphere,1746607245,50000000,hemisphere
2025/05/07 10:40:45.156659441,1746607245,133985678,hemisphere,1746607245,100000000,hemisphere
2025/05/07 10:40:45.254316164,1746607245,183916253,hemisphere,1746607245,150000000,hemisphere
2025/05/07 10:40:45.254584174,1746607245,234509967,hemisphere,1746607245,200000000,hemisphere
2025/05/07 10:40:45.285012170,1746607245,284032075,hemisphere,1746607245,250000000,hemisphere
2025/05/07 10:40:45.345906892,1746607245,344393605,hemisphere,1746607245,300000000,hemisphere
2025/05/07 10:40:45.387702697,1746607245,386247195,hemisphere,1746607245,350000000,hemisphere
2025/05/07 10:40:45.436128545,1746607245,433787610,hemisphere,1746607245,400000000,hemisphere
2025/05/07 10:40:45.523907470,1746607245,483414789,hemisphere,1746607245,450000000,hemisphere
2025/05/07 10:40:45.566964444,1746607245,534653187,hemisphere,1746607245,500000000,hemisphere
2025/05/07 10:40:45.589459094,1746607245,583217444,hemisphere,1746607245,550000000,hemisphere
2025/05/07 10:40:45.633740650,1746607245,633302281,hemisphere,1746607245,600000000,hemisphere
2025/05/07 10:40:45.684944840,1746607245,683675463,hemisphere,1746607245,650000000,hemisphere
2025/05/07 10:40:45.737149743,1746607245,732693020,hemisphere,1746607245,700000000,hemisphere
2025/05/07 10:40:45.807343787,1746607245,783817870,hemisphere,1746607245,750000000,hemisphere
2025/05/07 10:40:45.854957481,1746607245,833507752,hemisphere,1746607245,800000000,hemisphere
2025/05/07 10:40:45.885253203,1746607245,883912169,hemisphere,1746607245,850000000,hemisphere
2025/05/07 10:40:45.936584306,1746607245,935297526,hemisphere,1746607245,900000000,hemisphere
2025/05/07 10:40:46.12186030,1746607245,998623780,hemisphere,1746607245,950000000,hemisphere
2025/05/07 10:40:46.36761631,1746607246,35991759,hemisphere,1746607246,0,hemisphere
2025/05/07 10:40:46.92998375,1746607246,83504497,hemisphere,1746607246,50000000,hemisphere
2025/05/07 10:40:46.135716521,1746607246,134572885,hemisphere,1746607246,100000000,hemisphere
2025/05/07 10:40:46.220529285,1746607246,183548796,hemisphere,1746607246,150000000,hemisphere
2025/05/07 10:40:46.237048407,1746607246,233975124,hemisphere,1746607246,200000000,hemisphere
2025/05/07 10:40:46.286995196,1746607246,285035560,hemisphere,1746607246,250000000,hemisphere
2025/05/07 10:40:46.373015718,1746607246,334616863,hemisphere,1746607246,300000000,hemisphere
2025/05/07 10:40:46.392258357,1746607246,386717214,hemisphere,1746607246,350000000,hemisphere
2025/05/07 10:40:46.435985148,1746607246,434784233,hemisphere,1746607246,400000000,hemisphere
2025/05/07 10:40:46.488012788,1746607246,486213184,hemisphere,1746607246,450000000,hemisphere
2025/05/07 10:40:46.534559036,1746607246,533912267,hemisphere,1746607246,500000000,hemisphere
2025/05/07 10:40:46.585774064,1746607246,584578038,hemisphere,1746607246,550000000,hemisphere
2025/05/07 10:40:46.635510164,1746607246,633908463,hemisphere,1746607246,600000000,hemisphere
2025/05/07 10:40:46.683804958,1746607246,682745625,hemisphere,1746607246,650000000,hemisphere
2025/05/07 10:40:46.734263017,1746607246,733188433,hemisphere,1746607246,700000000,hemisphere
2025/05/07 10:40:46.783457846,1746607246,782898537,hemisphere,1746607246,750000000,hemisphere
2025/05/07 10:40:46.846257563,1746607246,833902256,hemisphere,1746607246,800000000,hemisphere
2025/05/07 10:40:46.885501437,1746607246,883689964,hemisphere,1746607246,850000000,hemisphere
2025/05/07 10:40:46.933890075,1746607246,933372684,hemisphere,1746607246,900000000,hemisphere
2025/05/07 10:40:46.984701256,1746607246,983131519,hemisphere,1746607246,950000000,hemisphere
2025/05/07 10:40:47.34694437,1746607247,33484621,hemisphere,1746607247,0,hemisphere
2025/05/07 10:40:47.84845955,1746607247,83557729,hemisphere,1746607247,50000000,hemisphere
2025/05/07 10:40:47.135733068,1746607247,134384414,hemisphere,1746607247,100000000,hemisphere
2025/05/07 10:40:47.184091833,1746607247,183396077,hemisphere,1746607247,150000000,hemisphere
2025/05/07 10:40:47.234405573,1746607247,233755472,hemisphere,1746607247,200000000,hemisphere
2025/05/07 10:40:47.284231974,1746607247,283375516,hemisphere,1746607247,250000000,hemisphere
2025/05/07 10:40:47.335124198,1746607247,333865966,hemisphere,1746607247,300000000,hemisphere
2025/05/07 10:40:47.387601626,1746607247,386444725,hemisphere,1746607247,350000000,hemisphere
2025/05/07 10:40:47.435411395,1746607247,434415201,hemisphere,1746607247,400000000,hemisphere
2025/05/07 10:40:47.485826901,1746607247,483908532,hemisphere,1746607247,450000000,hemisphere
2025/05/07 10:40:47.536887711,1746607247,534696137,hemisphere,1746607247,500000000,hemisphere
2025/05/07 10:40:47.586256398,1746607247,585098417,hemisphere,1746607247,550000000,hemisphere
2025/05/07 10:40:47.635844485,1746607247,634832845,hemisphere,1746607247,600000000,hemisphere
2025/05/07 10:40:47.684389922,1746607247,683864786,hemisphere,1746607247,650000000,hemisphere
2025/05/07 10:40:47.734166245,1746607247,733646620,hemisphere,1746607247,700000000,hemisphere
2025/05/07 10:40:47.783134753,1746607247,782597935,hemisphere,1746607247,750000000,hemisphere
2025/05/07 10:40:47.834418347,1746607247,833737262,hemisphere,1746607247,800000000,hemisphere
2025/05/07 10:40:47.883912747,1746607247,883433088,hemisphere,1746607247,850000000,hemisphere
2025/05/07 10:40:47.936137733,1746607247,934844070,hemisphere,1746607247,900000000,hemisphere
2025/05/07 10:40:47.983673854,1746607247,982894391,hemisphere,1746607247,950000000,hemisphere
2025/05/07 10:40:48.40750802,1746607248,38590189,hemisphere,1746607248,0,hemisphere
2025/05/07 10:40:48.83878833,1746607248,82962001,hemisphere,1746607248,50000000,hemisphere
2025/05/07 10:40:48.137071369,1746607248,135011232,hemisphere,1746607248,100000000,hemisphere
2025/05/07 10:40:48.184270004,1746607248,183724627,hemisphere,1746607248,150000000,hemisphere
2025/05/07 10:40:48.235916358,1746607248,234136851,hemisphere,1746607248,200000000,hemisphere
2025/05/07 10:40:48.283780775,1746607248,283283259,hemisphere,1746607248,250000000,hemisphere
2025/05/07 10:40:48.333859683,1746607248,333103788,hemisphere,1746607248,300000000,hemisphere
2025/05/07 10:40:48.388649284,1746607248,387549154,hemisphere,1746607248,350000000,hemisphere
2025/05/07 10:40:48.447412965,1746607248,434589542,hemisphere,1746607248,400000000,hemisphere
2025/05/07 10:40:48.495214076,1746607248,491396795,hemisphere,1746607248,450000000,hemisphere
2025/05/07 10:40:48.535380217,1746607248,534643705,hemisphere,1746607248,500000000,hemisphere
2025/05/07 10:40:48.584614094,1746607248,583579129,hemisphere,1746607248,550000000,hemisphere
2025/05/07 10:40:48.634963219,1746607248,633974004,hemisphere,1746607248,600000000,hemisphere
2025/05/07 10:40:48.684705697,1746607248,683623606,hemisphere,1746607248,650000000,hemisphere
2025/05/07 10:40:48.734569011,1746607248,733788514,hemisphere,1746607248,700000000,hemisphere
2025/05/07 10:40:48.784093464,1746607248,783347178,hemisphere,1746607248,750000000,hemisphere
2025/05/07 10:40:48.844968789,1746607248,837810009,hemisphere,1746607248,800000000,hemisphere
2025/05/07 10:40:48.884675017,1746607248,883956806,hemisphere,1746607248,850000000,hemisphere
2025/05/07 10:40:48.935560743,1746607248,934063417,hemisphere,1746607248,900000000,hemisphere
2025/05/07 10:40:48.984526343,1746607248,983292857,hemisphere,1746607248,950000000,hemisphere
2025/05/07 10:40:49.37311325,1746607249,35399340,hemisphere,1746607249,0,hemisphere
2025/05/07 10:40:49.84276247,1746607249,83474142,hemisphere,1746607249,50000000,hemisphere
2025/05/07 10:40:49.135039784,1746607249,134539229,hemisphere,1746607249,100000000,hemisphere
2025/05/07 10:40:49.184018361,1746607249,183496140,hemisphere,1746607249,150000000,hemisphere
2025/05/07 10:40:49.234522968,1746607249,233936067,hemisphere,1746607249,200000000,hemisphere
2025/05/07 10:40:49.284121904,1746607249,283611389,hemisphere,1746607249,250000000,hemisphere
2025/05/07 10:40:49.333953338,1746607249,333323303,hemisphere,1746607249,300000000,hemisphere
2025/05/07 10:40:49.387081168,1746607249,386568742,hemisphere,1746607249,350000000,hemisphere
2025/05/07 10:40:49.434304994,1746607249,433396792,hemisphere,1746607249,400000000,hemisphere
2025/05/07 10:40:49.484265791,1746607249,483852864,hemisphere,1746607249,450000000,hemisphere
2025/05/07 10:40:49.534106206,1746607249,533488884,hemisphere,1746607249,500000000,hemisphere
2025/05/07 10:40:49.596420904,1746607249,583968593,hemisphere,1746607249,550000000,hemisphere
2025/05/07 10:40:49.634129156,1746607249,633643871,hemisphere,1746607249,600000000,hemisphere
2025/05/07 10:40:49.683806727,1746607249,683387430,hemisphere,1746607249,650000000,hemisphere
2025/05/07 10:40:49.734254389,1746607249,733791566,hemisphere,1746607249,700000000,hemisphere
2025/05/07 10:40:49.784053061,1746607249,783496407,hemisphere,1746607249,750000000,hemisphere
2025/05/07 10:40:49.834280876,1746607249,833827175,hemisphere,1746607249,800000000,hemisphere
2025/05/07 10:40:49.884092996,1746607249,883549637,hemisphere,1746607249,850000000,hemisphere
2025/05/07 10:40:49.933681412,1746607249,933271999,hemisphere,1746607249,900000000,hemisphere
2025/05/07 10:40:49.983504637,1746607249,982996342,hemisphere,1746607249,950000000,hemisphere
2025/05/07 10:40:50.33843331,1746607250,33378439,hemisphere,1746607250,0,hemisphere
2025/05/07 10:40:50.83729225,1746607250,83102492,hemisphere,1746607250,50000000,hemisphere
2025/05/07 10:40:50.135837317,1746607250,134593601,hemisphere,1746607250,100000000,hemisphere
2025/05/07 10:40:50.186832296,1746607250,183254449,hemisphere,1746607250,150000000,hemisphere
2025/05/07 10:40:50.234100341,1746607250,233619145,hemisphere,1746607250,200000000,hemisphere
2025/05/07 10:40:50.283904948,1746607250,283339955,hemisphere,1746607250,250000000,hemisphere
2025/05/07 10:40:50.333857625,1746607250,333320202,hemisphere,1746607250,300000000,hemisphere
2025/05/07 10:40:50.386419541,1746607250,385765181,hemisphere,1746607250,350000000,hemisphere
2025/05/07 10:40:50.434431021,1746607250,433918951,hemisphere,1746607250,400000000,hemisphere
2025/05/07 10:40:50.483994903,1746607250,483577960,hemisphere,1746607250,450000000,hemisphere
2025/05/07 10:40:50.533768619,1746607250,533305310,hemisphere,1746607250,500000000,hemisphere
2025/05/07 10:40:50.583802351,1746607250,583473495,hemisphere,1746607250,550000000,hemisphere
2025/05/07 10:40:50.633943091,1746607250,633397483,hemisphere,1746607250,600000000,hemisphere
2025/05/07 10:40:50.683468813,1746607250,683071641,hemisphere,1746607250,650000000,hemisphere
2025/05/07 10:40:50.734972758,1746607250,733545647,hemisphere,1746607250,700000000,hemisphere
2025/05/07 10:40:50.784139714,1746607250,783727099,hemisphere,1746607250,750000000,hemisphere
2025/05/07 10:40:50.834345781,1746607250,833688082,hemisphere,1746607250,800000000,hemisphere
2025/05/07 10:40:50.889266722,1746607250,883282069,hemisphere,1746607250,850000000,hemisphere
2025/05/07 10:40:50.934347506,1746607250,933789085,hemisphere,1746607250,900000000,hemisphere
2025/05/07 10:40:50.983020259,1746607250,982486541,hemisphere,1746607250,950000000,hemisphere
2025/05/07 10:40:51.33779586,1746607251,33269588,hemisphere,1746607251,0,hemisphere
2025/05/07 10:40:51.83376058,1746607251,82845842,hemisphere,1746607251,50000000,hemisphere
2025/05/07 10:40:51.135175538,1746607251,134701360,hemisphere,1746607251,100000000,hemisphere
2025/05/07 10:40:51.184097272,1746607251,183657723,hemisphere,1746607251,150000000,hemisphere
2025/05/07 10:40:51.233767902,1746607251,233205363,hemisphere,1746607251,200000000,hemisphere
2025/05/07 10:40:51.284261012,1746607251,283748263,hemisphere,1746607251,250000000,hemisphere
2025/05/07 10:40:51.334005246,1746607251,333512434,hemisphere,1746607251,300000000,hemisphere
2025/05/07 10:40:51.387092048,1746607251,386606508,hemisphere,1746607251,350000000,hemisphere
2025/05/07 10:40:51.434617966,1746607251,433532574,hemisphere,1746607251,400000000,hemisphere
2025/05/07 10:40:51.483863768,1746607251,483327818,hemisphere,1746607251,450000000,hemisphere
2025/05/07 10:40:51.534153917,1746607251,533608960,hemisphere,1746607251,500000000,hemisphere
2025/05/07 10:40:51.583482377,1746607251,583009453,hemisphere,1746607251,550000000,hemisphere
2025/05/07 10:40:51.634094858,1746607251,633651498,hemisphere,1746607251,600000000,hemisphere
2025/05/07 10:40:51.683260465,1746607251,682765627,hemisphere,1746607251,650000000,hemisphere
2025/05/07 10:40:51.734204126,1746607251,733561138,hemisphere,1746607251,700000000,hemisphere
2025/05/07 10:40:51.783775963,1746607251,783358733,hemisphere,1746607251,750000000,hemisphere
2025/05/07 10:40:51.833658949,1746607251,833179914,hemisphere,1746607251,800000000,hemisphere
2025/05/07 10:40:51.884064685,1746607251,883527480,hemisphere,1746607251,850000000,hemisphere
2025/05/07 10:40:51.932986713,1746607251,932455081,hemisphere,1746607251,900000000,hemisphere
2025/05/07 10:40:51.984074971,1746607251,983599265,hemisphere,1746607251,950000000,hemisphere
2025/05/07 10:40:52.33837317,1746607252,33356111,hemisphere,1746607252,0,hemisphere
2025/05/07 10:40:52.83794210,1746607252,83240881,hemisphere,1746607252,50000000,hemisphere
2025/05/07 10:40:52.134487462,1746607252,133883312,hemisphere,1746607252,100000000,hemisphere
2025/05/07 10:40:52.183635168,1746607252,183078755,hemisphere,1746607252,150000000,hemisphere
2025/05/07 10:40:52.234309995,1746607252,233739497,hemisphere,1746607252,200000000,hemisphere
2025/05/07 10:40:52.283877900,1746607252,283353943,hemisphere,1746607252,250000000,hemisphere
2025/05/07 10:40:52.335638705,1746607252,334546456,hemisphere,1746607252,300000000,hemisphere
2025/05/07 10:40:52.386990850,1746607252,386363329,hemisphere,1746607252,350000000,hemisphere
2025/05/07 10:40:52.435092166,1746607252,433874755,hemisphere,1746607252,400000000,hemisphere
2025/05/07 10:40:52.486897635,1746607252,485083720,hemisphere,1746607252,450000000,hemisphere
2025/05/07 10:40:52.533809470,1746607252,533302752,hemisphere,1746607252,500000000,hemisphere
2025/05/07 10:40:52.584477364,1746607252,583912285,hemisphere,1746607252,550000000,hemisphere
2025/05/07 10:40:52.633551115,1746607252,633043050,hemisphere,1746607252,600000000,hemisphere
2025/05/07 10:40:52.683126732,1746607252,682647252,hemisphere,1746607252,650000000,hemisphere
2025/05/07 10:40:52.733865588,1746607252,733113603,hemisphere,1746607252,700000000,hemisphere
2025/05/07 10:40:52.783484715,1746607252,782980718,hemisphere,1746607252,750000000,hemisphere
2025/05/07 10:40:52.833938776,1746607252,833460805,hemisphere,1746607252,800000000,hemisphere
2025/05/07 10:40:52.883993351,1746607252,883488245,hemisphere,1746607252,850000000,hemisphere
2025/05/07 10:40:52.934338818,1746607252,933822650,hemisphere,1746607252,900000000,hemisphere
2025/05/07 10:40:52.983599708,1746607252,983154195,hemisphere,1746607252,950000000,hemisphere
2025/05/07 10:40:53.33816693,1746607253,33209202,hemisphere,1746607253,0,hemisphere
2025/05/07 10:40:53.83713065,1746607253,83212667,hemisphere,1746607253,50000000,hemisphere
2025/05/07 10:40:53.134502387,1746607253,134040317,hemisphere,1746607253,100000000,hemisphere
2025/05/07 10:40:53.196240985,1746607253,183470687,hemisphere,1746607253,150000000,hemisphere
2025/05/07 10:40:53.233933396,1746607253,233414030,hemisphere,1746607253,200000000,hemisphere
2025/05/07 10:40:53.283210397,1746607253,282787002,hemisphere,1746607253,250000000,hemisphere
2025/05/07 10:40:53.333912227,1746607253,333432803,hemisphere,1746607253,300000000,hemisphere
2025/05/07 10:40:53.386205598,1746607253,385719600,hemisphere,1746607253,350000000,hemisphere
2025/05/07 10:40:53.434236540,1746607253,433533123,hemisphere,1746607253,400000000,hemisphere
2025/05/07 10:40:53.483598987,1746607253,483054564,hemisphere,1746607253,450000000,hemisphere
2025/05/07 10:40:53.535131994,1746607253,533773438,hemisphere,1746607253,500000000,hemisphere
2025/05/07 10:40:53.583828864,1746607253,583227358,hemisphere,1746607253,550000000,hemisphere
2025/05/07 10:40:53.633654027,1746607253,633188156,hemisphere,1746607253,600000000,hemisphere
2025/05/07 10:40:53.683514771,1746607253,683071580,hemisphere,1746607253,650000000,hemisphere
2025/05/07 10:40:53.733908620,1746607253,733414920,hemisphere,1746607253,700000000,hemisphere
2025/05/07 10:40:53.784112596,1746607253,783586975,hemisphere,1746607253,750000000,hemisphere
2025/05/07 10:40:53.833817945,1746607253,833303051,hemisphere,1746607253,800000000,hemisphere
2025/05/07 10:40:53.884224079,1746607253,883748161,hemisphere,1746607253,850000000,hemisphere
2025/05/07 10:40:53.933777404,1746607253,933350839,hemisphere,1746607253,900000000,hemisphere
2025/05/07 10:40:53.983657241,1746607253,983082367,hemisphere,1746607253,950000000,hemisphere
2025/05/07 10:40:54.34274359,1746607254,33830715,hemisphere,1746607254,0,hemisphere
2025/05/07 10:40:54.84000080,1746607254,83465273,hemisphere,1746607254,50000000,hemisphere
2025/05/07 10:40:54.134669372,1746607254,134221928,hemisphere,1746607254,100000000,hemisphere
2025/05/07 10:40:54.184010343,1746607254,183581248,hemisphere,1746607254,150000000,hemisphere
2025/05/07 10:40:54.233282933,1746607254,232809230,hemisphere,1746607254,200000000,hemisphere
2025/05/07 10:40:54.284093603,1746607254,283528834,hemisphere,1746607254,250000000,hemisphere
2025/05/07 10:40:54.333422898,1746607254,332972066,hemisphere,1746607254,300000000,hemisphere
2025/05/07 10:40:54.386612127,1746607254,386130465,hemisphere,1746607254,350000000,hemisphere
2025/05/07 10:40:54.433997771,1746607254,433556489,hemisphere,1746607254,400000000,hemisphere
2025/05/07 10:40:54.483972352,1746607254,483376298,hemisphere,1746607254,450000000,hemisphere
2025/05/07 10:40:54.533751046,1746607254,533300687,hemisphere,1746607254,500000000,hemisphere
2025/05/07 10:40:54.584095415,1746607254,583421976,hemisphere,1746607254,550000000,hemisphere
2025/05/07 10:40:54.636227276,1746607254,633846352,hemisphere,1746607254,600000000,hemisphere
2025/05/07 10:40:54.683921240,1746607254,683451583,hemisphere,1746607254,650000000,hemisphere
2025/05/07 10:40:54.733918453,1746607254,733456429,hemisphere,1746607254,700000000,hemisphere
2025/05/07 10:40:54.783854219,1746607254,783328059,hemisphere,1746607254,750000000,hemisphere
2025/05/07 10:40:54.834258774,1746607254,832925139,hemisphere,1746607254,800000000,hemisphere
2025/05/07 10:40:54.884245807,1746607254,883664303,hemisphere,1746607254,850000000,hemisphere
2025/05/07 10:40:54.933413143,1746607254,932902559,hemisphere,1746607254,900000000,hemisphere
2025/05/07 10:40:54.984703679,1746607254,983822113,hemisphere,1746607254,950000000,hemisphere
2025/05/07 10:40:55.33723597,1746607255,33264666,hemisphere,1746607255,0,hemisphere
2025/05/07 10:40:55.84164973,1746607255,83775497,hemisphere,1746607255,50000000,hemisphere
2025/05/07 10:40:55.134554454,1746607255,134089034,hemisphere,1746607255,100000000,hemisphere
2025/05/07 10:40:55.183762399,1746607255,183336388,hemisphere,1746607255,150000000,hemisphere
2025/05/07 10:40:55.233739822,1746607255,233264762,hemisphere,1746607255,200000000,hemisphere
2025/05/07 10:40:55.283844584,1746607255,283380439,hemisphere,1746607255,250000000,hemisphere
2025/05/07 10:40:55.334260081,1746607255,333619705,hemisphere,1746607255,300000000,hemisphere
2025/05/07 10:40:55.387339794,1746607255,386874467,hemisphere,1746607255,350000000,hemisphere
2025/05/07 10:40:55.433645352,1746607255,433057153,hemisphere,1746607255,400000000,hemisphere
2025/05/07 10:40:55.483917970,1746607255,483385106,hemisphere,1746607255,450000000,hemisphere
2025/05/07 10:40:55.542210481,1746607255,532896900,hemisphere,1746607255,500000000,hemisphere
2025/05/07 10:40:55.584418803,1746607255,583718499,hemisphere,1746607255,550000000,hemisphere
2025/05/07 10:40:55.633561496,1746607255,633151197,hemisphere,1746607255,600000000,hemisphere
2025/05/07 10:40:55.684026349,1746607255,683519788,hemisphere,1746607255,650000000,hemisphere
2025/05/07 10:40:55.733872763,1746607255,733361600,hemisphere,1746607255,700000000,hemisphere
2025/05/07 10:40:55.783178964,1746607255,782745566,hemisphere,1746607255,750000000,hemisphere
2025/05/07 10:40:55.834010850,1746607255,833491978,hemisphere,1746607255,800000000,hemisphere
2025/05/07 10:40:55.883572534,1746607255,883124925,hemisphere,1746607255,850000000,hemisphere
2025/05/07 10:40:55.934395589,1746607255,933873868,hemisphere,1746607255,900000000,hemisphere
2025/05/07 10:40:55.983565820,1746607255,983093180,hemisphere,1746607255,950000000,hemisphere
2025/05/07 10:40:56.34233363,1746607256,33703338,hemisphere,1746607256,0,hemisphere
2025/05/07 10:40:56.84119734,1746607256,83601587,hemisphere,1746607256,50000000,hemisphere
2025/05/07 10:40:56.134974996,1746607256,133887485,hemisphere,1746607256,100000000,hemisphere
2025/05/07 10:40:56.184150407,1746607256,183674428,hemisphere,1746607256,150000000,hemisphere
2025/05/07 10:40:56.233793418,1746607256,233220218,hemisphere,1746607256,200000000,hemisphere
2025/05/07 10:40:56.284074733,1746607256,283584397,hemisphere,1746607256,250000000,hemisphere
2025/05/07 10:40:56.334120557,1746607256,333496072,hemisphere,1746607256,300000000,hemisphere
2025/05/07 10:40:56.386754215,1746607256,386166478,hemisphere,1746607256,350000000,hemisphere
2025/05/07 10:40:56.434225739,1746607256,433680942,hemisphere,1746607256,400000000,hemisphere
2025/05/07 10:40:56.484010712,1746607256,483522171,hemisphere,1746607256,450000000,hemisphere
2025/05/07 10:40:56.534289989,1746607256,533790324,hemisphere,1746607256,500000000,hemisphere
2025/05/07 10:40:56.584279853,1746607256,583595130,hemisphere,1746607256,550000000,hemisphere
2025/05/07 10:40:56.633484432,1746607256,632995175,hemisphere,1746607256,600000000,hemisphere
2025/05/07 10:40:56.683734172,1746607256,683103797,hemisphere,1746607256,650000000,hemisphere
2025/05/07 10:40:56.733610117,1746607256,732992894,hemisphere,1746607256,700000000,hemisphere
2025/05/07 10:40:56.784064193,1746607256,783516704,hemisphere,1746607256,750000000,hemisphere
2025/05/07 10:40:56.834755523,1746607256,833336230,hemisphere,1746607256,800000000,hemisphere
2025/05/07 10:40:56.884150132,1746607256,883737006,hemisphere,1746607256,850000000,hemisphere
2025/05/07 10:40:56.934007588,1746607256,933384936,hemisphere,1746607256,900000000,hemisphere
2025/05/07 10:40:56.982693469,1746607256,982207150,hemisphere,1746607256,950000000,hemisphere
2025/05/07 10:40:57.34094947,1746607257,33605941,hemisphere,1746607257,0,hemisphere
2025/05/07 10:40:57.83848519,1746607257,83138674,hemisphere,1746607257,50000000,hemisphere
2025/05/07 10:40:57.135045665,1746607257,134439578,hemisphere,1746607257,100000000,hemisphere
2025/05/07 10:40:57.184161940,1746607257,183597112,hemisphere,1746607257,150000000,hemisphere
2025/05/07 10:40:57.234361845,1746607257,233783232,hemisphere,1746607257,200000000,hemisphere
2025/05/07 10:40:57.283617449,1746607257,283083318,hemisphere,1746607257,250000000,hemisphere
2025/05/07 10:40:57.334005146,1746607257,333433024,hemisphere,1746607257,300000000,hemisphere
2025/05/07 10:40:57.386733166,1746607257,386241213,hemisphere,1746607257,350000000,hemisphere
2025/05/07 10:40:57.434172541,1746607257,433506952,hemisphere,1746607257,400000000,hemisphere
2025/05/07 10:40:57.484600305,1746607257,483904813,hemisphere,1746607257,450000000,hemisphere
2025/05/07 10:40:57.535561350,1746607257,533770874,hemisphere,1746607257,500000000,hemisphere
2025/05/07 10:40:57.583909397,1746607257,583293639,hemisphere,1746607257,550000000,hemisphere
2025/05/07 10:40:57.634210290,1746607257,633482560,hemisphere,1746607257,600000000,hemisphere
2025/05/07 10:40:57.683791927,1746607257,683176998,hemisphere,1746607257,650000000,hemisphere
2025/05/07 10:40:57.734404536,1746607257,733840004,hemisphere,1746607257,700000000,hemisphere
2025/05/07 10:40:57.784105968,1746607257,783434308,hemisphere,1746607257,750000000,hemisphere
2025/05/07 10:40:57.834558042,1746607257,833749538,hemisphere,1746607257,800000000,hemisphere
2025/05/07 10:40:57.884009670,1746607257,883532752,hemisphere,1746607257,850000000,hemisphere
2025/05/07 10:40:57.933468095,1746607257,932898659,hemisphere,1746607257,900000000,hemisphere
2025/05/07 10:40:57.984158659,1746607257,983652004,hemisphere,1746607257,950000000,hemisphere
2025/05/07 10:40:58.33823232,1746607258,33312860,hemisphere,1746607258,0,hemisphere
2025/05/07 10:40:58.84386772,1746607258,83882589,hemisphere,1746607258,50000000,hemisphere
2025/05/07 10:40:58.134766146,1746607258,134188269,hemisphere,1746607258,100000000,hemisphere
2025/05/07 10:40:58.183489902,1746607258,182921203,hemisphere,1746607258,150000000,hemisphere
2025/05/07 10:40:58.234304783,1746607258,233633655,hemisphere,1746607258,200000000,hemisphere
2025/05/07 10:40:58.284260699,1746607258,283824407,hemisphere,1746607258,250000000,hemisphere
2025/05/07 10:40:58.333812550,1746607258,333313202,hemisphere,1746607258,300000000,hemisphere
2025/05/07 10:40:58.387077545,1746607258,386081704,hemisphere,1746607258,350000000,hemisphere
2025/05/07 10:40:58.434241615,1746607258,433589796,hemisphere,1746607258,400000000,hemisphere
2025/05/07 10:40:58.484211077,1746607258,483618526,hemisphere,1746607258,450000000,hemisphere
2025/05/07 10:40:58.533378486,1746607258,532891266,hemisphere,1746607258,500000000,hemisphere
2025/05/07 10:40:58.584398361,1746607258,583722584,hemisphere,1746607258,550000000,hemisphere
2025/05/07 10:40:58.634965415,1746607258,633874292,hemisphere,1746607258,600000000,hemisphere
2025/05/07 10:40:58.684279703,1746607258,683594122,hemisphere,1746607258,650000000,hemisphere
2025/05/07 10:40:58.733195251,1746607258,732516710,hemisphere,1746607258,700000000,hemisphere
2025/05/07 10:40:58.783780212,1746607258,783196532,hemisphere,1746607258,750000000,hemisphere
2025/05/07 10:40:58.835843976,1746607258,833758383,hemisphere,1746607258,800000000,hemisphere
2025/05/07 10:40:58.883897530,1746607258,883210280,hemisphere,1746607258,850000000,hemisphere
2025/05/07 10:40:58.934270709,1746607258,933561866,hemisphere,1746607258,900000000,hemisphere
2025/05/07 10:40:58.983607616,1746607258,983119071,hemisphere,1746607258,950000000,hemisphere
2025/05/07 10:40:59.34791230,1746607259,33946789,hemisphere,1746607259,0,hemisphere
2025/05/07 10:40:59.84124142,1746607259,83469866,hemisphere,1746607259,50000000,hemisphere
2025/05/07 10:40:59.134405635,1746607259,133871157,hemisphere,1746607259,100000000,hemisphere
2025/05/07 10:40:59.183719935,1746607259,183287704,hemisphere,1746607259,150000000,hemisphere
2025/05/07 10:40:59.233834035,1746607259,233388714,hemisphere,1746607259,200000000,hemisphere
2025/05/07 10:40:59.284052484,1746607259,283445995,hemisphere,1746607259,250000000,hemisphere
2025/05/07 10:40:59.334138616,1746607259,333600516,hemisphere,1746607259,300000000,hemisphere
2025/05/07 10:40:59.387718739,1746607259,387262124,hemisphere,1746607259,350000000,hemisphere
2025/05/07 10:40:59.433955922,1746607259,433148019,hemisphere,1746607259,400000000,hemisphere
2025/05/07 10:40:59.483682180,1746607259,483234821,hemisphere,1746607259,450000000,hemisphere
2025/05/07 10:40:59.534010580,1746607259,533578395,hemisphere,1746607259,500000000,hemisphere
2025/05/07 10:40:59.583469728,1746607259,582953400,hemisphere,1746607259,550000000,hemisphere
2025/05/07 10:40:59.634480994,1746607259,633866774,hemisphere,1746607259,600000000,hemisphere
2025/05/07 10:40:59.683768966,1746607259,682930963,hemisphere,1746607259,650000000,hemisphere
2025/05/07 10:40:59.733571294,1746607259,733169309,hemisphere,1746607259,700000000,hemisphere
2025/05/07 10:40:59.784246437,1746607259,783710343,hemisphere,1746607259,750000000,hemisphere
2025/05/07 10:40:59.833652271,1746607259,833117935,hemisphere,1746607259,800000000,hemisphere
2025/05/07 10:40:59.884094988,1746607259,883641735,hemisphere,1746607259,850000000,hemisphere
2025/05/07 10:40:59.933356298,1746607259,932939186,hemisphere,1746607259,900000000,hemisphere
2025/05/07 10:40:59.984143207,1746607259,983690275,hemisphere,1746607259,950000000,hemisphere
2025/05/07 10:41:00.34026751,1746607260,33404263,hemisphere,1746607260,0,hemisphere
2025/05/07 10:41:00.88779819,1746607260,82961018,hemisphere,1746607260,50000000,hemisphere
2025/05/07 10:41:00.136802823,1746607260,135469601,hemisphere,1746607260,100000000,hemisphere
2025/05/07 10:41:00.184010263,1746607260,183511873,hemisphere,1746607260,150000000,hemisphere
2025/05/07 10:41:00.234601907,1746607260,233709633,hemisphere,1746607260,200000000,hemisphere
2025/05/07 10:41:00.284041744,1746607260,283533742,hemisphere,1746607260,250000000,hemisphere
2025/05/07 10:41:00.333516687,1746607260,333109385,hemisphere,1746607260,300000000,hemisphere
2025/05/07 10:41:00.386731570,1746607260,386214563,hemisphere,1746607260,350000000,hemisphere
2025/05/07 10:41:00.433677063,1746607260,433271645,hemisphere,1746607260,400000000,hemisphere
2025/05/07 10:41:00.484187546,1746607260,483695774,hemisphere,1746607260,450000000,hemisphere
2025/05/07 10:41:00.533995321,1746607260,533471287,hemisphere,1746607260,500000000,hemisphere
2025/05/07 10:41:00.583653511,1746607260,583166495,hemisphere,1746607260,550000000,hemisphere
2025/05/07 10:41:00.633890830,1746607260,633461731,hemisphere,1746607260,600000000,hemisphere
2025/05/07 10:41:00.683679618,1746607260,683198716,hemisphere,1746607260,650000000,hemisphere
2025/05/07 10:41:00.734418291,1746607260,733632184,hemisphere,1746607260,700000000,hemisphere
2025/05/07 10:41:00.783521502,1746607260,783071143,hemisphere,1746607260,750000000,hemisphere
2025/05/07 10:41:00.834462090,1746607260,833887763,hemisphere,1746607260,800000000,hemisphere
2025/05/07 10:41:00.883761937,1746607260,883283802,hemisphere,1746607260,850000000,hemisphere
2025/05/07 10:41:00.933282720,1746607260,932787829,hemisphere,1746607260,900000000,hemisphere
2025/05/07 10:41:00.984128692,1746607260,983604305,hemisphere,1746607260,950000000,hemisphere
2025/05/07 10:41:01.34085574,1746607261,33243657,hemisphere,1746607261,0,hemisphere
2025/05/07 10:41:01.84228523,1746607261,83661317,hemisphere,1746607261,50000000,hemisphere
2025/05/07 10:41:01.135016205,1746607261,134529365,hemisphere,1746607261,100000000,hemisphere
2025/05/07 10:41:01.184315488,1746607261,183855218,hemisphere,1746607261,150000000,hemisphere
2025/05/07 10:41:01.233687020,1746607261,233212703,hemisphere,1746607261,200000000,hemisphere
2025/05/07 10:41:01.283621615,1746607261,283123319,hemisphere,1746607261,250000000,hemisphere
2025/05/07 10:41:01.334158341,1746607261,333634675,hemisphere,1746607261,300000000,hemisphere
2025/05/07 10:41:01.387042038,1746607261,386587994,hemisphere,1746607261,350000000,hemisphere
2025/05/07 10:41:01.434557644,1746607261,434078711,hemisphere,1746607261,400000000,hemisphere
2025/05/07 10:41:01.483883631,1746607261,483442507,hemisphere,1746607261,450000000,hemisphere
2025/05/07 10:41:01.534108013,1746607261,533661389,hemisphere,1746607261,500000000,hemisphere
2025/05/07 10:41:01.583926264,1746607261,583370066,hemisphere,1746607261,550000000,hemisphere
2025/05/07 10:41:01.633690620,1746607261,633139328,hemisphere,1746607261,600000000,hemisphere
2025/05/07 10:41:01.684282996,1746607261,683796117,hemisphere,1746607261,650000000,hemisphere
2025/05/07 10:41:01.733777104,1746607261,733300733,hemisphere,1746607261,700000000,hemisphere
2025/05/07 10:41:01.784638460,1746607261,783929712,hemisphere,1746607261,750000000,hemisphere
2025/05/07 10:41:01.834101458,1746607261,833573251,hemisphere,1746607261,800000000,hemisphere
2025/05/07 10:41:01.883185317,1746607261,882712881,hemisphere,1746607261,850000000,hemisphere
2025/05/07 10:41:01.933954157,1746607261,933516078,hemisphere,1746607261,900000000,hemisphere
2025/05/07 10:41:01.983629906,1746607261,983207092,hemisphere,1746607261,950000000,hemisphere
2025/05/07 10:41:02.34334705,1746607262,33831987,hemisphere,1746607262,0,hemisphere
2025/05/07 10:41:02.83883170,1746607262,83474532,hemisphere,1746607262,50000000,hemisphere
2025/05/07 10:41:02.135156447,1746607262,134022154,hemisphere,1746607262,100000000,hemisphere
2025/05/07 10:41:02.184766592,1746607262,183719194,hemisphere,1746607262,150000000,hemisphere
2025/05/07 10:41:02.234029313,1746607262,233444186,hemisphere,1746607262,200000000,hemisphere
2025/05/07 10:41:02.284525541,1746607262,283913833,hemisphere,1746607262,250000000,hemisphere
2025/05/07 10:41:02.333820591,1746607262,333312785,hemisphere,1746607262,300000000,hemisphere
2025/05/07 10:41:02.388592481,1746607262,387434122,hemisphere,1746607262,350000000,hemisphere
2025/05/07 10:41:02.454307275,1746607262,433187810,hemisphere,1746607262,400000000,hemisphere
2025/05/07 10:41:02.483700707,1746607262,483174215,hemisphere,1746607262,450000000,hemisphere
2025/05/07 10:41:02.534013626,1746607262,533492978,hemisphere,1746607262,500000000,hemisphere
2025/05/07 10:41:02.583801723,1746607262,583283655,hemisphere,1746607262,550000000,hemisphere
2025/05/07 10:41:02.634079825,1746607262,633545260,hemisphere,1746607262,600000000,hemisphere
2025/05/07 10:41:02.683908223,1746607262,683367877,hemisphere,1746607262,650000000,hemisphere
2025/05/07 10:41:02.733985093,1746607262,733446785,hemisphere,1746607262,700000000,hemisphere
2025/05/07 10:41:02.783667823,1746607262,783177282,hemisphere,1746607262,750000000,hemisphere
2025/05/07 10:41:02.833856152,1746607262,833377292,hemisphere,1746607262,800000000,hemisphere
2025/05/07 10:41:02.884099064,1746607262,883591808,hemisphere,1746607262,850000000,hemisphere
2025/05/07 10:41:02.934383372,1746607262,933063989,hemisphere,1746607262,900000000,hemisphere
2025/05/07 10:41:02.984234289,1746607262,983644664,hemisphere,1746607262,950000000,hemisphere
2025/05/07 10:41:03.33877300,1746607263,33392329,hemisphere,1746607263,0,hemisphere
2025/05/07 10:41:03.84060620,1746607263,83404016,hemisphere,1746607263,50000000,hemisphere
2025/05/07 10:41:03.134821672,1746607263,134182898,hemisphere,1746607263,100000000,hemisphere
2025/05/07 10:41:03.184433433,1746607263,183985912,hemisphere,1746607263,150000000,hemisphere
2025/05/07 10:41:03.234203168,1746607263,233662732,hemisphere,1746607263,200000000,hemisphere
2025/05/07 10:41:03.283883336,1746607263,283390464,hemisphere,1746607263,250000000,hemisphere
2025/05/07 10:41:03.334472852,1746607263,333962798,hemisphere,1746607263,300000000,hemisphere
2025/05/07 10:41:03.386839046,1746607263,386326864,hemisphere,1746607263,350000000,hemisphere
2025/05/07 10:41:03.434044767,1746607263,433382708,hemisphere,1746607263,400000000,hemisphere
2025/05/07 10:41:03.484305573,1746607263,483673935,hemisphere,1746607263,450000000,hemisphere
2025/05/07 10:41:03.534488391,1746607263,533192111,hemisphere,1746607263,500000000,hemisphere
2025/05/07 10:41:03.584566248,1746607263,583826153,hemisphere,1746607263,550000000,hemisphere
2025/05/07 10:41:03.634336545,1746607263,633757746,hemisphere,1746607263,600000000,hemisphere
2025/05/07 10:41:03.683295376,1746607263,682803420,hemisphere,1746607263,650000000,hemisphere
2025/05/07 10:41:03.734691104,1746607263,733829378,hemisphere,1746607263,700000000,hemisphere
2025/05/07 10:41:03.783878303,1746607263,782991376,hemisphere,1746607263,750000000,hemisphere
2025/05/07 10:41:03.834560728,1746607263,833711503,hemisphere,1746607263,800000000,hemisphere
2025/05/07 10:41:03.883919084,1746607263,883338955,hemisphere,1746607263,850000000,hemisphere
2025/05/07 10:41:03.934709440,1746607263,933742651,hemisphere,1746607263,900000000,hemisphere
2025/05/07 10:41:03.984164974,1746607263,983595642,hemisphere,1746607263,950000000,hemisphere
2025/05/07 10:41:04.34015463,1746607264,33274524,hemisphere,1746607264,0,hemisphere
2025/05/07 10:41:04.83966142,1746607264,83402155,hemisphere,1746607264,50000000,hemisphere
2025/05/07 10:41:04.134713507,1746607264,134196285,hemisphere,1746607264,100000000,hemisphere
2025/05/07 10:41:04.184369623,1746607264,183884161,hemisphere,1746607264,150000000,hemisphere
2025/05/07 10:41:04.234238091,1746607264,233664681,hemisphere,1746607264,200000000,hemisphere
2025/05/07 10:41:04.283583191,1746607264,283128279,hemisphere,1746607264,250000000,hemisphere
2025/05/07 10:41:04.333873394,1746607264,333445422,hemisphere,1746607264,300000000,hemisphere
2025/05/07 10:41:04.386802738,1746607264,386294794,hemisphere,1746607264,350000000,hemisphere
2025/05/07 10:41:04.434295939,1746607264,433836501,hemisphere,1746607264,400000000,hemisphere
2025/05/07 10:41:04.483786517,1746607264,483229068,hemisphere,1746607264,450000000,hemisphere
2025/05/07 10:41:04.534212482,1746607264,533808619,hemisphere,1746607264,500000000,hemisphere
2025/05/07 10:41:04.584189145,1746607264,583699293,hemisphere,1746607264,550000000,hemisphere
2025/05/07 10:41:04.633797868,1746607264,633280351,hemisphere,1746607264,600000000,hemisphere
2025/05/07 10:41:04.683904745,1746607264,683459736,hemisphere,1746607264,650000000,hemisphere
2025/05/07 10:41:04.733885162,1746607264,733448389,hemisphere,1746607264,700000000,hemisphere
2025/05/07 10:41:04.783956619,1746607264,783288852,hemisphere,1746607264,750000000,hemisphere
2025/05/07 10:41:04.833907374,1746607264,833449185,hemisphere,1746607264,800000000,hemisphere
2025/05/07 10:41:04.884423407,1746607264,883791810,hemisphere,1746607264,850000000,hemisphere
2025/05/07 10:41:04.933900829,1746607264,933367146,hemisphere,1746607264,900000000,hemisphere
2025/05/07 10:41:04.983693480,1746607264,983152597,hemisphere,1746607264,950000000,hemisphere
2025/05/07 10:41:05.34261771,1746607265,33755234,hemisphere,1746607265,0,hemisphere
2025/05/07 10:41:05.83954269,1746607265,83178616,hemisphere,1746607265,50000000,hemisphere
2025/05/07 10:41:05.135077512,1746607265,134366954,hemisphere,1746607265,100000000,hemisphere
2025/05/07 10:41:05.183784494,1746607265,183355557,hemisphere,1746607265,150000000,hemisphere
2025/05/07 10:41:05.233273442,1746607265,232841888,hemisphere,1746607265,200000000,hemisphere
2025/05/07 10:41:05.284682510,1746607265,283931505,hemisphere,1746607265,250000000,hemisphere
2025/05/07 10:41:05.333957109,1746607265,333482285,hemisphere,1746607265,300000000,hemisphere
2025/05/07 10:41:05.387383567,1746607265,386823570,hemisphere,1746607265,350000000,hemisphere
2025/05/07 10:41:05.433698605,1746607265,433243352,hemisphere,1746607265,400000000,hemisphere
2025/05/07 10:41:05.483748279,1746607265,483227404,hemisphere,1746607265,450000000,hemisphere
2025/05/07 10:41:05.533729548,1746607265,533169952,hemisphere,1746607265,500000000,hemisphere
2025/05/07 10:41:05.583674929,1746607265,583112670,hemisphere,1746607265,550000000,hemisphere
2025/05/07 10:41:05.635252292,1746607265,633890898,hemisphere,1746607265,600000000,hemisphere
2025/05/07 10:41:05.683748620,1746607265,683244508,hemisphere,1746607265,650000000,hemisphere
2025/05/07 10:41:05.734146810,1746607265,733716719,hemisphere,1746607265,700000000,hemisphere
2025/05/07 10:41:05.784011482,1746607265,783572303,hemisphere,1746607265,750000000,hemisphere
2025/05/07 10:41:05.833762266,1746607265,833206865,hemisphere,1746607265,800000000,hemisphere
2025/05/07 10:41:05.884111141,1746607265,883522158,hemisphere,1746607265,850000000,hemisphere
2025/05/07 10:41:05.933738515,1746607265,933323571,hemisphere,1746607265,900000000,hemisphere
2025/05/07 10:41:05.984280873,1746607265,983473746,hemisphere,1746607265,950000000,hemisphere
2025/05/07 10:41:06.34167699,1746607266,33605264,hemisphere,1746607266,0,hemisphere
2025/05/07 10:41:06.84642674,1746607266,84000696,hemisphere,1746607266,50000000,hemisphere
2025/05/07 10:41:06.135324269,1746607266,134795749,hemisphere,1746607266,100000000,hemisphere
2025/05/07 10:41:06.184489506,1746607266,183993492,hemisphere,1746607266,150000000,hemisphere
2025/05/07 10:41:06.234241736,1746607266,233669505,hemisphere,1746607266,200000000,hemisphere
2025/05/07 10:41:06.283870918,1746607266,283216794,hemisphere,1746607266,250000000,hemisphere
2025/05/07 10:41:06.334829697,1746607266,334253183,hemisphere,1746607266,300000000,hemisphere
2025/05/07 10:41:06.387330141,1746607266,386771100,hemisphere,1746607266,350000000,hemisphere
2025/05/07 10:41:06.433122720,1746607266,432666207,hemisphere,1746607266,400000000,hemisphere
2025/05/07 10:41:06.484420349,1746607266,483709582,hemisphere,1746607266,450000000,hemisphere
2025/05/07 10:41:06.535830628,1746607266,533725393,hemisphere,1746607266,500000000,hemisphere
2025/05/07 10:41:06.584388234,1746607266,583912919,hemisphere,1746607266,550000000,hemisphere
2025/05/07 10:41:06.633971923,1746607266,633512864,hemisphere,1746607266,600000000,hemisphere
2025/05/07 10:41:06.684478513,1746607266,683845325,hemisphere,1746607266,650000000,hemisphere
2025/05/07 10:41:06.734249110,1746607266,733650027,hemisphere,1746607266,700000000,hemisphere
2025/05/07 10:41:06.784230507,1746607266,783427453,hemisphere,1746607266,750000000,hemisphere
2025/05/07 10:41:06.833749888,1746607266,833275038,hemisphere,1746607266,800000000,hemisphere
2025/05/07 10:41:06.883653504,1746607266,883212412,hemisphere,1746607266,850000000,hemisphere
2025/05/07 10:41:06.934345598,1746607266,933883714,hemisphere,1746607266,900000000,hemisphere
2025/05/07 10:41:06.984153421,1746607266,983556696,hemisphere,1746607266,950000000,hemisphere
2025/05/07 10:41:07.34857066,1746607267,33180195,hemisphere,1746607267,0,hemisphere
2025/05/07 10:41:07.83850072,1746607267,83469406,hemisphere,1746607267,50000000,hemisphere
2025/05/07 10:41:07.136644414,1746607267,134259654,hemisphere,1746607267,100000000,hemisphere
2025/05/07 10:41:07.184954682,1746607267,184429285,hemisphere,1746607267,150000000,hemisphere
2025/05/07 10:41:07.234475997,1746607267,233941664,hemisphere,1746607267,200000000,hemisphere
2025/05/07 10:41:07.284146275,1746607267,283685413,hemisphere,1746607267,250000000,hemisphere
2025/05/07 10:41:07.334120683,1746607267,333696026,hemisphere,1746607267,300000000,hemisphere
2025/05/07 10:41:07.387225404,1746607267,386690259,hemisphere,1746607267,350000000,hemisphere
2025/05/07 10:41:07.433949026,1746607267,433558301,hemisphere,1746607267,400000000,hemisphere
2025/05/07 10:41:07.483467685,1746607267,483100884,hemisphere,1746607267,450000000,hemisphere
2025/05/07 10:41:07.534765666,1746607267,534401502,hemisphere,1746607267,500000000,hemisphere
2025/05/07 10:41:07.583517331,1746607267,583136009,hemisphere,1746607267,550000000,hemisphere
2025/05/07 10:41:07.633658025,1746607267,633195026,hemisphere,1746607267,600000000,hemisphere
2025/05/07 10:41:07.683863412,1746607267,683349339,hemisphere,1746607267,650000000,hemisphere
2025/05/07 10:41:07.733660296,1746607267,733146807,hemisphere,1746607267,700000000,hemisphere
2025/05/07 10:41:07.784216153,1746607267,783642546,hemisphere,1746607267,750000000,hemisphere
2025/05/07 10:41:07.833737140,1746607267,833249494,hemisphere,1746607267,800000000,hemisphere
2025/05/07 10:41:07.884431699,1746607267,883953895,hemisphere,1746607267,850000000,hemisphere
2025/05/07 10:41:07.934096809,1746607267,933634108,hemisphere,1746607267,900000000,hemisphere
2025/05/07 10:41:07.983620267,1746607267,983095816,hemisphere,1746607267,950000000,hemisphere
2025/05/07 10:41:08.34301378,1746607268,33713384,hemisphere,1746607268,0,hemisphere
2025/05/07 10:41:08.83766359,1746607268,83297817,hemisphere,1746607268,50000000,hemisphere
2025/05/07 10:41:08.135006713,1746607268,134561400,hemisphere,1746607268,100000000,hemisphere
2025/05/07 10:41:08.185010340,1746607268,184348399,hemisphere,1746607268,150000000,hemisphere
2025/05/07 10:41:08.234517216,1746607268,234002947,hemisphere,1746607268,200000000,hemisphere
2025/05/07 10:41:08.284352532,1746607268,283773180,hemisphere,1746607268,250000000,hemisphere
2025/05/07 10:41:08.333847207,1746607268,333361312,hemisphere,1746607268,300000000,hemisphere
2025/05/07 10:41:08.387807475,1746607268,387334811,hemisphere,1746607268,350000000,hemisphere
2025/05/07 10:41:08.434760266,1746607268,434229629,hemisphere,1746607268,400000000,hemisphere
2025/05/07 10:41:08.484381466,1746607268,483935690,hemisphere,1746607268,450000000,hemisphere
2025/05/07 10:41:08.534213686,1746607268,533589402,hemisphere,1746607268,500000000,hemisphere
2025/05/07 10:41:08.583885694,1746607268,583397299,hemisphere,1746607268,550000000,hemisphere
2025/05/07 10:41:08.634356643,1746607268,633770227,hemisphere,1746607268,600000000,hemisphere
2025/05/07 10:41:08.683954913,1746607268,683417907,hemisphere,1746607268,650000000,hemisphere
2025/05/07 10:41:08.734022852,1746607268,733572371,hemisphere,1746607268,700000000,hemisphere
2025/05/07 10:41:08.783770322,1746607268,783246095,hemisphere,1746607268,750000000,hemisphere
2025/05/07 10:41:08.834441786,1746607268,833710550,hemisphere,1746607268,800000000,hemisphere
2025/05/07 10:41:08.884066096,1746607268,883519434,hemisphere,1746607268,850000000,hemisphere
2025/05/07 10:41:08.933395530,1746607268,932922172,hemisphere,1746607268,900000000,hemisphere
2025/05/07 10:41:08.984088042,1746607268,983713710,hemisphere,1746607268,950000000,hemisphere
2025/05/07 10:41:09.33381042,1746607269,33001908,hemisphere,1746607269,0,hemisphere
2025/05/07 10:41:09.84131085,1746607269,83602973,hemisphere,1746607269,50000000,hemisphere
2025/05/07 10:41:09.134688423,1746607269,134129661,hemisphere,1746607269,100000000,hemisphere
2025/05/07 10:41:09.183652022,1746607269,183178091,hemisphere,1746607269,150000000,hemisphere
2025/05/07 10:41:09.233892564,1746607269,233430399,hemisphere,1746607269,200000000,hemisphere
2025/05/07 10:41:09.284263327,1746607269,283767172,hemisphere,1746607269,250000000,hemisphere
2025/05/07 10:41:09.334124726,1746607269,333623730,hemisphere,1746607269,300000000,hemisphere
2025/05/07 10:41:09.386684990,1746607269,386242877,hemisphere,1746607269,350000000,hemisphere
2025/05/07 10:41:09.433863387,1746607269,433472346,hemisphere,1746607269,400000000,hemisphere
2025/05/07 10:41:09.483762893,1746607269,483237540,hemisphere,1746607269,450000000,hemisphere
2025/05/07 10:41:09.533602580,1746607269,533157950,hemisphere,1746607269,500000000,hemisphere
2025/05/07 10:41:09.584061992,1746607269,583612980,hemisphere,1746607269,550000000,hemisphere
2025/05/07 10:41:09.633526809,1746607269,633131400,hemisphere,1746607269,600000000,hemisphere
2025/05/07 10:41:09.684135517,1746607269,683713840,hemisphere,1746607269,650000000,hemisphere
2025/05/07 10:41:09.733981522,1746607269,733544481,hemisphere,1746607269,700000000,hemisphere
2025/05/07 10:41:09.783641011,1746607269,783088244,hemisphere,1746607269,750000000,hemisphere
2025/05/07 10:41:09.834139526,1746607269,833639483,hemisphere,1746607269,800000000,hemisphere
2025/05/07 10:41:09.883888088,1746607269,883381082,hemisphere,1746607269,850000000,hemisphere
2025/05/07 10:41:09.933887497,1746607269,933476683,hemisphere,1746607269,900000000,hemisphere
2025/05/07 10:41:09.983880446,1746607269,983385378,hemisphere,1746607269,950000000,hemisphere
2025/05/07 10:41:10.34196547,1746607270,33708606,hemisphere,1746607270,0,hemisphere
2025/05/07 10:41:10.83751101,1746607270,83238110,hemisphere,1746607270,50000000,hemisphere
2025/05/07 10:41:10.133978614,1746607270,133523965,hemisphere,1746607270,100000000,hemisphere
2025/05/07 10:41:10.183862007,1746607270,183338256,hemisphere,1746607270,150000000,hemisphere
2025/05/07 10:41:10.234736518,1746607270,234133782,hemisphere,1746607270,200000000,hemisphere
2025/05/07 10:41:10.284851782,1746607270,284208286,hemisphere,1746607270,250000000,hemisphere
2025/05/07 10:41:10.334745078,1746607270,334202618,hemisphere,1746607270,300000000,hemisphere
2025/05/07 10:41:10.388087431,1746607270,387573435,hemisphere,1746607270,350000000,hemisphere
2025/05/07 10:41:10.433987292,1746607270,433507616,hemisphere,1746607270,400000000,hemisphere
2025/05/07 10:41:10.483532002,1746607270,483076062,hemisphere,1746607270,450000000,hemisphere
2025/05/07 10:41:10.534111408,1746607270,533642993,hemisphere,1746607270,500000000,hemisphere
2025/05/07 10:41:10.583674989,1746607270,583101113,hemisphere,1746607270,550000000,hemisphere
2025/05/07 10:41:10.634644579,1746607270,633911938,hemisphere,1746607270,600000000,hemisphere
2025/05/07 10:41:10.683672060,1746607270,683254973,hemisphere,1746607270,650000000,hemisphere
2025/05/07 10:41:10.733553269,1746607270,733066003,hemisphere,1746607270,700000000,hemisphere
2025/05/07 10:41:10.785545954,1746607270,783849105,hemisphere,1746607270,750000000,hemisphere
2025/05/07 10:41:10.833413562,1746607270,832965950,hemisphere,1746607270,800000000,hemisphere
2025/05/07 10:41:10.886162490,1746607270,884400840,hemisphere,1746607270,850000000,hemisphere
2025/05/07 10:41:10.933918122,1746607270,933400863,hemisphere,1746607270,900000000,hemisphere
2025/05/07 10:41:10.984624542,1746607270,984003046,hemisphere,1746607270,950000000,hemisphere
2025/05/07 10:41:11.34206238,1746607271,33653588,hemisphere,1746607271,0,hemisphere
2025/05/07 10:41:11.83432281,1746607271,83070449,hemisphere,1746607271,50000000,hemisphere
2025/05/07 10:41:11.134959504,1746607271,134444628,hemisphere,1746607271,100000000,hemisphere
2025/05/07 10:41:11.183836000,1746607271,183346987,hemisphere,1746607271,150000000,hemisphere
2025/05/07 10:41:11.234856194,1746607271,234390050,hemisphere,1746607271,200000000,hemisphere
2025/05/07 10:41:11.283972759,1746607271,283430877,hemisphere,1746607271,250000000,hemisphere
2025/05/07 10:41:11.334320327,1746607271,333828084,hemisphere,1746607271,300000000,hemisphere
2025/05/07 10:41:11.387534661,1746607271,387114679,hemisphere,1746607271,350000000,hemisphere
2025/05/07 10:41:11.433694421,1746607271,433236199,hemisphere,1746607271,400000000,hemisphere
2025/05/07 10:41:11.484072801,1746607271,483577019,hemisphere,1746607271,450000000,hemisphere
2025/05/07 10:41:11.534001213,1746607271,533421322,hemisphere,1746607271,500000000,hemisphere
2025/05/07 10:41:11.585217871,1746607271,583660709,hemisphere,1746607271,550000000,hemisphere
2025/05/07 10:41:11.634012023,1746607271,633450595,hemisphere,1746607271,600000000,hemisphere
2025/05/07 10:41:11.683703782,1746607271,683258578,hemisphere,1746607271,650000000,hemisphere
2025/05/07 10:41:11.733695585,1746607271,733194902,hemisphere,1746607271,700000000,hemisphere
2025/05/07 10:41:11.783670456,1746607271,783202051,hemisphere,1746607271,750000000,hemisphere
2025/05/07 10:41:11.834598620,1746607271,833735847,hemisphere,1746607271,800000000,hemisphere
2025/05/07 10:41:11.883574424,1746607271,883052639,hemisphere,1746607271,850000000,hemisphere
2025/05/07 10:41:11.933319493,1746607271,932896055,hemisphere,1746607271,900000000,hemisphere
2025/05/07 10:41:11.983949342,1746607271,983428100,hemisphere,1746607271,950000000,hemisphere
2025/05/07 10:41:12.33848268,1746607272,33374782,hemisphere,1746607272,0,hemisphere
2025/05/07 10:41:12.84191740,1746607272,83683579,hemisphere,1746607272,50000000,hemisphere
2025/05/07 10:41:12.134566952,1746607272,134115878,hemisphere,1746607272,100000000,hemisphere
2025/05/07 10:41:12.185551560,1746607272,184352207,hemisphere,1746607272,150000000,hemisphere
2025/05/07 10:41:12.234954910,1746607272,234418478,hemisphere,1746607272,200000000,hemisphere
2025/05/07 10:41:12.284282745,1746607272,283730754,hemisphere,1746607272,250000000,hemisphere
2025/05/07 10:41:12.334082756,1746607272,333540489,hemisphere,1746607272,300000000,hemisphere
2025/05/07 10:41:12.386890270,1746607272,386325337,hemisphere,1746607272,350000000,hemisphere
2025/05/07 10:41:12.435119061,1746607272,434625683,hemisphere,1746607272,400000000,hemisphere
2025/05/07 10:41:12.483408581,1746607272,482977258,hemisphere,1746607272,450000000,hemisphere
2025/05/07 10:41:12.533605653,1746607272,533113412,hemisphere,1746607272,500000000,hemisphere
2025/05/07 10:41:12.584239324,1746607272,583715281,hemisphere,1746607272,550000000,hemisphere
2025/05/07 10:41:12.633904435,1746607272,633425844,hemisphere,1746607272,600000000,hemisphere
2025/05/07 10:41:12.684384574,1746607272,683817567,hemisphere,1746607272,650000000,hemisphere
2025/05/07 10:41:12.733940746,1746607272,733484850,hemisphere,1746607272,700000000,hemisphere
2025/05/07 10:41:12.784566858,1746607272,784037540,hemisphere,1746607272,750000000,hemisphere
2025/05/07 10:41:12.834190924,1746607272,833659188,hemisphere,1746607272,800000000,hemisphere
2025/05/07 10:41:12.884985009,1746607272,884104740,hemisphere,1746607272,850000000,hemisphere
2025/05/07 10:41:12.933819044,1746607272,933373935,hemisphere,1746607272,900000000,hemisphere
2025/05/07 10:41:12.983588500,1746607272,983053387,hemisphere,1746607272,950000000,hemisphere
2025/05/07 10:41:13.34487747,1746607273,33883958,hemisphere,1746607273,0,hemisphere
2025/05/07 10:41:13.84122841,1746607273,83578136,hemisphere,1746607273,50000000,hemisphere
2025/05/07 10:41:13.134317458,1746607273,133771482,hemisphere,1746607273,100000000,hemisphere
2025/05/07 10:41:13.184157368,1746607273,183591327,hemisphere,1746607273,150000000,hemisphere
2025/05/07 10:41:13.234568488,1746607273,234122366,hemisphere,1746607273,200000000,hemisphere
2025/05/07 10:41:13.285077802,1746607273,284533735,hemisphere,1746607273,250000000,hemisphere
2025/05/07 10:41:13.334103588,1746607273,333570794,hemisphere,1746607273,300000000,hemisphere
2025/05/07 10:41:13.387045077,1746607273,386613249,hemisphere,1746607273,350000000,hemisphere
2025/05/07 10:41:13.434114546,1746607273,433632447,hemisphere,1746607273,400000000,hemisphere
2025/05/07 10:41:13.485183904,1746607273,483591829,hemisphere,1746607273,450000000,hemisphere
2025/05/07 10:41:13.534030399,1746607273,533554530,hemisphere,1746607273,500000000,hemisphere
2025/05/07 10:41:13.584434863,1746607273,583299429,hemisphere,1746607273,550000000,hemisphere
2025/05/07 10:41:13.634451475,1746607273,633940739,hemisphere,1746607273,600000000,hemisphere
2025/05/07 10:41:13.684044573,1746607273,683353083,hemisphere,1746607273,650000000,hemisphere
2025/05/07 10:41:13.734304754,1746607273,733767589,hemisphere,1746607273,700000000,hemisphere
2025/05/07 10:41:13.784151586,1746607273,783686791,hemisphere,1746607273,750000000,hemisphere
2025/05/07 10:41:13.833607971,1746607273,833073833,hemisphere,1746607273,800000000,hemisphere
2025/05/07 10:41:13.883996688,1746607273,883536962,hemisphere,1746607273,850000000,hemisphere
2025/05/07 10:41:13.933921411,1746607273,933396467,hemisphere,1746607273,900000000,hemisphere
2025/05/07 10:41:13.983960529,1746607273,983569157,hemisphere,1746607273,950000000,hemisphere
2025/05/07 10:41:14.34133467,1746607274,33492336,hemisphere,1746607274,0,hemisphere
2025/05/07 10:41:14.83617562,1746607274,82999335,hemisphere,1746607274,50000000,hemisphere
2025/05/07 10:41:14.135372732,1746607274,134927501,hemisphere,1746607274,100000000,hemisphere
2025/05/07 10:41:14.184604654,1746607274,183544971,hemisphere,1746607274,150000000,hemisphere
2025/05/07 10:41:14.234057181,1746607274,233507237,hemisphere,1746607274,200000000,hemisphere
2025/05/07 10:41:14.284794983,1746607274,284205732,hemisphere,1746607274,250000000,hemisphere
2025/05/07 10:41:14.334468189,1746607274,333949218,hemisphere,1746607274,300000000,hemisphere
2025/05/07 10:41:14.386745975,1746607274,386281463,hemisphere,1746607274,350000000,hemisphere
2025/05/07 10:41:14.438669674,1746607274,435217418,hemisphere,1746607274,400000000,hemisphere
2025/05/07 10:41:14.484089497,1746607274,483550065,hemisphere,1746607274,450000000,hemisphere
2025/05/07 10:41:14.533807982,1746607274,533250555,hemisphere,1746607274,500000000,hemisphere
2025/05/07 10:41:14.584166403,1746607274,583691489,hemisphere,1746607274,550000000,hemisphere
2025/05/07 10:41:14.633751287,1746607274,633263466,hemisphere,1746607274,600000000,hemisphere
2025/05/07 10:41:14.683560802,1746607274,683081551,hemisphere,1746607274,650000000,hemisphere
2025/05/07 10:41:14.733807435,1746607274,733210527,hemisphere,1746607274,700000000,hemisphere
2025/05/07 10:41:14.785508510,1746607274,783791162,hemisphere,1746607274,750000000,hemisphere
2025/05/07 10:41:14.836014494,1746607274,834440696,hemisphere,1746607274,800000000,hemisphere
2025/05/07 10:41:14.885550052,1746607274,883610980,hemisphere,1746607274,850000000,hemisphere
2025/05/07 10:41:14.936575623,1746607274,934579637,hemisphere,1746607274,900000000,hemisphere
2025/05/07 10:41:14.987137409,1746607274,986208538,hemisphere,1746607274,950000000,hemisphere
2025/05/07 10:41:15.35018277,1746607275,33380390,hemisphere,1746607275,0,hemisphere
2025/05/07 10:41:15.85459519,1746607275,84024133,hemisphere,1746607275,50000000,hemisphere
2025/05/07 10:41:15.135379898,1746607275,133855934,hemisphere,1746607275,100000000,hemisphere
2025/05/07 10:41:15.184262220,1746607275,183791945,hemisphere,1746607275,150000000,hemisphere
2025/05/07 10:41:15.234721334,1746607275,234045587,hemisphere,1746607275,200000000,hemisphere
2025/05/07 10:41:15.285067449,1746607275,284595798,hemisphere,1746607275,250000000,hemisphere
2025/05/07 10:41:15.333940594,1746607275,333517897,hemisphere,1746607275,300000000,hemisphere
2025/05/07 10:41:15.388005005,1746607275,386760003,hemisphere,1746607275,350000000,hemisphere
2025/05/07 10:41:15.434867826,1746607275,434321951,hemisphere,1746607275,400000000,hemisphere
2025/05/07 10:41:15.485331451,1746607275,484247809,hemisphere,1746607275,450000000,hemisphere
2025/05/07 10:41:15.534031611,1746607275,533561946,hemisphere,1746607275,500000000,hemisphere
2025/05/07 10:41:15.583990037,1746607275,583449519,hemisphere,1746607275,550000000,hemisphere
2025/05/07 10:41:15.635798477,1746607275,633100751,hemisphere,1746607275,600000000,hemisphere
2025/05/07 10:41:15.683979650,1746607275,683454454,hemisphere,1746607275,650000000,hemisphere
2025/05/07 10:41:15.733949556,1746607275,733434384,hemisphere,1746607275,700000000,hemisphere
2025/05/07 10:41:15.784238153,1746607275,783770795,hemisphere,1746607275,750000000,hemisphere
2025/05/07 10:41:15.833990885,1746607275,833436089,hemisphere,1746607275,800000000,hemisphere
2025/05/07 10:41:15.883570005,1746607275,883017659,hemisphere,1746607275,850000000,hemisphere
2025/05/07 10:41:15.933843910,1746607275,933350137,hemisphere,1746607275,900000000,hemisphere
2025/05/07 10:41:15.983853074,1746607275,983272444,hemisphere,1746607275,950000000,hemisphere
2025/05/07 10:41:16.33928306,1746607276,33437748,hemisphere,1746607276,0,hemisphere
2025/05/07 10:41:16.84041956,1746607276,83381795,hemisphere,1746607276,50000000,hemisphere
2025/05/07 10:41:16.135486017,1746607276,135017927,hemisphere,1746607276,100000000,hemisphere
2025/05/07 10:41:16.185317956,1746607276,184454022,hemisphere,1746607276,150000000,hemisphere
2025/05/07 10:41:16.233612675,1746607276,233058124,hemisphere,1746607276,200000000,hemisphere
2025/05/07 10:41:16.284042069,1746607276,283566468,hemisphere,1746607276,250000000,hemisphere
2025/05/07 10:41:16.334610757,1746607276,333982473,hemisphere,1746607276,300000000,hemisphere
2025/05/07 10:41:16.387489112,1746607276,386958833,hemisphere,1746607276,350000000,hemisphere
2025/05/07 10:41:16.433840630,1746607276,433289905,hemisphere,1746607276,400000000,hemisphere
2025/05/07 10:41:16.484541015,1746607276,483938749,hemisphere,1746607276,450000000,hemisphere
2025/05/07 10:41:16.533983741,1746607276,533460898,hemisphere,1746607276,500000000,hemisphere
2025/05/07 10:41:16.583703439,1746607276,583211897,hemisphere,1746607276,550000000,hemisphere
2025/05/07 10:41:16.634004157,1746607276,633489632,hemisphere,1746607276,600000000,hemisphere
2025/05/07 10:41:16.683897797,1746607276,683328572,hemisphere,1746607276,650000000,hemisphere
2025/05/07 10:41:16.734291098,1746607276,733705145,hemisphere,1746607276,700000000,hemisphere
2025/05/07 10:41:16.784136759,1746607276,783623152,hemisphere,1746607276,750000000,hemisphere
2025/05/07 10:41:16.833778818,1746607276,833240327,hemisphere,1746607276,800000000,hemisphere
2025/05/07 10:41:16.884317612,1746607276,883744815,hemisphere,1746607276,850000000,hemisphere
2025/05/07 10:41:16.934080559,1746607276,933438673,hemisphere,1746607276,900000000,hemisphere
2025/05/07 10:41:16.983415530,1746607276,982885390,hemisphere,1746607276,950000000,hemisphere
2025/05/07 10:41:17.34069753,1746607277,33439781,hemisphere,1746607277,0,hemisphere
2025/05/07 10:41:17.84251253,1746607277,83748639,hemisphere,1746607277,50000000,hemisphere
2025/05/07 10:41:17.135407098,1746607277,134442178,hemisphere,1746607277,100000000,hemisphere
2025/05/07 10:41:17.183855479,1746607277,183269788,hemisphere,1746607277,150000000,hemisphere
2025/05/07 10:41:17.233857661,1746607277,233307333,hemisphere,1746607277,200000000,hemisphere
2025/05/07 10:41:17.283917851,1746607277,283447466,hemisphere,1746607277,250000000,hemisphere
2025/05/07 10:41:17.334718019,1746607277,334026322,hemisphere,1746607277,300000000,hemisphere
2025/05/07 10:41:17.386875513,1746607277,386326673,hemisphere,1746607277,350000000,hemisphere
2025/05/07 10:41:17.434443805,1746607277,433875473,hemisphere,1746607277,400000000,hemisphere
2025/05/07 10:41:17.484152302,1746607277,483677249,hemisphere,1746607277,450000000,hemisphere
2025/05/07 10:41:17.533718476,1746607277,533200509,hemisphere,1746607277,500000000,hemisphere
2025/05/07 10:41:17.584186458,1746607277,583665598,hemisphere,1746607277,550000000,hemisphere
2025/05/07 10:41:17.633624003,1746607277,633143354,hemisphere,1746607277,600000000,hemisphere
2025/05/07 10:41:17.686858072,1746607277,684421130,hemisphere,1746607277,650000000,hemisphere
2025/05/07 10:41:17.734008275,1746607277,733446573,hemisphere,1746607277,700000000,hemisphere
2025/05/07 10:41:17.784358201,1746607277,783519820,hemisphere,1746607277,750000000,hemisphere
2025/05/07 10:41:17.835681001,1746607277,834956153,hemisphere,1746607277,800000000,hemisphere
2025/05/07 10:41:17.884759998,1746607277,883553501,hemisphere,1746607277,850000000,hemisphere
2025/05/07 10:41:17.934130383,1746607277,933436206,hemisphere,1746607277,900000000,hemisphere
2025/05/07 10:41:17.983861994,1746607277,983320924,hemisphere,1746607277,950000000,hemisphere
2025/05/07 10:41:18.33419653,1746607278,32890994,hemisphere,1746607278,0,hemisphere
2025/05/07 10:41:18.83996556,1746607278,83503041,hemisphere,1746607278,50000000,hemisphere
2025/05/07 10:41:18.134892411,1746607278,134439409,hemisphere,1746607278,100000000,hemisphere
2025/05/07 10:41:18.184450537,1746607278,183876665,hemisphere,1746607278,150000000,hemisphere
2025/05/07 10:41:18.234789952,1746607278,234305868,hemisphere,1746607278,200000000,hemisphere
2025/05/07 10:41:18.284803667,1746607278,283992143,hemisphere,1746607278,250000000,hemisphere
2025/05/07 10:41:18.334505250,1746607278,334086579,hemisphere,1746607278,300000000,hemisphere
2025/05/07 10:41:18.386749450,1746607278,386205496,hemisphere,1746607278,350000000,hemisphere
2025/05/07 10:41:18.436932633,1746607278,434515363,hemisphere,1746607278,400000000,hemisphere
2025/05/07 10:41:18.484293645,1746607278,483623233,hemisphere,1746607278,450000000,hemisphere
2025/05/07 10:41:18.534349323,1746607278,533765267,hemisphere,1746607278,500000000,hemisphere
2025/05/07 10:41:18.583802835,1746607278,583366596,hemisphere,1746607278,550000000,hemisphere
2025/05/07 10:41:18.633808898,1746607278,633348912,hemisphere,1746607278,600000000,hemisphere
2025/05/07 10:41:18.684293052,1746607278,683780022,hemisphere,1746607278,650000000,hemisphere
2025/05/07 10:41:18.733533280,1746607278,733081811,hemisphere,1746607278,700000000,hemisphere
2025/05/07 10:41:18.784650883,1746607278,783707983,hemisphere,1746607278,750000000,hemisphere
2025/05/07 10:41:18.833969443,1746607278,833443921,hemisphere,1746607278,800000000,hemisphere
2025/05/07 10:41:18.884149129,1746607278,883469908,hemisphere,1746607278,850000000,hemisphere
2025/05/07 10:41:18.934007427,1746607278,933435340,hemisphere,1746607278,900000000,hemisphere
2025/05/07 10:41:18.985084477,1746607278,984057269,hemisphere,1746607278,950000000,hemisphere
2025/05/07 10:41:19.34748058,1746607279,33865631,hemisphere,1746607279,0,hemisphere
2025/05/07 10:41:19.84742826,1746607279,84235442,hemisphere,1746607279,50000000,hemisphere
2025/05/07 10:41:19.137303377,1746607279,135279559,hemisphere,1746607279,100000000,hemisphere
2025/05/07 10:41:19.183863991,1746607279,183355502,hemisphere,1746607279,150000000,hemisphere
2025/05/07 10:41:19.234425455,1746607279,233952782,hemisphere,1746607279,200000000,hemisphere
2025/05/07 10:41:19.283979369,1746607279,283361500,hemisphere,1746607279,250000000,hemisphere
2025/05/07 10:41:19.333763454,1746607279,333255309,hemisphere,1746607279,300000000,hemisphere
2025/05/07 10:41:19.386765523,1746607279,386355980,hemisphere,1746607279,350000000,hemisphere
2025/05/07 10:41:19.434523954,1746607279,434017861,hemisphere,1746607279,400000000,hemisphere
2025/05/07 10:41:19.484276207,1746607279,483631348,hemisphere,1746607279,450000000,hemisphere
2025/05/07 10:41:19.533966358,1746607279,533390866,hemisphere,1746607279,500000000,hemisphere
2025/05/07 10:41:19.583461365,1746607279,583049273,hemisphere,1746607279,550000000,hemisphere
2025/05/07 10:41:19.634675613,1746607279,633622310,hemisphere,1746607279,600000000,hemisphere
2025/05/07 10:41:19.683843489,1746607279,683301510,hemisphere,1746607279,650000000,hemisphere
2025/05/07 10:41:19.735870612,1746607279,733777593,hemisphere,1746607279,700000000,hemisphere
2025/05/07 10:41:19.784041368,1746607279,783399939,hemisphere,1746607279,750000000,hemisphere
2025/05/07 10:41:19.834384905,1746607279,833768890,hemisphere,1746607279,800000000,hemisphere
2025/05/07 10:41:19.883756649,1746607279,883273860,hemisphere,1746607279,850000000,hemisphere
2025/05/07 10:41:19.933408892,1746607279,932877633,hemisphere,1746607279,900000000,hemisphere
2025/05/07 10:41:19.984773463,1746607279,984005738,hemisphere,1746607279,950000000,hemisphere
2025/05/07 10:41:20.33979043,1746607280,33293479,hemisphere,1746607280,0,hemisphere
2025/05/07 10:41:20.84208864,1746607280,83626946,hemisphere,1746607280,50000000,hemisphere
2025/05/07 10:41:20.134865822,1746607280,134293439,hemisphere,1746607280,100000000,hemisphere
2025/05/07 10:41:20.184675445,1746607280,183061783,hemisphere,1746607280,150000000,hemisphere
2025/05/07 10:41:20.235144769,1746607280,234474297,hemisphere,1746607280,200000000,hemisphere
2025/05/07 10:41:20.284586462,1746607280,284106648,hemisphere,1746607280,250000000,hemisphere
2025/05/07 10:41:20.334025100,1746607280,333558218,hemisphere,1746607280,300000000,hemisphere
2025/05/07 10:41:20.387411442,1746607280,387012654,hemisphere,1746607280,350000000,hemisphere
2025/05/07 10:41:20.434258533,1746607280,433710920,hemisphere,1746607280,400000000,hemisphere
2025/05/07 10:41:20.483901801,1746607280,483317968,hemisphere,1746607280,450000000,hemisphere
2025/05/07 10:41:20.533787022,1746607280,533255104,hemisphere,1746607280,500000000,hemisphere
2025/05/07 10:41:20.584058457,1746607280,583555512,hemisphere,1746607280,550000000,hemisphere
2025/05/07 10:41:20.633897053,1746607280,633410207,hemisphere,1746607280,600000000,hemisphere
2025/05/07 10:41:20.684103233,1746607280,683689806,hemisphere,1746607280,650000000,hemisphere
2025/05/07 10:41:20.734210086,1746607280,733606237,hemisphere,1746607280,700000000,hemisphere
2025/05/07 10:41:20.784029943,1746607280,783565786,hemisphere,1746607280,750000000,hemisphere
2025/05/07 10:41:20.834117931,1746607280,833598613,hemisphere,1746607280,800000000,hemisphere
2025/05/07 10:41:20.883593142,1746607280,883207544,hemisphere,1746607280,850000000,hemisphere
2025/05/07 10:41:20.934240446,1746607280,933690506,hemisphere,1746607280,900000000,hemisphere
2025/05/07 10:41:20.987147499,1746607280,983206653,hemisphere,1746607280,950000000,hemisphere
2025/05/07 10:41:21.34809063,1746607281,33836423,hemisphere,1746607281,0,hemisphere
2025/05/07 10:41:21.83984480,1746607281,83448624,hemisphere,1746607281,50000000,hemisphere
2025/05/07 10:41:21.134349158,1746607281,133900071,hemisphere,1746607281,100000000,hemisphere
2025/05/07 10:41:21.183988171,1746607281,183538382,hemisphere,1746607281,150000000,hemisphere
2025/05/07 10:41:21.233398614,1746607281,232967907,hemisphere,1746607281,200000000,hemisphere
2025/05/07 10:41:21.284250258,1746607281,283870275,hemisphere,1746607281,250000000,hemisphere
2025/05/07 10:41:21.334129220,1746607281,333639563,hemisphere,1746607281,300000000,hemisphere
2025/05/07 10:41:21.386690714,1746607281,386140003,hemisphere,1746607281,350000000,hemisphere
2025/05/07 10:41:21.434690529,1746607281,434123990,hemisphere,1746607281,400000000,hemisphere
2025/05/07 10:41:21.485362668,1746607281,484006257,hemisphere,1746607281,450000000,hemisphere
2025/05/07 10:41:21.534226688,1746607281,533846190,hemisphere,1746607281,500000000,hemisphere
2025/05/07 10:41:21.583367464,1746607281,582963646,hemisphere,1746607281,550000000,hemisphere
2025/05/07 10:41:21.634275542,1746607281,633791185,hemisphere,1746607281,600000000,hemisphere
2025/05/07 10:41:21.683770362,1746607281,683331141,hemisphere,1746607281,650000000,hemisphere
2025/05/07 10:41:21.733622497,1746607281,733248516,hemisphere,1746607281,700000000,hemisphere
2025/05/07 10:41:21.783805759,1746607281,783426691,hemisphere,1746607281,750000000,hemisphere
2025/05/07 10:41:21.833469341,1746607281,833046229,hemisphere,1746607281,800000000,hemisphere
2025/05/07 10:41:21.883995281,1746607281,883553364,hemisphere,1746607281,850000000,hemisphere
2025/05/07 10:41:21.933745861,1746607281,933045953,hemisphere,1746607281,900000000,hemisphere
2025/05/07 10:41:21.984335325,1746607281,983837734,hemisphere,1746607281,950000000,hemisphere
2025/05/07 10:41:22.33760020,1746607282,33338273,hemisphere,1746607282,0,hemisphere
2025/05/07 10:41:22.83894410,1746607282,83440184,hemisphere,1746607282,50000000,hemisphere
2025/05/07 10:41:22.135418941,1746607282,135028270,hemisphere,1746607282,100000000,hemisphere
2025/05/07 10:41:22.184600987,1746607282,184219274,hemisphere,1746607282,150000000,hemisphere
2025/05/07 10:41:22.234856294,1746607282,234385366,hemisphere,1746607282,200000000,hemisphere
2025/05/07 10:41:22.284480439,1746607282,284080987,hemisphere,1746607282,250000000,hemisphere
2025/05/07 10:41:22.334002121,1746607282,333559133,hemisphere,1746607282,300000000,hemisphere
2025/05/07 10:41:22.386756683,1746607282,386320835,hemisphere,1746607282,350000000,hemisphere
2025/05/07 10:41:22.434500962,1746607282,433958285,hemisphere,1746607282,400000000,hemisphere
2025/05/07 10:41:22.484348105,1746607282,483872651,hemisphere,1746607282,450000000,hemisphere
2025/05/07 10:41:22.533777487,1746607282,533381242,hemisphere,1746607282,500000000,hemisphere
2025/05/07 10:41:22.584437986,1746607282,584024035,hemisphere,1746607282,550000000,hemisphere
2025/05/07 10:41:22.634016341,1746607282,633575693,hemisphere,1746607282,600000000,hemisphere
2025/05/07 10:41:22.683457301,1746607282,682887342,hemisphere,1746607282,650000000,hemisphere
2025/05/07 10:41:22.734249511,1746607282,733631241,hemisphere,1746607282,700000000,hemisphere
2025/05/07 10:41:22.784759128,1746607282,783833548,hemisphere,1746607282,750000000,hemisphere
2025/05/07 10:41:22.834152942,1746607282,833675558,hemisphere,1746607282,800000000,hemisphere
2025/05/07 10:41:22.884057843,1746607282,883465842,hemisphere,1746607282,850000000,hemisphere
2025/05/07 10:41:22.933670184,1746607282,933279622,hemisphere,1746607282,900000000,hemisphere
2025/05/07 10:41:22.984099657,1746607282,983671667,hemisphere,1746607282,950000000,hemisphere
2025/05/07 10:41:23.33489857,1746607283,32965093,hemisphere,1746607283,0,hemisphere
2025/05/07 10:41:23.84152919,1746607283,83701500,hemisphere,1746607283,50000000,hemisphere
2025/05/07 10:41:23.135344579,1746607283,134790872,hemisphere,1746607283,100000000,hemisphere
2025/05/07 10:41:23.184885298,1746607283,184369569,hemisphere,1746607283,150000000,hemisphere
2025/05/07 10:41:23.233904873,1746607283,233441153,hemisphere,1746607283,200000000,hemisphere
2025/05/07 10:41:23.283753132,1746607283,283226523,hemisphere,1746607283,250000000,hemisphere
2025/05/07 10:41:23.333892019,1746607283,333421066,hemisphere,1746607283,300000000,hemisphere
2025/05/07 10:41:23.386808116,1746607283,386181994,hemisphere,1746607283,350000000,hemisphere
2025/05/07 10:41:23.434884948,1746607283,434433382,hemisphere,1746607283,400000000,hemisphere
2025/05/07 10:41:23.484846734,1746607283,484289313,hemisphere,1746607283,450000000,hemisphere
2025/05/07 10:41:23.534224328,1746607283,533778739,hemisphere,1746607283,500000000,hemisphere
2025/05/07 10:41:23.583989442,1746607283,583540175,hemisphere,1746607283,550000000,hemisphere
2025/05/07 10:41:23.633844071,1746607283,633328693,hemisphere,1746607283,600000000,hemisphere
2025/05/07 10:41:23.683795244,1746607283,683307472,hemisphere,1746607283,650000000,hemisphere
2025/05/07 10:41:23.733907375,1746607283,733385643,hemisphere,1746607283,700000000,hemisphere
2025/05/07 10:41:23.784681724,1746607283,783889840,hemisphere,1746607283,750000000,hemisphere
2025/05/07 10:41:23.833937783,1746607283,833494923,hemisphere,1746607283,800000000,hemisphere
2025/05/07 10:41:23.883974420,1746607283,883458499,hemisphere,1746607283,850000000,hemisphere
2025/05/07 10:41:23.934259399,1746607283,933679952,hemisphere,1746607283,900000000,hemisphere
2025/05/07 10:41:23.983981368,1746607283,983414070,hemisphere,1746607283,950000000,hemisphere
2025/05/07 10:41:24.34001095,1746607284,33532216,hemisphere,1746607284,0,hemisphere
2025/05/07 10:41:24.84453858,1746607284,83651450,hemisphere,1746607284,50000000,hemisphere
2025/05/07 10:41:24.135952773,1746607284,135349588,hemisphere,1746607284,100000000,hemisphere
2025/05/07 10:41:24.185579337,1746607284,184659688,hemisphere,1746607284,150000000,hemisphere
2025/05/07 10:41:24.234509131,1746607284,233809032,hemisphere,1746607284,200000000,hemisphere
2025/05/07 10:41:24.284123736,1746607284,283655610,hemisphere,1746607284,250000000,hemisphere
2025/05/07 10:41:24.334534557,1746607284,333908677,hemisphere,1746607284,300000000,hemisphere
2025/05/07 10:41:24.387562945,1746607284,386845224,hemisphere,1746607284,350000000,hemisphere
2025/05/07 10:41:24.434906093,1746607284,434415964,hemisphere,1746607284,400000000,hemisphere
2025/05/07 10:41:24.483381083,1746607284,482881618,hemisphere,1746607284,450000000,hemisphere
2025/05/07 10:41:24.534024905,1746607284,533408457,hemisphere,1746607284,500000000,hemisphere
2025/05/07 10:41:24.584180046,1746607284,583569090,hemisphere,1746607284,550000000,hemisphere
2025/05/07 10:41:24.635000348,1746607284,633922079,hemisphere,1746607284,600000000,hemisphere
2025/05/07 10:41:24.683829211,1746607284,683376570,hemisphere,1746607284,650000000,hemisphere
2025/05/07 10:41:24.734341876,1746607284,733862904,hemisphere,1746607284,700000000,hemisphere
2025/05/07 10:41:24.784257867,1746607284,783688886,hemisphere,1746607284,750000000,hemisphere
2025/05/07 10:41:24.833830857,1746607284,833419358,hemisphere,1746607284,800000000,hemisphere
2025/05/07 10:41:24.883371599,1746607284,882998776,hemisphere,1746607284,850000000,hemisphere
2025/05/07 10:41:24.933794006,1746607284,933327567,hemisphere,1746607284,900000000,hemisphere
2025/05/07 10:41:24.984593395,1746607284,983984354,hemisphere,1746607284,950000000,hemisphere
2025/05/07 10:41:25.33973102,1746607285,33463098,hemisphere,1746607285,0,hemisphere
2025/05/07 10:41:25.83721419,1746607285,82987092,hemisphere,1746607285,50000000,hemisphere
2025/05/07 10:41:25.134579089,1746607285,134195782,hemisphere,1746607285,100000000,hemisphere
2025/05/07 10:41:25.183804721,1746607285,183235126,hemisphere,1746607285,150000000,hemisphere
2025/05/07 10:41:25.233778194,1746607285,233309015,hemisphere,1746607285,200000000,hemisphere
2025/05/07 10:41:25.284163428,1746607285,283586455,hemisphere,1746607285,250000000,hemisphere
2025/05/07 10:41:25.334412801,1746607285,333900373,hemisphere,1746607285,300000000,hemisphere
2025/05/07 10:41:25.386943651,1746607285,386167790,hemisphere,1746607285,350000000,hemisphere
2025/05/07 10:41:25.435518309,1746607285,434402437,hemisphere,1746607285,400000000,hemisphere
2025/05/07 10:41:25.484809782,1746607285,483909785,hemisphere,1746607285,450000000,hemisphere
2025/05/07 10:41:25.535499410,1746607285,534279904,hemisphere,1746607285,500000000,hemisphere
2025/05/07 10:41:25.587908069,1746607285,585622349,hemisphere,1746607285,550000000,hemisphere
2025/05/07 10:41:25.634606112,1746607285,633977466,hemisphere,1746607285,600000000,hemisphere
2025/05/07 10:41:25.683292850,1746607285,682796921,hemisphere,1746607285,650000000,hemisphere
2025/05/07 10:41:25.733760646,1746607285,733294731,hemisphere,1746607285,700000000,hemisphere
2025/05/07 10:41:25.783628227,1746607285,783095045,hemisphere,1746607285,750000000,hemisphere
2025/05/07 10:41:25.833881378,1746607285,833457293,hemisphere,1746607285,800000000,hemisphere
2025/05/07 10:41:25.883886437,1746607285,883425282,hemisphere,1746607285,850000000,hemisphere
2025/05/07 10:41:25.935560829,1746607285,933985020,hemisphere,1746607285,900000000,hemisphere
2025/05/07 10:41:25.984602237,1746607285,983813761,hemisphere,1746607285,950000000,hemisphere
2025/05/07 10:41:26.34377494,1746607286,33458006,hemisphere,1746607286,0,hemisphere
2025/05/07 10:41:26.84414106,1746607286,83868723,hemisphere,1746607286,50000000,hemisphere
2025/05/07 10:41:26.136531183,1746607286,135548918,hemisphere,1746607286,100000000,hemisphere
2025/05/07 10:41:26.184417691,1746607286,183591314,hemisphere,1746607286,150000000,hemisphere
2025/05/07 10:41:26.234601117,1746607286,234074988,hemisphere,1746607286,200000000,hemisphere
2025/05/07 10:41:26.284342326,1746607286,283841552,hemisphere,1746607286,250000000,hemisphere
2025/05/07 10:41:26.334200820,1746607286,333614458,hemisphere,1746607286,300000000,hemisphere
2025/05/07 10:41:26.386876262,1746607286,386162162,hemisphere,1746607286,350000000,hemisphere
2025/05/07 10:41:26.434307439,1746607286,433762625,hemisphere,1746607286,400000000,hemisphere
2025/05/07 10:41:26.483700512,1746607286,483229176,hemisphere,1746607286,450000000,hemisphere
2025/05/07 10:41:26.534431965,1746607286,533880701,hemisphere,1746607286,500000000,hemisphere
2025/05/07 10:41:26.583687919,1746607286,583223515,hemisphere,1746607286,550000000,hemisphere
2025/05/07 10:41:26.633754108,1746607286,633105602,hemisphere,1746607286,600000000,hemisphere
2025/05/07 10:41:26.684059751,1746607286,683398702,hemisphere,1746607286,650000000,hemisphere
2025/05/07 10:41:26.734322221,1746607286,733558663,hemisphere,1746607286,700000000,hemisphere
2025/05/07 10:41:26.785477897,1746607286,784406442,hemisphere,1746607286,750000000,hemisphere
2025/05/07 10:41:26.836649438,1746607286,834912934,hemisphere,1746607286,800000000,hemisphere
2025/05/07 10:41:26.884881583,1746607286,884027009,hemisphere,1746607286,850000000,hemisphere
2025/05/07 10:41:26.933983850,1746607286,933547093,hemisphere,1746607286,900000000,hemisphere
2025/05/07 10:41:26.983894760,1746607286,983386337,hemisphere,1746607286,950000000,hemisphere
2025/05/07 10:41:27.35404626,1746607287,34726957,hemisphere,1746607287,0,hemisphere
2025/05/07 10:41:27.84954780,1746607287,84090260,hemisphere,1746607287,50000000,hemisphere
2025/05/07 10:41:27.136847000,1746607287,135883537,hemisphere,1746607287,100000000,hemisphere
2025/05/07 10:41:27.184486629,1746607287,183932358,hemisphere,1746607287,150000000,hemisphere
2025/05/07 10:41:27.233919631,1746607287,233342745,hemisphere,1746607287,200000000,hemisphere
2025/05/07 10:41:27.284958390,1746607287,284486168,hemisphere,1746607287,250000000,hemisphere
2025/05/07 10:41:27.333946596,1746607287,333483270,hemisphere,1746607287,300000000,hemisphere
2025/05/07 10:41:27.388001493,1746607287,387494230,hemisphere,1746607287,350000000,hemisphere
2025/05/07 10:41:27.434765121,1746607287,434287032,hemisphere,1746607287,400000000,hemisphere
2025/05/07 10:41:27.483805217,1746607287,483334196,hemisphere,1746607287,450000000,hemisphere
2025/05/07 10:41:27.534284311,1746607287,533754961,hemisphere,1746607287,500000000,hemisphere
2025/05/07 10:41:27.584817097,1746607287,584185847,hemisphere,1746607287,550000000,hemisphere
2025/05/07 10:41:27.634427628,1746607287,633823278,hemisphere,1746607287,600000000,hemisphere
2025/05/07 10:41:27.684141048,1746607287,683570809,hemisphere,1746607287,650000000,hemisphere
2025/05/07 10:41:27.734538465,1746607287,733967085,hemisphere,1746607287,700000000,hemisphere
2025/05/07 10:41:27.784054710,1746607287,783630863,hemisphere,1746607287,750000000,hemisphere
2025/05/07 10:41:27.833968170,1746607287,833386572,hemisphere,1746607287,800000000,hemisphere
2025/05/07 10:41:27.884236217,1746607287,883761561,hemisphere,1746607287,850000000,hemisphere
2025/05/07 10:41:27.934174850,1746607287,933487195,hemisphere,1746607287,900000000,hemisphere
2025/05/07 10:41:27.984384221,1746607287,983874363,hemisphere,1746607287,950000000,hemisphere
2025/05/07 10:41:28.34743200,1746607288,34259057,hemisphere,1746607288,0,hemisphere
2025/05/07 10:41:28.84059894,1746607288,83472653,hemisphere,1746607288,50000000,hemisphere
2025/05/07 10:41:28.135782673,1746607288,135146436,hemisphere,1746607288,100000000,hemisphere
2025/05/07 10:41:28.184690001,1746607288,184170881,hemisphere,1746607288,150000000,hemisphere
2025/05/07 10:41:28.235139331,1746607288,234591459,hemisphere,1746607288,200000000,hemisphere
2025/05/07 10:41:28.284811016,1746607288,284271276,hemisphere,1746607288,250000000,hemisphere
2025/05/07 10:41:28.334564739,1746607288,333959385,hemisphere,1746607288,300000000,hemisphere
2025/05/07 10:41:28.387684644,1746607288,386891768,hemisphere,1746607288,350000000,hemisphere
2025/05/07 10:41:28.433909457,1746607288,433383306,hemisphere,1746607288,400000000,hemisphere
2025/05/07 10:41:28.484294700,1746607288,483810986,hemisphere,1746607288,450000000,hemisphere
2025/05/07 10:41:28.533934350,1746607288,533429380,hemisphere,1746607288,500000000,hemisphere
2025/05/07 10:41:28.584401324,1746607288,583881514,hemisphere,1746607288,550000000,hemisphere
2025/05/07 10:41:28.634218368,1746607288,633602490,hemisphere,1746607288,600000000,hemisphere
2025/05/07 10:41:28.684558583,1746607288,683994569,hemisphere,1746607288,650000000,hemisphere
2025/05/07 10:41:28.734228155,1746607288,733755837,hemisphere,1746607288,700000000,hemisphere
2025/05/07 10:41:28.783990763,1746607288,783448055,hemisphere,1746607288,750000000,hemisphere
2025/05/07 10:41:28.834439604,1746607288,833796357,hemisphere,1746607288,800000000,hemisphere
2025/05/07 10:41:28.884039316,1746607288,883552908,hemisphere,1746607288,850000000,hemisphere
2025/05/07 10:41:28.934755904,1746607288,934077319,hemisphere,1746607288,900000000,hemisphere
2025/05/07 10:41:28.984158015,1746607288,983658272,hemisphere,1746607288,950000000,hemisphere
2025/05/07 10:41:29.34587327,1746607289,34064524,hemisphere,1746607289,0,hemisphere
2025/05/07 10:41:29.84864350,1746607289,84458695,hemisphere,1746607289,50000000,hemisphere
2025/05/07 10:41:29.134745735,1746607289,134181955,hemisphere,1746607289,100000000,hemisphere
2025/05/07 10:41:29.184437617,1746607289,183909926,hemisphere,1746607289,150000000,hemisphere
2025/05/07 10:41:29.234099578,1746607289,233592461,hemisphere,1746607289,200000000,hemisphere
2025/05/07 10:41:29.284528166,1746607289,284047290,hemisphere,1746607289,250000000,hemisphere
2025/05/07 10:41:29.334422863,1746607289,333721106,hemisphere,1746607289,300000000,hemisphere
2025/05/07 10:41:29.386273588,1746607289,385600004,hemisphere,1746607289,350000000,hemisphere
2025/05/07 10:41:29.434429651,1746607289,433819822,hemisphere,1746607289,400000000,hemisphere
2025/05/07 10:41:29.484369817,1746607289,483645047,hemisphere,1746607289,450000000,hemisphere
2025/05/07 10:41:29.534684558,1746607289,533926743,hemisphere,1746607289,500000000,hemisphere
2025/05/07 10:41:29.584088026,1746607289,583647873,hemisphere,1746607289,550000000,hemisphere
2025/05/07 10:41:29.633843782,1746607289,633370140,hemisphere,1746607289,600000000,hemisphere
2025/05/07 10:41:29.684234350,1746607289,683770148,hemisphere,1746607289,650000000,hemisphere
2025/05/07 10:41:29.734032362,1746607289,733485992,hemisphere,1746607289,700000000,hemisphere
2025/05/07 10:41:29.784340525,1746607289,783848784,hemisphere,1746607289,750000000,hemisphere
2025/05/07 10:41:29.834050117,1746607289,833579462,hemisphere,1746607289,800000000,hemisphere
2025/05/07 10:41:29.884453209,1746607289,883963861,hemisphere,1746607289,850000000,hemisphere
2025/05/07 10:41:29.934232912,1746607289,933726283,hemisphere,1746607289,900000000,hemisphere
2025/05/07 10:41:29.983810340,1746607289,983370832,hemisphere,1746607289,950000000,hemisphere
2025/05/07 10:41:30.34376493,1746607290,33846424,hemisphere,1746607290,0,hemisphere
2025/05/07 10:41:30.84057721,1746607290,83525266,hemisphere,1746607290,50000000,hemisphere
2025/05/07 10:41:30.135298960,1746607290,134708712,hemisphere,1746607290,100000000,hemisphere
2025/05/07 10:41:30.184110947,1746607290,183621955,hemisphere,1746607290,150000000,hemisphere
2025/05/07 10:41:30.233990748,1746607290,233392224,hemisphere,1746607290,200000000,hemisphere
2025/05/07 10:41:30.284195933,1746607290,283720242,hemisphere,1746607290,250000000,hemisphere
2025/05/07 10:41:30.334001943,1746607290,333478290,hemisphere,1746607290,300000000,hemisphere
2025/05/07 10:41:30.387060806,1746607290,386642916,hemisphere,1746607290,350000000,hemisphere
2025/05/07 10:41:30.434103221,1746607290,433530594,hemisphere,1746607290,400000000,hemisphere
2025/05/07 10:41:30.483847356,1746607290,483331008,hemisphere,1746607290,450000000,hemisphere
2025/05/07 10:41:30.534306993,1746607290,533660908,hemisphere,1746607290,500000000,hemisphere
2025/05/07 10:41:30.583097470,1746607290,582665089,hemisphere,1746607290,550000000,hemisphere
2025/05/07 10:41:30.633484718,1746607290,633048092,hemisphere,1746607290,600000000,hemisphere
2025/05/07 10:41:30.683957760,1746607290,683507875,hemisphere,1746607290,650000000,hemisphere
2025/05/07 10:41:30.734485643,1746607290,733943465,hemisphere,1746607290,700000000,hemisphere
2025/05/07 10:41:30.783538318,1746607290,783067393,hemisphere,1746607290,750000000,hemisphere
2025/05/07 10:41:30.833784320,1746607290,833314852,hemisphere,1746607290,800000000,hemisphere
2025/05/07 10:41:30.883559151,1746607290,883032658,hemisphere,1746607290,850000000,hemisphere
2025/05/07 10:41:30.934784526,1746607290,933379950,hemisphere,1746607290,900000000,hemisphere
2025/05/07 10:41:30.983580720,1746607290,983103908,hemisphere,1746607290,950000000,hemisphere
2025/05/07 10:41:31.34009894,1746607291,33533061,hemisphere,1746607291,0,hemisphere
2025/05/07 10:41:31.83698988,1746607291,83236777,hemisphere,1746607291,50000000,hemisphere
2025/05/07 10:41:31.134805728,1746607291,134337805,hemisphere,1746607291,100000000,hemisphere
2025/05/07 10:41:31.183507582,1746607291,182800187,hemisphere,1746607291,150000000,hemisphere
2025/05/07 10:41:31.234243082,1746607291,233765126,hemisphere,1746607291,200000000,hemisphere
2025/05/07 10:41:31.284044055,1746607291,283478829,hemisphere,1746607291,250000000,hemisphere
2025/05/07 10:41:31.333606390,1746607291,333154485,hemisphere,1746607291,300000000,hemisphere
2025/05/07 10:41:31.386928528,1746607291,386478969,hemisphere,1746607291,350000000,hemisphere
2025/05/07 10:41:31.434601604,1746607291,434097910,hemisphere,1746607291,400000000,hemisphere
2025/05/07 10:41:31.485468612,1746607291,483764389,hemisphere,1746607291,450000000,hemisphere
2025/05/07 10:41:31.535522213,1746607291,534297018,hemisphere,1746607291,500000000,hemisphere
2025/05/07 10:41:31.585227303,1746607291,584007340,hemisphere,1746607291,550000000,hemisphere
2025/05/07 10:41:31.634119017,1746607291,633566743,hemisphere,1746607291,600000000,hemisphere
2025/05/07 10:41:31.684513130,1746607291,683927302,hemisphere,1746607291,650000000,hemisphere
2025/05/07 10:41:31.734624565,1746607291,733742021,hemisphere,1746607291,700000000,hemisphere
2025/05/07 10:41:31.785251814,1746607291,783416256,hemisphere,1746607291,750000000,hemisphere
2025/05/07 10:41:31.836018455,1746607291,833816809,hemisphere,1746607291,800000000,hemisphere
2025/05/07 10:41:31.883022543,1746607291,882310258,hemisphere,1746607291,850000000,hemisphere
2025/05/07 10:41:31.934459318,1746607291,933907037,hemisphere,1746607291,900000000,hemisphere
2025/05/07 10:41:31.984243480,1746607291,983661157,hemisphere,1746607291,950000000,hemisphere
2025/05/07 10:41:32.34624879,1746607292,34044447,hemisphere,1746607292,0,hemisphere
2025/05/07 10:41:32.84765036,1746607292,84189334,hemisphere,1746607292,50000000,hemisphere
2025/05/07 10:41:32.134558790,1746607292,134115437,hemisphere,1746607292,100000000,hemisphere
2025/05/07 10:41:32.184350827,1746607292,183853748,hemisphere,1746607292,150000000,hemisphere
2025/05/07 10:41:32.235024525,1746607292,233830219,hemisphere,1746607292,200000000,hemisphere
2025/05/07 10:41:32.284288558,1746607292,283900621,hemisphere,1746607292,250000000,hemisphere
2025/05/07 10:41:32.334109688,1746607292,333660978,hemisphere,1746607292,300000000,hemisphere
2025/05/07 10:41:32.386758467,1746607292,386209663,hemisphere,1746607292,350000000,hemisphere
2025/05/07 10:41:32.434370531,1746607292,433767582,hemisphere,1746607292,400000000,hemisphere
2025/05/07 10:41:32.483950381,1746607292,483465203,hemisphere,1746607292,450000000,hemisphere
2025/05/07 10:41:32.534349478,1746607292,533885741,hemisphere,1746607292,500000000,hemisphere
2025/05/07 10:41:32.593132788,1746607292,592498887,hemisphere,1746607292,550000000,hemisphere
2025/05/07 10:41:32.634927446,1746607292,634085925,hemisphere,1746607292,600000000,hemisphere
2025/05/07 10:41:32.685399738,1746607292,684702491,hemisphere,1746607292,650000000,hemisphere
2025/05/07 10:41:32.734081053,1746607292,733418142,hemisphere,1746607292,700000000,hemisphere
2025/05/07 10:41:32.784241634,1746607292,783814525,hemisphere,1746607292,750000000,hemisphere
2025/05/07 10:41:32.834131672,1746607292,833654628,hemisphere,1746607292,800000000,hemisphere
2025/05/07 10:41:32.884421430,1746607292,883932202,hemisphere,1746607292,850000000,hemisphere
2025/05/07 10:41:32.934498865,1746607292,933716103,hemisphere,1746607292,900000000,hemisphere
2025/05/07 10:41:32.983813126,1746607292,983350921,hemisphere,1746607292,950000000,hemisphere
2025/05/07 10:41:33.34233580,1746607293,33757840,hemisphere,1746607293,0,hemisphere
2025/05/07 10:41:33.83878166,1746607293,83445960,hemisphere,1746607293,50000000,hemisphere
2025/05/07 10:41:33.142619686,1746607293,134546333,hemisphere,1746607293,100000000,hemisphere
2025/05/07 10:41:33.184684495,1746607293,184210900,hemisphere,1746607293,150000000,hemisphere
2025/05/07 10:41:33.234919054,1746607293,234136330,hemisphere,1746607293,200000000,hemisphere
2025/05/07 10:41:33.284213092,1746607293,283681672,hemisphere,1746607293,250000000,hemisphere
2025/05/07 10:41:33.333784795,1746607293,333386575,hemisphere,1746607293,300000000,hemisphere
2025/05/07 10:41:33.387372156,1746607293,386685886,hemisphere,1746607293,350000000,hemisphere
2025/05/07 10:41:33.433989784,1746607293,433513928,hemisphere,1746607293,400000000,hemisphere
2025/05/07 10:41:33.484496179,1746607293,483923272,hemisphere,1746607293,450000000,hemisphere
2025/05/07 10:41:33.534151183,1746607293,533598299,hemisphere,1746607293,500000000,hemisphere
2025/05/07 10:41:33.583745555,1746607293,583296890,hemisphere,1746607293,550000000,hemisphere
2025/05/07 10:41:33.634266067,1746607293,633769657,hemisphere,1746607293,600000000,hemisphere
