time,header_stamp_secs,header_stamp_nsecs,header_frame_id,pose_position_x,pose_position_y,pose_position_z,pose_orientation_x,pose_orientation_y,pose_orientation_z,pose_orientation_w
2025/05/06 15:48:35.408537945,1746539315,184850270,piren,-486.1089686393707,-322.94915382535333,2.331611208938257,-0.0007543336656157975,-0.00034063515429173574,0.6732647813350805,0.7394010070065086
2025/05/06 15:48:36.976386514,1746539316,955348043,piren,-486.1078399178637,-322.9469508379595,2.3315896227256174,-0.0008631154420388243,-0.0001874919670728636,0.6733354476239468,0.7393365910406133
2025/05/06 15:48:39.231654028,1746539319,173207880,piren,-486.10214306630166,-322.94330114495796,2.331496008424519,-0.0005922536779617368,-0.0004938004560974576,0.6735550404437254,0.7391366672608944
2025/05/06 15:48:41.554155857,1746539321,271423921,piren,-486.0910332231579,-322.93644271270244,2.3313863051557697,-0.01705330546661638,-0.015179235534465088,0.6734279078183655,0.73890028322679
2025/05/06 15:48:44.746251823,1746539324,740016512,piren,-486.1744360970776,-322.8888688394422,2.3813118902415096,0.0002307792450239276,0.0011213106482977448,0.6736184826797141,0.7390783647189584
2025/05/06 15:48:46.209495562,1746539326,207627525,piren,-486.0522689314239,-322.8407162510741,2.338061877663221,-0.0008877769629476699,5.1943118673553454e-05,0.673938871344413,0.7387865773313665
2025/05/06 15:48:47.580348803,1746539327,578130114,piren,-485.9165655579248,-322.7364848457436,2.2878154994783886,-0.00869993408746745,-0.007681750716811889,0.6741410309465612,0.7385114570858777
2025/05/06 15:48:48.848053024,1746539328,843970145,piren,-485.9953999264161,-322.61662270160497,2.3212097293806675,0.004551944608297562,0.006112328647071587,0.6735409274817128,0.7391106400572699
2025/05/06 15:48:50.81314908,1746539330,77333998,piren,-486.0888005922234,-322.4540553072116,2.361759536706639,0.012456442737638402,0.011599118956263895,0.6721071740654359,0.7402582279472051
2025/05/06 15:48:51.480698927,1746539331,478217948,piren,-486.0144034718782,-322.27707445679056,2.3323732364987597,-0.021826914770781466,-0.02064085330249048,0.671188013323551,0.7406781971526628
2025/05/06 15:48:52.949209480,1746539332,947883192,piren,-485.9176434331787,-322.0395836549223,2.296198872936134,-0.0009550147833201468,0.0005044963856924899,0.6704744417701173,0.7419318407800074
2025/05/06 15:48:54.70502391,1746539334,66289230,piren,-486.0626674169927,-321.65856515343074,2.37604005275146,0.0003496978859033751,0.0007522951900054757,0.6653820329601559,0.7465025532288191
2025/05/06 15:48:55.57833541,1746539335,54609891,piren,-485.9765088767754,-321.44979388653877,2.357406894316941,-0.023327512570318034,-0.020380370274326997,0.6639715551917605,0.7471159492080182
2025/05/06 15:48:56.111857293,1746539336,111083066,piren,-485.90592822554464,-321.2075429603343,2.3417593042043534,0.0009064325934772099,0.0014807224673006733,0.6615576596926158,0.7498922914278807
2025/05/06 15:48:57.160755273,1746539337,160092368,piren,-485.8994075643812,-320.94004003843537,2.3479829169077457,-0.000894205445056837,-0.0003405247708392041,0.6594435835322822,0.7517534466682575
2025/05/06 15:48:58.243672457,1746539338,186209565,piren,-485.84831279024905,-320.71668230909836,2.3363620871703854,-0.019653058318037486,-0.017709695679594156,0.659710044023278,0.7510544466232049
2025/05/06 15:48:59.188433364,1746539339,178570157,piren,-485.8222336489151,-320.42740445372533,2.340395235086943,-0.02608632669351036,-0.022109651963394955,0.6599070495301794,0.7505686862839873
2025/05/06 15:49:00.388468953,1746539340,386169080,piren,-485.8816000681014,-320.0908587780986,2.381917811861858,0.022071112802652414,0.019932680355818487,0.6615958492656561,0.7492706363310528
2025/05/06 15:49:01.460864151,1746539341,459586469,piren,-485.80640975457254,-319.7526622395066,2.3669821605221135,-0.022649518886598632,-0.019197023562073964,0.6645512967478313,0.7466525614844824
2025/05/06 15:49:02.365319167,1746539342,354789140,piren,-485.67491394944335,-319.5094408248467,2.3259834124172376,0.0007023055959423301,0.0012803802160033391,0.666197103322198,0.7457742868445286
2025/05/06 15:49:03.234515498,1746539343,232920054,piren,-485.61795804375555,-319.25274000034756,2.3185615250558387,-0.0021864204835971967,-0.0013555490480750014,0.6670430189535235,0.7450147602011765
2025/05/06 15:49:04.168272092,1746539344,134666636,piren,-485.59146897849405,-319.003114567972,2.322775185213619,-9.520009499917409e-05,0.00046483175039247523,0.667219291070353,0.7448611900830661
2025/05/06 15:49:05.102771751,1746539345,100451229,piren,-485.58590015423306,-318.7554715281662,2.3326537031209287,-9.97317439547145e-05,-0.0007088428014744689,0.6672126910238246,0.7448669092745418
2025/05/06 15:49:06.22146657,1746539346,17099982,piren,-485.5712396472052,-318.52301488423274,2.3371678932061832,-0.005031891992974727,-0.0049664364845123585,0.667020975826048,0.7450053908393436
2025/05/06 15:49:06.895586274,1746539346,895069313,piren,-485.5529074413974,-318.3230420309729,2.3398667527245482,-0.023906187536574242,-0.02043662781406034,0.6652068251233277,0.7459964599449505
2025/05/06 15:49:07.778818374,1746539347,778204001,piren,-485.57305305533345,-318.1105413281933,2.3597969318168457,0.0007449345627731053,0.001602887029223554,0.6626780655084084,0.7489023015852618
2025/05/06 15:49:08.669599751,1746539348,665604890,piren,-485.5618527550109,-317.91899839736254,2.3690626010027347,-0.022894633842382186,-0.01966582948020834,0.6589056834879516,0.7516198448413626
2025/05/06 15:49:09.546639203,1746539349,530752322,piren,-485.51939553035373,-317.7259861388137,2.366606715555012,0.014516783919638562,0.012676979523639649,0.655428270005891,0.7550114833907314
2025/05/06 15:49:10.502820987,1746539350,501528670,piren,-485.4352967247126,-317.54110364200335,2.344571229249466,0.0007710528812159015,-0.0005006706356975013,0.6518116872245392,0.7583802998521709
2025/05/06 15:49:11.375669835,1746539351,374183065,piren,-485.3043315903324,-317.3826049586617,2.30534991135668,-0.0014427905668826793,-0.002434633293357845,0.6471331132559206,0.7623717758704128
2025/05/06 15:49:12.340055659,1746539352,338718354,piren,-485.23301325799383,-317.21505538117907,2.298775529357146,0.012349134170635266,0.010999157853147132,0.6394005100381097,0.7686959770772595
2025/05/06 15:49:13.218711461,1746539353,215528046,piren,-485.1931221787505,-317.06212959195483,2.307697916973489,0.013354282069992892,0.011297689637881738,0.6351853346263171,0.7721616514920272
2025/05/06 15:49:14.126250060,1746539354,117371456,piren,-485.1265809688495,-316.919586591836,2.304683533827914,0.013310635661751436,0.010754593155084344,0.6306605689266149,0.775870100278073
2025/05/06 15:49:15.108808801,1746539355,103255812,piren,-485.04566114197394,-316.777683822763,2.295367838660894,-0.0035213735603394354,-0.0026800059113913826,0.6249302901989289,0.7806680151565363
2025/05/06 15:49:15.978840268,1746539355,975846779,piren,-485.00998471954136,-316.6433249361627,2.3051753959178436,-0.020169278072241243,-0.015712757912672633,0.6206797048589726,0.7836472506408743
2025/05/06 15:49:16.842454004,1746539356,839632809,piren,-485.0513828891882,-316.51135775659196,2.348181904673398,0.0194806141523526,0.015769605421822125,0.6161544257411109,0.7872264914601954
2025/05/06 15:49:17.716168150,1746539357,710893762,piren,-485.01778142340095,-316.40308852026305,2.3597843674166574,-0.02323475041402076,-0.017608155839515194,0.6119327380387265,0.7903723320926391
2025/05/06 15:49:18.555596238,1746539358,554914985,piren,-484.9309849742691,-316.309552501824,2.3493012900163595,-0.023208409017997235,-0.017708726818880947,0.6059763494607673,0.794946812459494
2025/05/06 15:49:19.523555369,1746539359,520919845,piren,-484.8954552202054,-316.1884133957308,2.3662488548725773,0.018146395888847408,0.013075595454894296,0.5979283613089584,0.8012374254003172
2025/05/06 15:49:20.383022065,1746539360,382326100,piren,-484.796276736182,-316.11674982026466,2.352160202026913,0.005452251332639448,0.003450030596084483,0.5955416402764261,0.8032985279092424
2025/05/06 15:49:21.232157034,1746539361,230522640,piren,-484.6194741345237,-316.0736720236266,2.308644847292174,0.01939929776103676,0.014101957898331066,0.5885682547263708,0.8080917098684817
2025/05/06 15:49:22.178761333,1746539362,177879425,piren,-484.4377970461459,-316.02333534960616,2.270636156051207,-0.023086991833255726,-0.01608734264222855,0.580966249876918,0.8134410886590087
2025/05/06 15:49:23.34466955,1746539363,33263671,piren,-484.40216251156096,-315.9418593683332,2.292224850364976,0.012150972276271245,0.009598903946597006,0.5756699832127198,0.817535494852445
2025/05/06 15:49:23.875246696,1746539363,869239008,piren,-484.4204299256279,-315.8470262010528,2.336874189207003,-0.004452539718820064,-0.001992216772641669,0.5709050877058095,0.8210015753906963
2025/05/06 15:49:24.775232770,1746539364,773624686,piren,-484.3771479279785,-315.7693028297433,2.3550019898649213,-0.02517003607231313,-0.01618003094988866,0.5647834557475704,0.8246965041737544
2025/05/06 15:49:25.679889796,1746539365,679224607,piren,-484.34156499072134,-315.6880357558736,2.371341002926485,0.0025091186940511996,-0.0009935682463539733,0.5597966845773997,0.8286256024777838
2025/05/06 15:49:26.625618301,1746539366,625009056,piren,-484.27485784669676,-315.6205905808924,2.371413434950269,0.02100455335901963,0.014473420624236576,0.5539593475661073,0.8321528525924518
2025/05/06 15:49:27.515119400,1746539367,514426901,piren,-484.0992558099641,-315.6088729607295,2.3207583177749265,-0.02321427872725473,-0.015179991560456131,0.5486416468877996,0.8355973961302422
2025/05/06 15:49:28.450564216,1746539368,421510808,piren,-483.9705568087202,-315.5735900815707,2.2939359824446126,0.021321490388575077,0.013814174872426378,0.5421490246436651,0.839898206747774
2025/05/06 15:49:29.341865306,1746539369,338379206,piren,-483.9119021123734,-315.5140421030264,2.302093919775457,-0.00010299046901964921,0.00013850053131066105,0.5342147196186658,0.8453488058507663
2025/05/06 15:49:30.270311598,1746539370,266417492,piren,-483.84050830055435,-315.46895574369165,2.3085002485182335,-6.690747667070904e-05,0.0003388221370653905,0.5275721966032441,0.8495101283058237
2025/05/06 15:49:31.199858843,1746539371,199155533,piren,-483.79015767881697,-315.41698338424857,2.3287329730946604,0.022197691847778887,0.013491911519775168,0.5209050799567441,0.8532192733848853
2025/05/06 15:49:32.115281904,1746539372,113632526,piren,-483.68843224278055,-315.39233801053183,2.3231202536229554,-0.003680755709412895,-0.002172365174503382,0.5144695323225842,0.8574980076820807
2025/05/06 15:49:33.36253308,1746539373,33954037,piren,-483.56472875230594,-315.3792188680403,2.307493051308001,-0.028523366772300357,-0.015585749379417486,0.5049005182894527,0.8625653416381258
2025/05/06 15:49:34.22748865,1746539374,21371882,piren,-483.5218358157419,-315.311559141652,2.3377341604954593,-0.025134420843616875,-0.013451015438912414,0.49722873898545406,0.8671510319427944
2025/05/06 15:49:34.881627914,1746539374,879674230,piren,-483.546481578024,-315.22513022237916,2.3886437750094456,-0.02663274904701591,-0.014435758120814714,0.49313532857891024,0.8694250130247267
2025/05/06 15:49:35.757453517,1746539375,720387943,piren,-483.5279166169773,-315.1644867287479,2.418022946619878,0.002723478040029117,0.0017143896221983555,0.48788272904739505,0.8729032513588519
2025/05/06 15:49:36.617724651,1746539376,617044117,piren,-483.3866475018888,-315.17263513832114,2.3926006822786676,0.023752547064138645,0.01370222863602853,0.48073577577386345,0.8764366373728757
2025/05/06 15:49:37.488087395,1746539377,487422117,piren,-483.13203304006737,-315.25677143758867,2.310560037836747,-0.00016633662372906222,0.0010544213414118494,0.47448238699391015,0.8802643494770895
2025/05/06 15:49:38.368821228,1746539378,365760706,piren,-482.91990874113947,-315.31668676687264,2.2496336438431532,0.024044300405617645,0.014310828454009899,0.4671762468702386,0.883721350973938
2025/05/06 15:49:39.460733906,1746539379,459048350,piren,-482.8170637383433,-315.3028121322844,2.2451385992143127,0.0031032593033366697,0.0023818535324023893,0.4563102474013168,0.8898121457206546
2025/05/06 15:49:40.385459663,1746539380,384774502,piren,-482.82253448854993,-315.23840100516384,2.281960512443139,-0.0029377539763873195,-0.0016875142893336926,0.451869214337006,0.8920777628836818
2025/05/06 15:49:41.257592034,1746539381,255372145,piren,-482.87259839012154,-315.15531668363434,2.337151380207665,-0.02679897539313381,-0.01315151056854074,0.44580044265193647,0.8946344605586023
2025/05/06 15:49:42.159011701,1746539382,158060061,piren,-482.90835710629693,-315.06239394293385,2.3939186167250446,-0.0030946556477713092,-0.0014116270065929473,0.43696721405084,0.8994710024565903
2025/05/06 15:49:43.28051137,1746539383,25986791,piren,-482.84685865434085,-315.0342034204929,2.4035317689016513,-0.026911284186002245,-0.012861182786358715,0.43057254340946,0.9020630009166238
2025/05/06 15:49:43.970094397,1746539383,961875546,piren,-482.7069315536231,-315.0551690302388,2.380178648049735,-0.027329504444611526,-0.012076951423469042,0.422240621152192,0.9059912269333176
2025/05/06 15:49:44.859911005,1746539384,858419705,piren,-482.5874737710369,-315.06343554925,2.3680214701951017,0.002002565427027801,0.002337943385673829,0.4150249077531672,0.9098048415440044
2025/05/06 15:49:45.737414591,1746539385,736785785,piren,-482.4651689244482,-315.0858412673187,2.3503801399901922,-0.0231399585559955,-0.009582194661644674,0.4081828058683608,0.912556585016472
2025/05/06 15:49:46.691715019,1746539386,688683136,piren,-482.35820356119234,-315.0993180846134,2.3377764371385386,-0.0017731496443063343,-0.0001662126234648711,0.40135660463201245,0.9159201407502541
2025/05/06 15:49:47.585204700,1746539387,583462619,piren,-482.29660382982604,-315.0841350288275,2.3430101664167826,-0.026084473766524972,-0.011357112038232173,0.3947694476726859,0.9183396427350161
2025/05/06 15:49:48.539640062,1746539388,538642960,piren,-482.2473709963863,-315.0558001172271,2.3567300366510104,0.00045757393618097776,0.0007428408915649939,0.3854310025340695,0.9227362467677775
2025/05/06 15:49:49.474516333,1746539389,474047498,piren,-482.18410110380745,-315.04030998650626,2.365388641156313,-0.025344752216651494,-0.01018872434771394,0.3781408300086294,0.9253449876190112
2025/05/06 15:49:50.405625172,1746539390,404300407,piren,-482.09591015054554,-315.0506689923051,2.3618491828350496,-7.384303291522658e-05,0.00015161066114411035,0.3713526930430148,0.9284918679940682
2025/05/06 15:49:51.255745062,1746539391,251961592,piren,-482.00079126748363,-315.0731816165287,2.3543554613324438,-0.0023625327279670665,-0.00033496070004225857,0.36351277035595914,0.9315861592083551
2025/05/06 15:49:52.132040051,1746539392,125354637,piren,-481.87601481388367,-315.12350842023363,2.3339680381676375,0.022862457416431645,0.008343095808267989,0.35668215917504476,0.9339087418583488
2025/05/06 15:49:53.2749763,1746539392,999178667,piren,-481.74293613535474,-315.1932150570261,2.3023426221207655,-0.031919999639518234,-0.011158635400822408,0.34859159608674034,0.9366645598167487
2025/05/06 15:49:53.973216844,1746539393,969944155,piren,-481.66223765829847,-315.199927047017,2.3036681899833322,0.023676058621890542,0.00921352887341382,0.3377135237700491,0.94090601602745
2025/05/06 15:49:54.855494659,1746539394,817487718,piren,-481.6282737735352,-315.1707631909204,2.3259283303492353,0.0010426171572290002,0.0012558238016819163,0.3339378176282738,0.9425936928569533
2025/05/06 15:49:55.705594798,1746539395,704402315,piren,-481.5489168951634,-315.1917449499306,2.3250902671640947,-0.004657315913906543,-0.0009648319322963151,0.3252976483721529,0.9455997136586748
2025/05/06 15:49:56.589144238,1746539396,586269620,piren,-481.47135026234474,-315.20356432457646,2.3303704191127386,0.0008896418833330868,0.0007700307908323001,0.31768195211522005,0.9481966003367465
2025/05/06 15:49:57.504308771,1746539397,502334447,piren,-481.3958756760329,-315.2148526965642,2.336010520365685,0.004873823451769424,0.002014215183958919,0.30995715874845337,0.9507358984085643
2025/05/06 15:49:58.526294111,1746539398,524338794,piren,-481.29582355203576,-315.24958573835164,2.330890248360052,-0.0058120826748127765,-0.0014558609811213827,0.2970603316960944,0.9548399130201832
2025/05/06 15:49:59.413637428,1746539399,405540861,piren,-481.22160098339646,-315.27910984648065,2.3276633227694448,-0.030843726748346973,-0.008680077183010464,0.29396071717597394,0.9552802821882997
2025/05/06 15:50:00.269471952,1746539400,268153235,piren,-481.182506867377,-315.2599825490722,2.3491717063452247,-0.012638442037649507,-0.0034335132752641813,0.28492303263137897,0.9584609257792348
2025/05/06 15:50:01.190129052,1746539401,189547421,piren,-481.1425564423995,-315.2240667265624,2.381016194018288,-0.030204569658478973,-0.007854682159097843,0.2753721182657075,0.9608309863975989
2025/05/06 15:50:02.55288022,1746539402,53299783,piren,-481.07777651162434,-315.2313411237864,2.3918206684714036,-0.004819137167658152,5.965358739315084e-05,0.2687110880627609,0.9632087642409283
2025/05/06 15:50:03.12941893,1746539403,328814,piren,-480.97161983720196,-315.2906305485392,2.378487418188509,-0.009362765160937743,-0.0018910581605039048,0.2591729523987474,0.9657836938323672
2025/05/06 15:50:03.887721646,1746539403,886707059,piren,-480.8489850192546,-315.39062097170944,2.3446891048710965,-0.02907090795580044,-0.007262689115415454,0.2525141750850767,0.9671291160122011
2025/05/06 15:50:04.776654287,1746539404,774117035,piren,-480.7695116106822,-315.43028355313777,2.3382600908199174,0.026935833887254696,0.007486474579117183,0.24423458629441977,0.9693130972027398
2025/05/06 15:50:05.674553051,1746539405,673170560,piren,-480.69284786308776,-315.478029679538,2.3268253899708657,-0.029199163100292427,-0.006432939176265841,0.23604545584003864,0.9712819204253035
2025/05/06 15:50:06.608244647,1746539406,606566734,piren,-480.6183752801603,-315.51967438603424,2.3202460288594735,0.02724395846022062,0.006858737147625153,0.22756977959204963,0.9733564197500234
2025/05/06 15:50:07.477155717,1746539407,474883718,piren,-480.55039468376265,-315.550920284406,2.3217272866203365,-0.0017666258047546032,-7.502658273428396e-05,0.2206559438631244,0.9753501052658741
2025/05/06 15:50:08.493116658,1746539408,431864143,piren,-480.46201417403597,-315.62282671490425,2.3078755001001476,0.026857892721074014,0.005913601739109584,0.21757540507239,0.9756559977884828
2025/05/06 15:50:09.316333679,1746539409,313839036,piren,-480.3875931466414,-315.6939310313511,2.2950023260907635,-0.007785849876228089,-0.002222995511482504,0.22097254328177407,0.9752464170394297
2025/05/06 15:50:10.185418853,1746539410,180815863,piren,-480.340117285642,-315.7327585577041,2.298305872301474,0.028134537878519692,0.005325668069289231,0.22117222325321773,0.9748143067780688
2025/05/06 15:50:11.102460099,1746539411,99593508,piren,-480.2976661539736,-315.7743095624057,2.3065125066686605,0.02790915031251555,0.005014802235101896,0.22040580721100986,0.9749960057533772
2025/05/06 15:50:11.971041261,1746539411,970491015,piren,-480.22659974304423,-315.8962844271317,2.2859235904090416,0.0037486336419546074,-0.0007337031668701463,0.21970480163561043,0.9755589216258229
2025/05/06 15:50:12.949361500,1746539412,911929718,piren,-480.1633127629475,-316.01766098235964,2.2808165982732183,0.025827425103717633,0.005054697707228151,0.21798505823064165,0.9755972060905997
2025/05/06 15:50:13.771232478,1746539413,766919627,piren,-480.103763447543,-316.1345599660185,2.290805911799879,-0.0009343449723503332,0.00013956986053227446,0.2147377503830322,0.9766712886535374
2025/05/06 15:50:14.642699373,1746539414,638145078,piren,-480.0456716370959,-316.24299229712483,2.306368831744053,-0.0008240495788393458,-0.00011198790300170223,0.21063872201526693,0.9775636230899635
2025/05/06 15:50:15.566885562,1746539415,564804086,piren,-479.99337652496916,-316.3389501100508,2.335630273977782,-0.0006140138832218215,-0.0006118295830481418,0.20638223280747475,0.9784710637688342
2025/05/06 15:50:16.482097059,1746539416,480729814,piren,-479.9393859741529,-316.45211821817577,2.3503501620816487,-0.0005859050137202597,-0.000567806299023275,0.20291186401973887,0.979196665512785
2025/05/06 15:50:17.442646479,1746539417,439574875,piren,-479.86560692681235,-316.61423931846275,2.3462637416539396,-0.0006151749705576814,-0.00048260288059076887,0.1968035274909071,0.980442634844768
2025/05/06 15:50:18.326856921,1746539418,321290972,piren,-479.7784549164398,-316.8026578825184,2.332734473549991,-0.0006687391932229788,-0.0005224592870817817,0.19240722768318802,0.9813148009479193
2025/05/06 15:50:19.217354783,1746539419,213973852,piren,-479.68559238477206,-316.9999905893689,2.323321879758103,-0.0006824781540513653,-0.00024107562328982277,0.18612164419114338,0.9825264422241767
2025/05/06 15:50:20.97839100,1746539420,94471280,piren,-479.60115460850085,-317.1773172497728,2.3229680952311633,-0.00066075653054847,-0.00022197721003113175,0.1795121254761008,0.9837555138010553
2025/05/06 15:50:21.17376715,1746539421,14807090,piren,-479.50870699061653,-317.37350881822096,2.328726788899155,-0.0005267689070001043,-0.0003891458561097247,0.17188250952593717,0.985117238707702
2025/05/06 15:50:21.961919073,1746539421,958031122,piren,-479.42016568575605,-317.56747713357487,2.334112464401298,0.027752637667546872,0.004525980801563309,0.16445592734498257,0.9859835468005436
2025/05/06 15:50:22.886739797,1746539422,884472851,piren,-479.3076207962483,-317.8265205016798,2.314100916182274,-0.0024498411506069934,-0.00011395329698288944,0.15919871386690454,0.9872435134231606
2025/05/06 15:50:23.757850515,1746539423,757244241,piren,-479.1971363984495,-318.06893204508697,2.2948957972905046,-0.029420490032106127,-0.004538176887468756,0.15631643701249845,0.9872583305480518
2025/05/06 15:50:24.683967430,1746539424,681391835,piren,-479.10411844635445,-318.2257514453134,2.327357788699228,-0.01583620690599693,-0.002055264319369527,0.15352798363639247,0.9880152573113189
2025/05/06 15:50:25.628533044,1746539425,586156515,piren,-479.02738819085806,-318.32634974823384,2.3805195592753967,0.0018231688753008967,6.053507349599723e-05,0.1539671365248009,0.988074285294942
2025/05/06 15:50:26.485475362,1746539426,481936947,piren,-478.91605562746116,-318.5362984485887,2.387139482579021,-0.0034055983960854415,-0.0007501129818261002,0.15488672261045933,0.9879260814398362
2025/05/06 15:50:27.407748194,1746539427,404949448,piren,-478.7711674025276,-318.8513422668046,2.3515906698512983,0.0017018278288763059,0.0004621776414296012,0.15722625247217817,0.987561033915081
2025/05/06 15:50:28.293040913,1746539428,291377476,piren,-478.62432091169336,-319.16734267726326,2.31455261925199,0.0009074007807241981,0.000878987188982466,0.16160574349123114,0.98685459297507
2025/05/06 15:50:29.141293962,1746539429,139230368,piren,-478.4997621486676,-319.4082681248465,2.3010111721613993,0.0007201040661788471,0.0012824298476400002,0.1672728791434214,0.9859095398295374
2025/05/06 15:50:30.12824800,1746539430,10343453,piren,-478.39370313790243,-319.5845574970604,2.3108661504141907,0.027935827545257936,0.005281882354119425,0.17203501304024393,0.9846804789099873
2025/05/06 15:50:30.873028295,1746539430,871728321,piren,-478.2790006382004,-319.7898032597947,2.308940479040098,0.017241591421719438,0.0033512119315395883,0.17759736436802,0.9839464787646578
2025/05/06 15:50:31.857392766,1746539431,855417828,piren,-478.15127492345806,-320.05634339995055,2.2878486554190123,-0.02670818100264195,-0.004514594407689989,0.1835871891537302,0.9826301621075432
2025/05/06 15:50:32.732974061,1746539432,732268969,piren,-478.070661393249,-320.224977249886,2.310672344161278,-0.03225998232501116,-0.00598648362801234,0.18596775615995484,0.9820078661716479
2025/05/06 15:50:33.799882250,1746539433,798747096,piren,-478.0157680405702,-320.3317067649025,2.38490037446231,-0.02672622346936125,-0.005353469834510431,0.18798083368048843,0.9817944059265082
2025/05/06 15:50:34.707967357,1746539434,705695770,piren,-477.9528066976826,-320.4816337238669,2.4248669919747265,0.025999454887935716,0.0046099552692095225,0.1864723141504103,0.9821053165080295
2025/05/06 15:50:35.625035544,1746539435,588630512,piren,-477.8180573546754,-320.8301780810324,2.380656179893617,-4.9335310768472704e-05,-5.6862196189672234e-05,0.18463314801439001,0.9828075065784827
2025/05/06 15:50:36.461928915,1746539436,459388767,piren,-477.65011545850945,-321.27333894955115,2.296466313582156,0.028348416436832998,0.005996400045470143,0.18128840311284686,0.983003013916444
2025/05/06 15:50:37.376060446,1746539437,374552560,piren,-477.51215819845595,-321.63988295096067,2.244701785670724,-0.001995400492621964,0.0011675523451093756,0.17782475984199803,0.9840594544973039
2025/05/06 15:50:38.267441815,1746539438,263220393,piren,-477.43632569571696,-321.84044134652646,2.2537853555155962,-0.006352665401416483,0.0002918534781586582,0.1741753754948636,0.9846941134357756
2025/05/06 15:50:39.315916258,1746539439,311907336,piren,-477.40035514110065,-321.9393255127261,2.324408548550945,-0.0008957576254571035,0.0005488134885482994,0.17024608600049995,0.9854010181766313
2025/05/06 15:50:40.228161214,1746539440,225694070,piren,-477.36576213555117,-322.04817030883754,2.3752887927534316,-0.0008787288169115576,0.0004109705291377439,0.16829101485831877,0.9857368783082266
2025/05/06 15:50:41.115711441,1746539441,115078015,piren,-477.2937592021825,-322.2628783162483,2.373835372059996,-0.0009069850153403621,0.0008628390818550177,0.16498874903180424,0.9862946545428608
2025/05/06 15:50:42.87448681,1746539442,82153388,piren,-477.18669173609163,-322.5621520600768,2.3415495682745506,-0.0009897833714484967,0.0012001659431812833,0.15920850764912395,0.9872437546131783
2025/05/06 15:50:43.5970114,1746539443,4308336,piren,-477.0850135855843,-322.83674543174754,2.314692576327106,-0.0009936291986928096,0.000845253949929356,0.15433280772360314,0.9880180578850394
2025/05/06 15:50:43.895523492,1746539443,893036461,piren,-477.00536514107193,-323.05889557308683,2.3095664760247194,-0.0008697492374240267,0.000521097916687675,0.1490600152694025,0.9888276310060874
2025/05/06 15:50:44.798183038,1746539444,789296121,piren,-476.9489285514026,-323.23203296767525,2.3221419390326314,-0.0008233969112944524,0.0006507418546881668,0.14319509172349426,0.9896939245336738
2025/05/06 15:50:45.721745132,1746539445,715875826,piren,-476.8950380764944,-323.40603558530535,2.33755159501665,-0.0008387354051132094,0.0007603261751599849,0.13574474076264012,0.9907431976967146
2025/05/06 15:50:46.659421135,1746539446,658929261,piren,-476.833465788675,-323.59603472547985,2.3423203402139268,-0.0040123437830172255,0.0006877922900218761,0.12661763943209084,0.991943245061822
2025/05/06 15:50:47.510893972,1746539447,501473337,piren,-476.7656749718517,-323.79519959462647,2.339774248414886,-0.033306559191581785,-0.0020095876376786106,0.12094493400912278,0.9920982600578802
2025/05/06 15:50:48.356986827,1746539448,355189256,piren,-476.70643158124943,-323.93893450894905,2.35538595161215,0.02791211757274647,0.0049684676780012375,0.11405703161637534,0.9930695955271206
2025/05/06 15:50:49.290063632,1746539449,289616160,piren,-476.6257098555979,-324.14285544714687,2.348545086284205,0.0015815726158803613,0.0020446495849722594,0.10691356035451849,0.9942649589764573
2025/05/06 15:50:50.200922753,1746539450,195526291,piren,-476.53211497687863,-324.41080565675105,2.3070640247134877,-0.003780488624606849,0.0017411684617674077,0.10220710041414492,0.9947544344525838
2025/05/06 15:50:51.199237386,1746539451,197076764,piren,-476.4505829948568,-324.6189009559343,2.29621362807296,-0.0037985227521059426,0.001942161764551591,0.09476527985091555,0.9954905027007338
2025/05/06 15:50:52.68089148,1746539452,65429706,piren,-476.4036952174165,-324.70649569026915,2.320097782487683,-0.030118091397301705,-0.0009483815106878558,0.09141660769388486,0.995356722477342
2025/05/06 15:50:52.969762353,1746539452,966915132,piren,-476.3687769417646,-324.73335123368696,2.3662140291407683,-0.003595363758805679,0.001303848944844,0.08639326851386306,0.9962537711310621
2025/05/06 15:50:53.858262006,1746539453,857336716,piren,-476.33208373166985,-324.78582832845535,2.388678298240778,-0.030123306478991866,-0.001557029644424652,0.0823352917208286,0.9961481123822427
2025/05/06 15:50:54.739011385,1746539454,737299152,piren,-476.28024307589993,-324.90420605084796,2.3846732623112405,0.02796808598264664,0.003031076166030485,0.07613817006797101,0.9967003450397937
2025/05/06 15:50:55.680436155,1746539455,634917230,piren,-476.21247484172795,-325.1174221025579,2.3413045084426516,-0.030056462262564382,-0.00015446748534806443,0.07049896037763231,0.9970589159130608
2025/05/06 15:50:56.632082285,1746539456,624051888,piren,-476.1385732362822,-325.337480148437,2.2982020609583667,-0.030214173345646852,4.5530313337764595e-05,0.06345987770296269,0.9975269147135604
2025/05/06 15:50:57.513967947,1746539457,513284125,piren,-476.1031361196731,-325.33660758878744,2.338327874801833,0.026696209324808345,0.0024940889794536143,0.057202428899889406,0.9980024920088134
2025/05/06 15:50:58.376083249,1746539458,375312718,piren,-476.0740557336843,-325.3761874937455,2.3552690617553624,-0.004983150338001812,-0.00010988409117807715,0.051729753791092216,0.9986486813243727
2025/05/06 15:50:59.300330580,1746539459,294130768,piren,-476.0371828458166,-325.51140366164543,2.3337801905146565,-0.030245663690039823,-0.00029680238421302715,0.04623297222379836,0.9984726456020953
2025/05/06 15:51:00.215972222,1746539460,215362598,piren,-475.99933397923456,-325.58541450272395,2.342201502472158,-0.008691510725198323,0.0016727751814173792,0.03915286361029374,0.9991940315752591
2025/05/06 15:51:01.219455630,1746539461,207581496,piren,-475.9555759598051,-325.62890824774337,2.3649584675533424,0.001669667970716765,0.0011573277777833164,0.030322424179197657,0.9995381050231048
2025/05/06 15:51:02.131636003,1746539462,127250557,piren,-475.90754154139336,-325.7382036162831,2.358456441155133,-0.025419092258793043,0.0002901510511991319,0.023707051757102356,0.999395698038616
2025/05/06 15:51:03.53344296,1746539463,43193210,piren,-475.87220183990985,-325.8295962689551,2.3489247297734517,0.028787922364880772,0.0018389861857056923,0.019143356928418027,0.9994005230843306
2025/05/06 15:51:03.975847486,1746539463,974802463,piren,-475.83828014560885,-325.9425002137358,2.324737967435862,-0.020779814238887098,0.00024563076830037324,0.012694820116081269,0.9997034462919208
2025/05/06 15:51:04.914743973,1746539464,911860753,piren,-475.8026614735086,-326.04763409977977,2.303186634015585,-0.026871888480579083,0.0002824372157763846,0.007389483437790346,0.9996115332334001
2025/05/06 15:51:05.887625667,1746539465,881851348,piren,-475.7690520533611,-326.0172422741799,2.34260073341289,-0.03204582818481998,0.0002653698027043899,0.0007319255653477515,0.9994860973319157
2025/05/06 15:51:06.778074191,1746539466,776620930,piren,-475.7368658338449,-325.9586149276756,2.3967487059345505,-0.03206841549837291,0.0006629826118374255,-0.004375414185796831,0.9994758791147402
2025/05/06 15:51:07.696278893,1746539467,692976318,piren,-475.70380811915953,-325.9694545155236,2.4246572422246513,-0.03204125434257053,0.001811599554378135,-0.010183619720024352,0.9994330242775687
2025/05/06 15:51:08.698214409,1746539468,693694073,piren,-475.6630238768279,-326.0730868792368,2.416442797475492,0.025071929848253283,0.0016618872183806266,-0.01870441531917764,0.9995092702482181
2025/05/06 15:51:09.631553903,1746539469,619655693,piren,-475.6270493732447,-326.29724114833374,2.3497374951866528,0.03031126318516226,0.000765585206756506,-0.02302213496208923,0.9992750484752426
2025/05/06 15:51:10.553476462,1746539470,546467708,piren,-475.6024643462778,-326.57008313012835,2.252564331271102,0.023250787290616484,-0.00023958123108650878,-0.027838909969634392,0.9993419527783786
2025/05/06 15:51:11.527403667,1746539471,526034244,piren,-475.579141888788,-326.7279628636575,2.1992968794226573,-0.02933959297055099,0.0013220374736286802,-0.032251985346644536,0.9990481719829333
2025/05/06 15:51:12.427802039,1746539472,420993084,piren,-475.54958972477846,-326.59172742119455,2.2677457062211626,0.025639638102809968,-0.00010603883395957948,-0.03292528186230676,0.9991288823410173
2025/05/06 15:51:13.346165319,1746539473,321310006,piren,-475.51248815574735,-326.41560263298766,2.3561409713455794,-0.0014708564562545756,0.00019260102820843153,-0.036400090529938714,0.9993361961299818
2025/05/06 15:51:14.293842095,1746539474,291296548,piren,-475.47525898404444,-326.41437054185224,2.377885853016874,-0.032628635480883905,0.0011131239451773007,-0.040013179488166586,0.9986656490382485
2025/05/06 15:51:15.214910117,1746539475,213545257,piren,-475.4400598726397,-326.47041861437737,2.3775376793625864,0.02569050913332934,-0.0007677351382267568,-0.04182509702830595,0.9987943079442336
2025/05/06 15:51:16.167367431,1746539476,166719351,piren,-475.4129480415591,-326.60012146483865,2.3455460251632845,0.0306463172273326,-0.00013443681575139044,-0.045349332679374625,0.9985009880779687
2025/05/06 15:51:17.50949676,1746539477,50288948,piren,-475.40055942750337,-326.81399541402055,2.2742505680246827,0.02572854201796693,-0.00015008162351630634,-0.04731151764214563,0.9985487669110273
2025/05/06 15:51:17.957628421,1746539477,956053109,piren,-475.38569263144325,-326.9749098293831,2.223279278671016,-0.02749284319132379,0.0022917083268909483,-0.0489652295158271,0.9984193998238737
2025/05/06 15:51:18.910909794,1746539478,908960335,piren,-475.3525756285918,-326.90411561271065,2.266203592820095,-0.032485054788418614,0.00211475524983381,-0.049829161227683896,0.9982270802362418
2025/05/06 15:51:19.813230559,1746539479,812588181,piren,-475.30640290638667,-326.6576618286986,2.379381486034679,0.03001830917510364,-0.0013624503088316845,-0.05087269767116114,0.9982529806993228
2025/05/06 15:51:20.795609480,1746539480,792382647,piren,-475.2772664020205,-326.5803464400359,2.423522792057183,-0.0005137319106867854,0.001129016629847232,-0.05180067907829703,0.998656673260636
2025/05/06 15:51:21.768717361,1746539481,767016613,piren,-475.2855593392847,-326.7913533065271,2.3496172168556635,0.02764472446811454,0.0004817016835911307,-0.05198222604510614,0.99826518788745
2025/05/06 15:51:22.705252063,1746539482,703422945,piren,-475.311036722729,-327.00000283531705,2.2720247302378147,-0.023467891666961643,0.002076573319006223,-0.052133725663775964,0.9983621690310449
2025/05/06 15:51:23.598659443,1746539483,596124710,piren,-475.34332366329454,-327.03164899415856,2.258594498439385,0.013061365984826472,0.0002689501713132629,-0.05147232085567746,0.9985889687805218
2025/05/06 15:51:24.524019541,1746539484,511625947,piren,-475.3854284709672,-326.89234678414596,2.3076279204987253,0.024879425419917625,-0.00016145442920560953,-0.05070151008413421,0.9984038987295826
2025/05/06 15:51:25.465830607,1746539485,462907898,piren,-475.4621764044355,-326.7991367748847,2.3308483955035704,-0.008814859929378655,0.0006146890368757534,-0.05060615036632647,0.9986795972417352
2025/05/06 15:51:26.446469013,1746539486,436734671,piren,-475.5593516982953,-326.77318519438006,2.3288483850585147,0.02867045396762566,-0.0017236985957800324,-0.05038196916156674,0.9983169291942535
2025/05/06 15:51:27.352836690,1746539487,350879240,piren,-475.66673660905855,-326.7915063633482,2.3133404731747103,0.023441462085825475,-0.0014666227758500137,-0.049992110791157215,0.998473402615992
2025/05/06 15:51:28.296783149,1746539488,296115241,piren,-475.7948366377233,-326.8690258477915,2.274857158622048,-0.0009482788909511244,0.0002504549007577838,-0.049716487379306416,0.9987628892395588
2025/05/06 15:51:29.189199671,1746539489,188797176,piren,-475.914913645177,-326.86569137690833,2.2748010825287337,0.0020059984215121253,0.00013347445270277172,-0.04952372170121453,0.9987709242582925
2025/05/06 15:51:30.95585734,1746539490,93340478,piren,-476.0360746800221,-326.7738492405166,2.31367568157678,0.027126597656835262,-0.0011042496731346154,-0.04946376300838101,0.9984068631982026
2025/05/06 15:51:31.82445947,1746539491,74656442,piren,-476.1943113284112,-326.72100293094513,2.3321355435758,-0.028297651396283274,0.0020410661836241105,-0.049093235738438094,0.9983911714248171
2025/05/06 15:51:31.967684297,1746539491,967093143,piren,-476.35463120859055,-326.6884558612555,2.33726631556743,-0.006150445616748117,0.0012234559147915928,-0.04865117686966817,0.9987961444476727
2025/05/06 15:51:32.878381644,1746539492,874957856,piren,-476.5220860038839,-326.61698204881594,2.358017068451613,-0.004399161023188129,0.0007904001551797223,-0.04647028101812552,0.9989096734099552
2025/05/06 15:51:33.777672426,1746539493,775143133,piren,-476.7045804715334,-326.5930937099059,2.3586444783500413,-0.0024896549345966076,0.0005396617320890028,-0.04385837644427464,0.9990345105146238
2025/05/06 15:51:34.659382468,1746539494,656065701,piren,-476.88411768397617,-326.6049885716552,2.343617798527752,-0.0004756987727100487,-0.0001884975070980224,-0.042494394485951006,0.9990965742192492
2025/05/06 15:51:35.671051883,1746539495,669834170,piren,-477.11438916115617,-326.6225702669426,2.323611424006516,-0.016445761636963672,0.0010930628245878976,-0.04154623005574909,0.9990006270798815
2025/05/06 15:51:36.662642910,1746539496,661959941,piren,-477.33927568099455,-326.5838432097551,2.3282854922868554,-0.029986492139472746,0.0007886128406992096,-0.041817249905134496,0.9986748750165534
2025/05/06 15:51:37.582385679,1746539497,578730156,piren,-477.55214257420954,-326.4726634358556,2.364012375135735,0.00018275616380879613,-0.00030444359466141624,-0.042329024608025116,0.9991036620841782
2025/05/06 15:51:38.484824058,1746539498,484351991,piren,-477.78241201147546,-326.41651395536184,2.381763295138429,0.027671736976066116,-0.0005506870556440107,-0.043493405096698357,0.998670263615368
2025/05/06 15:51:39.493033966,1746539499,492049567,piren,-478.05885997285054,-326.52860095821035,2.334183214798357,0.0027851389124984127,0.0010150863740978342,-0.04568382582127644,0.9989515507066509
2025/05/06 15:51:40.514404327,1746539500,514014364,piren,-478.35460432326363,-326.6747804021358,2.2703290310546795,0.00019733049917400786,0.0006093247827743477,-0.04907704818726229,0.9987947902973906
2025/05/06 15:51:41.381929120,1746539501,381097366,piren,-478.58775842485596,-326.6341845508447,2.2795876849423644,-0.02540859391682706,0.001663084198757645,-0.05143518162349766,0.9983516713049944
2025/05/06 15:51:42.393442306,1746539502,392176716,piren,-478.85598359273644,-326.45413772939037,2.3404444710110575,-0.003165531539370088,4.242792367214441e-05,-0.05370143610573001,0.998552018359648
2025/05/06 15:51:43.472935296,1746539503,471318797,piren,-479.1503498877263,-326.27806578417915,2.398992163545745,-0.027401250562418815,0.0013297514730231282,-0.05394867691327276,0.9981667914171173
2025/05/06 15:51:44.414407126,1746539504,407501886,piren,-479.3946237349637,-326.27149073641453,2.396185288019228,-0.02883249027547672,0.0021827933168129202,-0.0526021933377396,0.9981968403946737
2025/05/06 15:51:45.385042564,1746539505,383084674,piren,-479.6473733828618,-326.29979595249523,2.382793128551428,0.03124337294301007,-0.00026058901648056917,-0.052688058206842234,0.998122112901473
2025/05/06 15:51:46.303944128,1746539506,303216659,piren,-479.8653056230331,-326.41750969582085,2.3323583794559846,0.026548111784784105,-0.0003354006421773658,-0.05300896486139612,0.998241020451171
2025/05/06 15:51:47.221426228,1746539507,219533418,piren,-480.0936019682345,-326.5976923691235,2.2518989040117066,-0.00041051542527635994,8.685018491477052e-06,-0.053447604423511756,0.9985705708576855
2025/05/06 15:51:48.122952850,1746539508,106957303,piren,-480.2885696070884,-326.60398012859685,2.242216576667659,-0.0032064669815757355,0.00040818180482219275,-0.05398527303405341,0.9985365002104576
2025/05/06 15:51:48.984589587,1746539508,982624359,piren,-480.4831647777583,-326.44830721064585,2.299692792526139,0.002112479209250346,0.00041775412406801346,-0.055689384785759126,0.9984458199297878
2025/05/06 15:51:50.3692426,1746539509,999051929,piren,-480.70001301391227,-326.2750354689178,2.3648008325886574,0.0020948282012903654,0.0005299919244396977,-0.05863054087353518,0.9982774115846977
2025/05/06 15:51:50.966730367,1746539510,965744085,piren,-480.9227936560339,-326.23674835779417,2.3752296175839804,0.001994376662431515,0.0007281236776697365,-0.0621245279523942,0.9980661477699415
2025/05/06 15:51:51.977208662,1746539511,976021603,piren,-481.1500300053445,-326.2981770785816,2.3427329276295192,0.002605761559253753,0.003247529803733001,-0.06594409387198681,0.9978146321037153
2025/05/06 15:51:52.945150536,1746539512,943130587,piren,-481.3626495184633,-326.3483445589596,2.309496370291142,-0.02905581413304846,0.0033117287534016084,-0.06915513177346658,0.997177195821848
2025/05/06 15:51:53.854034773,1746539513,852767009,piren,-481.5466865071631,-326.2697312999642,2.3220862218694815,0.01698719210812464,-0.0004948534525135917,-0.0722237087898897,0.9972436644636934
2025/05/06 15:51:54.762337733,1746539514,759014350,piren,-481.73772135360656,-326.16167410410753,2.3423376397607836,0.017647583946899675,-0.0007935505974382887,-0.07628839853542554,0.9969292920298745
2025/05/06 15:51:55.698011329,1746539515,694384943,piren,-481.95811217993696,-326.15489996690746,2.3209343511150933,0.02867316916394369,-0.0012584179575535115,-0.08165175766050449,0.9962475878140384
2025/05/06 15:51:56.605965742,1746539516,605083758,piren,-482.1646378713534,-326.2017928765613,2.2796207416953314,-0.0014087951325057648,0.0016997325690791228,-0.08707596490094348,0.9961992283384072
2025/05/06 15:51:57.483110619,1746539517,482379414,piren,-482.34921206164466,-326.1746711590912,2.2689419385781724,0.024130512724502267,-0.0018593379291443673,-0.09320844964014273,0.9953524230812918
2025/05/06 15:51:58.384751646,1746539518,383206892,piren,-482.51399923244776,-326.06812425092085,2.289164575480587,-0.006824587572090726,-0.0002583430480794837,-0.0988668114005966,0.9950772391461978
2025/05/06 15:51:59.360458720,1746539519,311485297,piren,-482.6735182916474,-325.93560332916144,2.31827735569867,-0.0012826459486817894,-5.999904822351075e-05,-0.10456369708759146,0.9945173625788839
2025/05/06 15:52:00.274261386,1746539520,266866239,piren,-482.84309786238754,-325.792838127977,2.3538702011331583,-0.015496983538213495,0.0028158017635596007,-0.11213109558826163,0.9935685845294329
2025/05/06 15:52:01.184571546,1746539521,183908932,piren,-482.99007863771374,-325.7197887428407,2.3680263468774942,-0.02838617595613825,0.005081713142072748,-0.11730320628410021,0.9926773690387017
2025/05/06 15:52:02.92484908,1746539522,90434468,piren,-483.1203943868566,-325.6490649961056,2.3791544993464595,-0.02054034699492655,0.004092198399485267,-0.12474056412559993,0.9919683158847435
2025/05/06 15:52:03.9359251,1746539522,966217602,piren,-483.23866048074217,-325.57672883208323,2.3828045197990235,0.002580337348083977,0.0001046352994334422,-0.13181219045127132,0.991271343961411
2025/05/06 15:52:03.873129121,1746539523,872448744,piren,-483.3703916229539,-325.55479765400366,2.3598842476893354,-0.026446869589208097,0.0033528352619817845,-0.13852899221906326,0.9899995151005925
2025/05/06 15:52:04.877305887,1746539524,875614394,piren,-483.51977330455105,-325.5254920248783,2.336169692808655,-0.027700539358421743,0.004834021415539486,-0.1476936039412204,0.9886333555525328
2025/05/06 15:52:05.813145847,1746539525,810630757,piren,-483.6255029388252,-325.41416074873086,2.355671840614344,0.006079205600468564,0.0005082263819137193,-0.1539865561815053,0.98805411060355
2025/05/06 15:52:06.759623643,1746539526,757996740,piren,-483.73897676261566,-325.3301474411004,2.3651900703067925,0.026300793933421357,-0.00333542780260612,-0.16494936408387703,0.9859456630302554
2025/05/06 15:52:07.644725068,1746539527,644265471,piren,-483.87606576841654,-325.36789920959023,2.3207695013320335,-0.02609529278126046,0.005300481428983678,-0.17227603290940052,0.9846887371531577
2025/05/06 15:52:08.560166343,1746539528,558915974,piren,-483.99303789106875,-325.34172933806184,2.296087780013927,0.02957046539010068,-0.005118740544690395,-0.1801072073458715,0.9831890865616443
2025/05/06 15:52:09.569905159,1746539529,567914795,piren,-484.0966780549538,-325.2174428936185,2.3024956558315655,0.030430442170509147,-0.005408615081021707,-0.1907251551334218,0.9811567918898308
2025/05/06 15:52:10.455308048,1746539530,449430516,piren,-484.20438396774364,-325.1789867302336,2.2788444740182965,-0.002694388816718259,0.0013034370126367477,-0.19608056113767625,0.9805832217944546
2025/05/06 15:52:11.344450217,1746539531,341357879,piren,-484.29533649863663,-325.0931821542142,2.2784919322981256,0.00229459905608673,0.00025736508607703494,-0.2047790787667991,0.9788054952225215
2025/05/06 15:52:12.391809299,1746539532,361318754,piren,-484.3549847187582,-324.91464004865907,2.319237212711936,0.0028139633135216917,-0.00026707791637937923,-0.2145801715492437,0.9767022884470754
2025/05/06 15:52:13.271451329,1746539533,268836165,piren,-484.4040701411701,-324.7737326416541,2.3463250350142926,0.02654372493634557,-0.006538679986213411,-0.21967613051441331,0.9751897630783232
2025/05/06 15:52:14.284070071,1746539534,282871377,piren,-484.49257454102985,-324.7040170347149,2.3305176834418315,-0.026309847278013433,0.006351521004328899,-0.22997767325654778,0.9728194693367541
2025/05/06 15:52:15.207326223,1746539535,206757218,piren,-484.5616487339385,-324.6340359860688,2.316412264877556,-0.027012642703732773,0.006986552617672851,-0.23581390538439911,0.971397605125748
2025/05/06 15:52:16.99703482,1746539536,95880253,piren,-484.5757660336347,-324.45885156348004,2.3529582191936504,-0.0028816075159318316,0.0008130448806716651,-0.2440464142239556,0.9697589303536089
2025/05/06 15:52:16.979160199,1746539536,978310410,piren,-484.6032541470437,-324.31230366795313,2.3804416752788833,0.016414300569006373,-0.00391883802581307,-0.251941915835199,0.9675952069386493
2025/05/06 15:52:17.885230016,1746539537,884296900,piren,-484.6956275586233,-324.2923337347692,2.3512812055287147,-0.0005444875731948456,0.0005140146815476847,-0.26017075832065,0.9655623314095512
2025/05/06 15:52:18.904724359,1746539538,903211825,piren,-484.8140377185227,-324.30474537698575,2.3010464772641943,0.027326195471654942,-0.007185895433963382,-0.2717587717025307,0.961950524689596
2025/05/06 15:52:19.915125713,1746539539,914746878,piren,-484.90703631996263,-324.25685773292327,2.270630742505797,-0.028288432830337815,0.008752748729056426,-0.28183215859222904,0.9590066675164122
2025/05/06 15:52:20.883495934,1746539540,881941234,piren,-484.9251393562605,-324.09168154392495,2.2938874087127323,-0.003113020379729397,0.0009837652799064224,-0.29005162741081514,0.9570054308865374
2025/05/06 15:52:21.879368880,1746539541,878671707,piren,-484.8900855218706,-323.8302832108865,2.3626010814852703,-0.002935018103635079,0.0010892480589332649,-0.2990241403472232,0.9542404113728373
2025/05/06 15:52:22.820340073,1746539542,816299104,piren,-484.91501193060213,-323.695643576949,2.382339495355212,0.002134633499333362,-0.00033717767237956465,-0.30424044712406606,0.9525928196164346
2025/05/06 15:52:23.885808636,1746539543,883228319,piren,-485.0016614556057,-323.6434839794046,2.357026563682216,-0.0027896519288799675,0.0012507891489543443,-0.31777338452858533,0.9481617633367571
2025/05/06 15:52:24.875076572,1746539544,873018654,piren,-485.08667525875563,-323.6221046287557,2.3200315665221867,0.001964022014906845,-0.00024135847000577248,-0.32527320974526747,0.9456180113479361
2025/05/06 15:52:25.819314519,1746539545,817996773,piren,-485.13579318610545,-323.5445585381274,2.306277230820425,0.0013249248618811818,0.000540292541848887,-0.33225918979373464,0.9431870352457622
2025/05/06 15:52:26.740080496,1746539546,730067919,piren,-485.15099739045604,-323.42111229008833,2.3132790443266207,0.027944551368057447,-0.009489057698148048,-0.34102678204741943,0.9395902265132504
2025/05/06 15:52:27.765382553,1746539547,761499841,piren,-485.1812136207366,-323.29858970724416,2.307991158690963,-0.028721883600563623,0.011167777502976232,-0.3506898350402825,0.9359844943948052
2025/05/06 15:52:28.777811586,1746539548,774244630,piren,-485.18606972389483,-323.14614758215606,2.3141745061680163,0.030394535016859372,-0.010902019082974354,-0.35816807727026034,0.9330985728450925
2025/05/06 15:52:29.688775182,1746539549,687432996,piren,-485.1771362461403,-323.00607420090165,2.328412390060466,0.014141341203946027,-0.004903907735781612,-0.36362419391647566,0.9314254772962065
2025/05/06 15:52:30.593007528,1746539550,589639628,piren,-485.23605507987935,-322.9561787938353,2.303228007984595,-0.000536637216941643,0.00015210751805795828,-0.37060124674912903,0.9287919060757321
2025/05/06 15:52:31.486232292,1746539551,482854661,piren,-485.27214707135226,-322.88982636190656,2.295787070585254,0.0021098957171411556,-0.0005915874924178246,-0.37716026411749876,0.9261454170566954
2025/05/06 15:52:32.400756904,1746539552,399315597,piren,-485.2637027939106,-322.77903559968354,2.314516342421205,-0.030222591009469578,0.012931573357936172,-0.3835000984250598,0.9229556023510189
2025/05/06 15:52:33.450206807,1746539553,448699764,piren,-485.1994082509182,-322.59541991875835,2.3601045501103117,0.0018865560134375791,-0.0001680092201883412,-0.39494710691940915,0.9187019078108519
2025/05/06 15:52:34.411870233,1746539554,410573750,piren,-485.1553818320101,-322.4414662075076,2.3870649084237545,-0.02705043569293855,0.012138619146605112,-0.399985607683102,0.9160417247595306
2025/05/06 15:52:35.333395682,1746539555,330083004,piren,-485.1719583547871,-322.34863836671053,2.3787468550815625,-0.002686211134864141,0.0014710096474145065,-0.40952292384595845,0.912294686625442
2025/05/06 15:52:36.226996391,1746539556,224649947,piren,-485.209598221617,-322.28568738835554,2.3602014394989217,0.001851115010918075,-0.00018993786368871857,-0.4168183669704038,0.9089878911475939
2025/05/06 15:52:37.117369221,1746539557,116649798,piren,-485.27772220409383,-322.24894214892794,2.3274458120504753,-0.002529279441822746,0.002142946915160219,-0.42314202821813013,0.906057301984522
2025/05/06 15:52:38.54997901,1746539558,53379330,piren,-485.3147909802177,-322.18463107680947,2.3091813817268187,0.0015010382376720757,-0.0005323183589326907,-0.4339275566992474,0.900946357481063
2025/05/06 15:52:39.16459726,1746539559,8573891,piren,-485.30304501574705,-322.06645309847625,2.3136276290560116,-0.026739413971421648,0.013246739829163877,-0.44199949786475023,0.8965188071154292
2025/05/06 15:52:39.978277246,1746539559,977886654,piren,-485.22839542759885,-321.88147658828206,2.3475373534128114,-0.02652774583144964,0.013255777059083606,-0.4505880761551385,0.8922392889256071
2025/05/06 15:52:40.889004148,1746539560,888282778,piren,-485.1276437924977,-321.6901303164265,2.3946084520988813,0.025450166812164686,-0.012926278842137413,-0.4571359497892201,0.8889386501524366
2025/05/06 15:52:41.854097745,1746539561,852693127,piren,-485.15681922958095,-321.6016574639082,2.377486327089795,0.002172515663181584,-0.00039643535193320864,-0.46735753926905144,0.8840656386847541
2025/05/06 15:52:42.790880647,1746539562,788381867,piren,-485.298051232528,-321.6101381508316,2.305133538046037,-0.0012435777556957853,0.00153231066936412,-0.47402712555579046,0.8805080293646919
2025/05/06 15:52:43.786288470,1746539563,783645072,piren,-485.3500633968262,-321.556884346306,2.2753171775870857,0.006175048251620299,-0.003362163673223024,-0.48252353634009265,0.8758547833473173
2025/05/06 15:52:44.729004475,1746539564,717599929,piren,-485.2881708293552,-321.42372798558375,2.296260266101271,0.024754926641679317,-0.01438262137030553,-0.48703245806527995,0.872914496729419
2025/05/06 15:52:45.674288856,1746539565,671692105,piren,-485.23244748156924,-321.2915853734613,2.308459268298842,-0.00042806228958488656,-2.034017693095032e-05,-0.4902960402474581,0.8715558555058973
2025/05/06 15:52:46.649494303,1746539566,648673657,piren,-485.1972330988143,-321.20191111711955,2.308873051756597,-0.023925811189333485,0.014183749337454657,-0.49020949673653824,0.8711607349524969
2025/05/06 15:52:47.578416077,1746539567,577681891,piren,-485.09046100509,-321.1151502358203,2.3436436021069498,-0.02702386923806168,0.017169467303050245,-0.48984766659846635,0.8712199397465439
2025/05/06 15:52:48.695859236,1746539568,692164276,piren,-484.9088651735209,-321.018591853893,2.4023993532003765,0.023428318383036988,-0.010765377225210456,-0.49260921578394745,0.8698685998906193
2025/05/06 15:52:49.630828968,1746539569,628854760,piren,-484.8675998722239,-321.01181649416947,2.3830557585597387,-0.0021141496859655726,0.004078500345705166,-0.49361224973772094,0.869669962178125
2025/05/06 15:52:50.550656806,1746539570,548530350,piren,-484.9108977253892,-321.0398057479475,2.3145771629847203,-0.0019533185001211835,0.003281333971886983,-0.49615350449657564,0.8682264205666449
2025/05/06 15:52:51.483015834,1746539571,480852619,piren,-484.85260844960425,-320.9902519377283,2.285029198778309,-0.003254444275922022,0.0038759976115106884,-0.4990930561247937,0.8665336153681426
2025/05/06 15:52:52.448560068,1746539572,445680223,piren,-484.67384366539073,-320.8606349196609,2.305983106324871,0.02362105545836241,-0.012473474001613952,-0.5027176650896075,0.8640378506710324
2025/05/06 15:52:53.406790978,1746539573,405397597,piren,-484.49213045902235,-320.73063643623203,2.321507055795562,0.02677052475238912,-0.01460471468467872,-0.506798981283313,0.8615247146098928
2025/05/06 15:52:54.354507254,1746539574,352874000,piren,-484.39530024032786,-320.65523539623115,2.292768732305751,-0.024124588923343862,0.015647332570623108,-0.5125629710906291,0.858168028919425
2025/05/06 15:52:55.293610383,1746539575,290656297,piren,-484.2280067141011,-320.54396840669847,2.2956657491079295,0.0010345156958912036,0.000732311490307149,-0.518333490558949,0.8551776342153321
2025/05/06 15:52:56.180037154,1746539576,177152950,piren,-483.9796429076382,-320.38430414457264,2.3423650614611873,0.025758115090261244,-0.014512163974744623,-0.5232820467621982,0.8516465323948262
2025/05/06 15:52:57.67471095,1746539577,66528716,piren,-483.836555670113,-320.2745046583969,2.339453226888258,-0.02392717898752659,0.016238559200758215,-0.5289933612829798,0.8481331399133731
2025/05/06 15:52:57.997162728,1746539577,994293831,piren,-483.6765784782042,-320.14995178302314,2.3274098290741856,-0.014776336806764757,0.010457194382969609,-0.5357229636618857,0.8441997471934802
2025/05/06 15:52:58.894261552,1746539578,892103323,piren,-483.43061311853296,-319.9834105905247,2.353989472587039,-0.024608404648570607,0.01686955064913441,-0.5411876871663394,0.8403723769503
2025/05/06 15:52:59.780121142,1746539579,779581547,piren,-483.16751125630833,-319.80831530064256,2.3853657358187985,0.024077275159309266,-0.014829177351906019,-0.5469850299568272,0.8366646624084811
2025/05/06 15:53:00.764037028,1746539580,716205050,piren,-483.01171809199906,-319.6814884935022,2.359755697253585,0.00197683624012309,-0.0002476658369001176,-0.5518555438979309,0.8339373414407296
2025/05/06 15:53:01.623312189,1746539581,620520781,piren,-482.9375528132981,-319.60082848661546,2.3007259490577807,-0.022856827999955334,0.016346446731162177,-0.5547387287092908,0.831549939548459
2025/05/06 15:53:02.637879643,1746539582,627950543,piren,-482.70718179809035,-319.45653691751136,2.297847393627106,-0.010015972335171904,0.007681367459990627,-0.559201839665295,0.8289354494814873
2025/05/06 15:53:03.573581538,1746539583,564194066,piren,-482.36897796670365,-319.27630072902696,2.3493380524774032,0.012007527628166252,-0.00782133017414653,-0.5573804159869964,0.8301335542843264
2025/05/06 15:53:04.524429703,1746539584,521577712,piren,-482.07100386605595,-319.1142078464033,2.370129646963718,0.011533284175122303,-0.007364238080126736,-0.5549309663326935,0.8317838505036619
2025/05/06 15:53:05.478033686,1746539585,472200547,piren,-481.9151193289517,-319.02678192259003,2.3297353954576714,-0.026636562491205964,0.01833907938711484,-0.5510030057480876,0.8338764053278269
2025/05/06 15:53:06.372706002,1746539586,371913514,piren,-481.70998436218207,-318.9367875035852,2.315983938242891,-0.008750868449472517,0.006877117316100266,-0.5470677071401738,0.8370143674771621
2025/05/06 15:53:07.385921937,1746539587,384871352,piren,-481.37875296934163,-318.80695320451525,2.3476520929957996,-0.0011521209984377266,0.002060153351858977,-0.5425453042781198,0.8400232265783694
2025/05/06 15:53:08.366867222,1746539588,364340704,piren,-481.08233395654986,-318.69751160506445,2.3645271743116734,-0.00046890362520769275,0.0015392027823139846,-0.5389159088460063,0.8423580320605178
2025/05/06 15:53:09.329584315,1746539589,322703618,piren,-480.8582291694676,-318.6151438360661,2.350494580885475,0.02424615811168661,-0.01436243015290055,-0.536332886821277,0.8435359381383116
2025/05/06 15:53:10.269386433,1746539590,266384092,piren,-480.6844861837759,-318.5483234601357,2.3058767506009294,0.0014101097985933257,-0.0008866898759604207,-0.53541136629364,0.8445897786588455
2025/05/06 15:53:11.201438916,1746539591,198275034,piren,-480.4954280641387,-318.4652379071556,2.2731968889758996,-0.0032079621408510903,0.0020309904523883727,-0.5353201269465394,0.8446407199174252
2025/05/06 15:53:12.181418709,1746539592,180046163,piren,-480.1746364794672,-318.31491051326026,2.2945654919983856,-0.010231877968150681,0.007118830364658835,-0.535885346247408,0.8441987482843006
2025/05/06 15:53:13.103210465,1746539593,98279956,piren,-479.8266672472929,-318.15027724480046,2.3451876186667557,-0.0017055402032650686,0.0017498495424790672,-0.5382488566873155,0.8427824140512138
2025/05/06 15:53:14.62583269,1746539594,60978948,piren,-479.4943969544369,-317.9911997263221,2.3804725600475063,0.004639680604765364,-0.0026905156176884803,-0.5414111857910516,0.8407408413952091
2025/05/06 15:53:15.48766352,1746539595,48199456,piren,-479.2943796325032,-317.88829974928103,2.3608893903153567,-0.020346330530818083,0.013836307634487212,-0.5436613228206782,0.8389439489583586
2025/05/06 15:53:15.933430222,1746539595,931932807,piren,-479.10820539543596,-317.7892724945934,2.338428924104505,-0.020264607599162984,0.013935140959906285,-0.5445507928750203,0.8383672175750112
2025/05/06 15:53:16.927344985,1746539596,925238203,piren,-478.8141133288803,-317.64342964014014,2.3503303608309793,-0.028835288744498002,0.018938426589249834,-0.54487078498396,0.8378100559150077
2025/05/06 15:53:17.856222956,1746539597,855318689,piren,-478.50410455751955,-317.4977761747137,2.3818168706561407,-0.02886573302668575,0.01900762279052557,-0.5444265811847478,0.8380961624015303
2025/05/06 15:53:18.822564197,1746539598,819173512,piren,-478.1824814468411,-317.3505250293714,2.4118036843386483,0.023194057252695053,-0.01540539664801883,-0.544356464929365,0.8383917631703458
2025/05/06 15:53:19.743866679,1746539599,729872050,piren,-478.0625441588626,-317.29564631016706,2.370801893256959,-0.001336585744268748,0.0010220871161048992,-0.5438768184406789,0.8391633781566735
2025/05/06 15:53:20.646295446,1746539600,644305392,piren,-478.0337504923006,-317.2821857976104,2.2957177130885267,0.000367147527041185,7.157325645605848e-05,-0.5432284845892731,0.8395848221655775
2025/05/06 15:53:21.634062300,1746539601,632541439,piren,-477.8803576392596,-317.21495553788253,2.2690903981513775,-0.0009261518406279333,0.0009588857434327251,-0.5426799370320765,0.8399385148472241
2025/05/06 15:53:22.587630978,1746539602,586150757,piren,-477.6034730321441,-317.0936125185066,2.301149913162993,-0.0010935838149932525,0.0011431748096070006,-0.5419439198579658,0.8404131632445896
2025/05/06 15:53:23.623488803,1746539603,619013534,piren,-477.26426679789864,-316.9444538885645,2.349009114011236,-0.0011410472968651653,0.0011002071140455783,-0.5412101022821995,0.8408859094687363
2025/05/06 15:53:24.575580139,1746539604,574008326,piren,-477.01688624217536,-316.8357610944291,2.3642137377371113,-0.0008304358012160769,0.000179958112502936,-0.5406664011053628,0.8412366615330271
2025/05/06 15:53:25.531886326,1746539605,516099980,piren,-476.8448514109251,-316.75947058876125,2.3496418804875674,-0.0009471533790738162,8.065772788586875e-05,-0.5405816952294462,0.8412909884086871
2025/05/06 15:53:26.480795088,1746539606,474809547,piren,-476.70950852048287,-316.69746537540436,2.3267176250905863,-0.000985542828969369,9.93423720001091e-05,-0.5405852283913878,0.8412886720272992
2025/05/06 15:53:27.534234602,1746539607,464471294,piren,-476.55397415468,-316.62616747526243,2.314961490637862,-0.000621684575069809,0.0006153308607262898,-0.5411280001306662,0.8409397852110498
2025/05/06 15:53:28.405678252,1746539608,403920998,piren,-476.3897615881211,-316.55321294618597,2.3208898912873317,-0.0008601173613173465,0.0001380724070828456,-0.5424079889566042,0.8401147627855301
2025/05/06 15:53:29.316977914,1746539609,315327178,piren,-476.20836683883573,-316.47190832333587,2.332824265162362,-0.0008864808697637773,5.098327315795697e-05,-0.5425625353542888,0.8400149443803363
2025/05/06 15:53:30.298021125,1746539610,296294954,piren,-476.0387202549664,-316.39295689631064,2.339525580686038,-0.0008659147099966802,0.00015785753576634057,-0.5422124302205982,0.8402409807828862
2025/05/06 15:53:31.259248122,1746539611,255556430,piren,-475.8942794392698,-316.3258385604456,2.337682085485199,-0.0010035866301789274,-0.00012003530881740307,-0.5428996361450487,0.8397969775362223
2025/05/06 15:53:32.263099088,1746539612,261996585,piren,-475.75645123538555,-316.2628277918208,2.3314660346091918,-0.001082295332114834,-0.00024339130908841255,-0.5439569657990296,0.8391123814818835
2025/05/06 15:53:33.168667621,1746539613,168299611,piren,-475.65857483411287,-316.2172803994039,2.3280707298345824,-0.0010925175910982269,-0.00032088554183525844,-0.544801563550807,0.838564225203042
2025/05/06 15:53:34.106032753,1746539614,105344154,piren,-475.57409430885764,-316.17654583301083,2.328375458885721,-0.001038745162253505,-0.0001905372344032472,-0.5456063414498857,0.8380409326958445
2025/05/06 15:53:35.86912468,1746539615,84829627,piren,-475.48688979776773,-316.13468782720406,2.3309342633434826,-0.0007351312574556515,0.00023090373041931463,-0.5463786022717724,0.8375379568981014
2025/05/06 15:53:36.7448335,1746539616,6840257,piren,-475.4135949414818,-316.1025669808523,2.3328107984387736,-0.0009796116456479355,-0.00026493119925331685,-0.5465037891081976,0.8374560159571762
2025/05/06 15:53:36.995616286,1746539616,994792830,piren,-475.3397203393927,-316.0723983047177,2.3330608540962947,-0.0009926856650910709,-0.00013557457648278963,-0.5467890224927199,0.8372698257289347
2025/05/06 15:53:37.903386898,1746539617,900753426,piren,-475.28624887687874,-316.050515690588,2.331941456003103,-0.0009927383377114764,-0.00015444008052368984,-0.5468488339305504,0.8372307587801895
2025/05/06 15:53:38.870234488,1746539618,868635896,piren,-475.24223119078493,-316.0328636302907,2.330777986441405,-0.0006087812965999413,0.00047956235385829797,-0.5472260948791877,0.8369844684870539
2025/05/06 15:53:39.949529700,1746539619,926589067,piren,-475.2097215582501,-316.02230178130026,2.3305656997108004,-0.0005795913733465562,0.0007128449925067453,-0.5477523972162901,0.8366399866547525
2025/05/06 15:53:40.851970421,1746539620,849754060,piren,-475.183644062024,-316.01608098557415,2.3312440864885215,-0.0005792007562061509,0.0005628424338894535,-0.5475029496069892,0.8368033627480983
2025/05/06 15:53:41.817558011,1746539621,814567951,piren,-475.1513221388601,-316.00700937676373,2.3319893913014176,-0.0007585715430829214,0.0002485497321042009,-0.5469608331451862,0.8371578165419997
2025/05/06 15:53:42.710743267,1746539622,704746315,piren,-475.11983648937024,-315.9963330229532,2.3320939617419167,-0.0007178103516625857,0.0003116683868878159,-0.5463091272786393,0.837583264555332
2025/05/06 15:53:43.617764800,1746539623,616197584,piren,-475.0919827139236,-315.98704831851603,2.3317262969915373,-0.0006573470426696034,0.0004879271894454912,-0.5459776268487764,0.8377993559334488
2025/05/06 15:53:44.523873045,1746539624,518262471,piren,-475.0735091368029,-315.9834535647686,2.3313695186353076,-0.0005329030192040276,0.0006530702314286509,-0.54596651261149,0.8378065747059357
2025/05/06 15:53:45.484162051,1746539625,481071481,piren,-475.0608879936697,-315.9839869168344,2.3312805892958695,-0.0005636105050119587,0.0005168122109730938,-0.5460994490743555,0.8377200051144909
2025/05/06 15:53:46.496751683,1746539626,493100801,piren,-475.05136652568905,-315.9853238862765,2.331407497344455,-0.0006087166946105967,0.0006340677751233432,-0.5459581209244397,0.8378120061318631
2025/05/06 15:53:47.460316058,1746539627,459861068,piren,-475.04130624306725,-315.98429457184733,2.331602769309285,-0.0005302312743026336,0.0005726203996308099,-0.5452575020319036,0.8382682431290133
2025/05/06 15:53:48.390826930,1746539628,390044589,piren,-475.0289028197071,-315.9821334852105,2.3317073439324947,-0.0005097396864666213,0.0006369307759145752,-0.5447648813296185,0.8385884321611917
2025/05/06 15:53:49.349194280,1746539629,346650627,piren,-475.0169354943121,-315.98155932320356,2.331608013665193,-0.0005021999362899101,0.0006439884443614605,-0.5445384524864318,0.8387354808506612
2025/05/06 15:53:50.305080600,1746539630,302912993,piren,-475.0075835325553,-315.98312381115494,2.3314654972317883,-0.0005029778499263788,0.0007326609979625027,-0.5444225707800721,0.8388106309807728
2025/05/06 15:53:51.325406106,1746539631,323421778,piren,-475.0002816358683,-315.9854277164385,2.3314286723703077,-0.00046155821638331474,0.0007207938512452604,-0.5440202531412413,0.8390716486643895
2025/05/06 15:53:52.230812433,1746539632,229126850,piren,-474.99554372724634,-315.9867454971237,2.3315090608187763,-0.0004930168667426011,0.0006981316856754057,-0.54378522745635,0.839223984372923
2025/05/06 15:53:53.201255294,1746539633,193428819,piren,-474.9908224841788,-315.9871825407248,2.3315787868041897,-0.000558688338634037,0.0006782853127457669,-0.5434480924759205,0.839442314027985
2025/05/06 15:53:54.132308017,1746539634,129976918,piren,-474.9855184992157,-315.98677015799313,2.3316276225405237,-0.0004567253219584988,0.0006987456572529831,-0.543102892803035,0.8396657376512763
2025/05/06 15:53:55.167114307,1746539635,166243477,piren,-474.97974428746727,-315.98691302814063,2.3316113909117644,-0.00042618034036112087,0.0007937296815576182,-0.5431747920710588,0.839619159870755
2025/05/06 15:53:56.154560111,1746539636,151708770,piren,-474.97574014320384,-315.988423411322,2.3315190832197197,-0.0004046237062953666,0.0007596814686285071,-0.5434502633120262,0.8394409273259269
2025/05/06 15:53:57.79067779,1746539637,75829090,piren,-474.9732765622693,-315.9901007336383,2.331446777234717,-0.0004889136254742932,0.0006933402950607865,-0.5435541477663011,0.8393736764330606
2025/05/06 15:53:57.992056552,1746539637,990589739,piren,-474.97185881850424,-315.99077140014197,2.331439975636133,-0.0005049478595951865,0.0006917241222061614,-0.543663763619852,0.8393026740527494
2025/05/06 15:53:58.979048986,1746539638,978633520,piren,-474.969963582345,-315.990543811142,2.3315138176099524,-0.0005406289226301998,0.0006399373121048643,-0.5438173078121566,0.8392032137239125
2025/05/06 15:53:59.977210194,1746539639,975885025,piren,-474.9671374486787,-315.98999062997177,2.3315964693067133,-0.00046364255267607906,0.0007537804886783032,-0.543976832857011,0.839099768898439
