time,header_stamp_secs,header_stamp_nsecs,header_frame_id,twist_linear_x,twist_linear_y,twist_linear_z,twist_angular_x,twist_angular_y,twist_angular_z
2025/05/06 15:48:37.60762247,1746539316,955348043,piren,0.004468960148506247,0.002220660236571936,-6.557803204165789e-05,1.5819977569148635e-05,-0.0001400145500874258,0.00015991990254580747
2025/05/06 15:48:39.376982631,1746539319,173207880,piren,0.0037229164081056102,0.003671605849149861,-7.691629585713253e-05,8.042856609038264e-05,-0.0009365706377925896,0.00036263501579048935
2025/05/06 15:48:44.753885288,1746539324,740016512,piren,0.08562920129165846,0.030751794879279846,-0.029113355300891736,6.934628804991181e-05,0.00022335161446053234,0.00014588079306176112
2025/05/06 15:48:46.222469527,1746539326,207627525,piren,0.11040781690348936,0.04919759270096678,-0.041362099548677575,-0.00023750644010771314,-0.00010205886970099254,0.0004575760383481885
2025/05/06 15:48:47.626017313,1746539327,578130114,piren,-0.030826670513988436,0.08365736053310742,0.01286655632570246,-0.0006913311799493728,-0.0007129926927918864,0.0001764235731217882
2025/05/06 15:48:48.861056389,1746539328,843970145,piren,-0.12041609617131128,0.11768825935851113,0.05134887788178887,-0.0007437341693625602,0.0009501719402460247,-0.0003194549199179472
2025/05/06 15:48:50.94403697,1746539330,77333998,piren,0.019994108216769876,0.13892440760014382,-0.0069230469634012914,-0.0006568269377375878,0.002618199862790869,-0.0013871522833998162
2025/05/06 15:48:51.505981794,1746539331,478217948,piren,0.12991069859017457,0.1468945820119649,-0.05304322064785671,0.00043342368469105364,0.0021990558108779673,-0.0008620749245414187
2025/05/06 15:48:52.959062359,1746539332,947883192,piren,-0.11230309560132795,0.18926509996772498,0.054084267102317944,-0.0004086126205493418,0.0005014068925182854,-0.0013770293691076818
2025/05/06 15:48:54.132748452,1746539334,66289230,piren,0.05148754742076575,0.21689702031485525,-0.0025695287314123627,-0.0005425190668893848,-0.0017205445020114368,-0.0037906480713682917
2025/05/06 15:48:55.72743254,1746539335,54609891,piren,0.13401293365050163,0.22096772045119964,-0.0386283928209002,6.605694895591666e-05,-0.002437269974356479,-0.004910536911635259
2025/05/06 15:48:56.125875451,1746539336,111083066,piren,-0.02118814361333521,0.24484364592458463,0.016547029671426627,0.000411318619058687,0.00042379165607511955,-0.005211546758702282
2025/05/06 15:48:57.164983028,1746539337,160092368,piren,0.04508878233409645,0.24367231324181432,-0.009973147740790209,7.315972649889309e-05,0.0024218068552840145,-0.004814942755799375
2025/05/06 15:48:58.245212478,1746539338,186209565,piren,0.06796884919681373,0.25002747795579183,-0.015743488104860346,0.001211502535255878,-7.0266588929845584e-06,-0.0029851986947124526
2025/05/06 15:48:59.189746684,1746539339,178570157,piren,-0.03992614769231283,0.2828702000713753,0.03163879494291118,-0.0008568947223540983,-0.003943378302314088,-0.0014489377748057345
2025/05/06 15:49:00.410436241,1746539340,386169080,piren,-0.0699727119185353,0.3083241783780528,0.04313763537727,-0.00046048614108542413,-0.0010903948261533343,0.0005660513888533884
2025/05/06 15:49:01.466530163,1746539341,459586469,piren,0.2415579261422864,0.27607429655881843,-0.08601381645423756,0.0011585682346377279,0.0025226801383066593,0.0029488411521768156
2025/05/06 15:49:02.368689841,1746539342,354789140,piren,0.07513507988833237,0.29243281093731693,-0.01380905738193497,-0.00014742791040837184,0.0018741879272896056,0.002907316262496594
2025/05/06 15:49:03.267339848,1746539343,232920054,piren,0.05250725641676593,0.28222466439842775,-0.0028785327745931184,0.0005611254774424427,-0.003064313602303223,0.002514057996731847
2025/05/06 15:49:04.170442714,1746539344,134666636,piren,0.005723000451507809,0.26922874048086726,0.012284379400933224,-0.0013281264356372518,0.001417357823200426,0.001669426366361722
2025/05/06 15:49:05.109212915,1746539345,100451229,piren,0.006053438918343213,0.2528957262999944,0.008378758844868776,-0.00042975944939102146,0.006724864350621514,0.0012306808320909884
2025/05/06 15:49:06.34192832,1746539346,17099982,piren,0.025892845175440136,0.23657874350251462,0.000749462237498626,-1.6509626298803455e-05,-0.00446107084881464,0.0006077233584113418
2025/05/06 15:49:06.903298505,1746539346,895069313,piren,0.01750407234071657,0.23221106214928172,0.005332552144780116,6.767210706994468e-05,-0.0037006996039701443,-0.0018718222529777331
2025/05/06 15:49:07.786820545,1746539347,778204001,piren,-0.06238816554855462,0.2386086082521621,0.03892874361226483,0.0001778446722029553,0.005659118905041524,-0.003988928908740228
2025/05/06 15:49:08.678644632,1746539348,665604890,piren,0.08021830057523416,0.21526896607965743,-0.013848342022352814,0.0023380465257040036,-0.0012221621157362892,-0.006396967827987953
2025/05/06 15:49:09.550721595,1746539349,530752322,piren,0.013019618941371075,0.21104732768712953,0.008606289932459682,-0.0025009846526905873,-0.00043277557127567514,-0.006935575144221437
2025/05/06 15:49:10.510046309,1746539350,501528670,piren,0.17289430352138893,0.17737077640322302,-0.05865621159196073,0.0005694514474437037,0.005102268503295285,-0.008448752343322938
2025/05/06 15:49:11.379998119,1746539351,374183065,piren,0.1180668798284843,0.17478266749990387,-0.02847586541007117,0.0004594077508032089,-0.00316773911643063,-0.010979440712641727
2025/05/06 15:49:12.353244296,1746539352,338718354,piren,0.027458935760796666,0.17852204736036645,0.01701863976879189,-0.002945266019473295,-0.00386789376541261,-0.013799622500223771
2025/05/06 15:49:13.227398579,1746539353,215528046,piren,0.06158956886465617,0.163671286537238,0.0030202486246258126,-0.0010298093836683113,0.0011374698087503032,-0.013717460641438865
2025/05/06 15:49:14.128296709,1746539354,117371456,piren,0.08623755572107271,0.15289234404745064,-0.009736761059429206,-0.0008125134190028167,-4.300677159413098e-05,-0.013918048413450169
2025/05/06 15:49:15.112335982,1746539355,103255812,piren,0.0837665599206504,0.14504039468956823,-0.009856382463815046,-0.0010475655184042727,-0.001283662596921027,-0.013960048336449291
2025/05/06 15:49:15.984526495,1746539355,975846779,piren,-0.006061680790707971,0.15082906575885377,0.031840853855149266,0.0028981556995050493,0.00147796769623248,-0.013596036969184122
2025/05/06 15:49:16.881706331,1746539356,839632809,piren,-0.0866995822382249,0.16064415791770503,0.067587999832636,-0.0014321333932005686,-0.0009987423759317655,-0.0142304517969857
2025/05/06 15:49:17.717762334,1746539357,710893762,piren,0.1519108608260923,0.09785995472698293,-0.03434687973255442,0.0010747091017899507,0.0005754196079348494,-0.013720273408604884
2025/05/06 15:49:18.564474299,1746539358,554914985,piren,0.056259195925167774,0.11987453374408748,0.007601009489767711,0.0010602618583685451,0.0008469380959194381,-0.015458854623380284
2025/05/06 15:49:19.530254186,1746539359,520919845,piren,0.010744038132270477,0.12387537255981503,0.028450341158139884,-0.00036914248962647243,-0.0004103524866836525,-0.014936306638066514
2025/05/06 15:49:20.408505214,1746539360,382326100,piren,0.21147922234736152,0.05002976970804472,-0.05657579620844991,0.0006266687969382327,-0.0015480859924885046,-0.014878439806655324
2025/05/06 15:49:21.238506860,1746539361,230522640,piren,0.2026453786246294,0.05072164484659031,-0.045802697468666616,-0.0020815807456576545,0.0003270779319141695,-0.016590867010249952
2025/05/06 15:49:22.183075692,1746539362,177879425,piren,0.1777511994280304,0.055300803375712956,-0.033386171815353756,0.0007338780328362055,0.0005047949005574944,-0.01634566547446948
2025/05/06 15:49:23.42753496,1746539363,33263671,piren,-0.07737992037391442,0.13292924983347865,0.07761605284164771,-0.0013201586052278744,2.0819891637935487e-05,-0.017675498400032706
2025/05/06 15:49:23.906262037,1746539363,869239008,piren,0.028556305136635346,0.09210634221008213,0.029924804274844653,-0.0008924088759497425,0.00020612113639035054,-0.01582488717578103
2025/05/06 15:49:24.778614318,1746539364,773624686,piren,0.06755619371328983,0.08021238673127364,0.01020913281276932,0.001100397343553605,0.0005702097859168593,-0.016126376016211957
2025/05/06 15:49:25.685002636,1746539365,679224607,piren,0.012049720597451671,0.10103242572377048,0.026185569844651858,0.0005729887837934919,0.0016993582818738478,-0.015409438948370947
2025/05/06 15:49:26.632746404,1746539366,625009056,piren,0.1346895341036089,0.036104157240743645,-0.02933314185346014,-0.0013637213058461826,-0.0009380890798551936,-0.01533409959063388
2025/05/06 15:49:27.525701131,1746539367,514426901,piren,0.2577125641284966,-0.009494336226998072,-0.0837119103867414,0.0014746380707835764,-0.00042890175208619994,-0.016566099385445142
2025/05/06 15:49:28.451884910,1746539368,421510808,piren,0.02724188042407158,0.08798386729249677,0.02446235529202681,-0.0016293581524781128,0.00102543988645375,-0.017161695132442426
2025/05/06 15:49:29.361654352,1746539369,338379206,piren,0.1034769896806666,0.044644557472839276,-0.0063092716088937115,0.0006319229004566594,-0.00039362803999381325,-0.017994585991030182
2025/05/06 15:49:30.316795952,1746539370,266417492,piren,0.05442910747915456,0.055230524312992836,0.020595147616808657,0.00013228258334800633,-0.0005725530960104971,-0.01683135740320006
2025/05/06 15:49:31.213316468,1746539371,199155533,piren,0.050885251823683655,0.05359124366827991,0.021878735426703738,-6.334224723234578e-05,-0.0005724055199287534,-0.01683997624190243
2025/05/06 15:49:32.119651584,1746539372,113632526,piren,0.17042292256646768,-0.004324000787345815,-0.03669182783523674,-0.0008955874922353854,0.0006497008523441615,-0.01813051629590353
2025/05/06 15:49:33.44234347,1746539373,33954037,piren,0.1054805910230244,0.033459264672547485,0.0017527815469820449,-3.018923382988445e-05,-3.514679243475755e-05,-0.020333435371386245
2025/05/06 15:49:34.31558653,1746539374,21371882,piren,-0.03521466707156823,0.10900708997505779,0.06506508358063043,0.0016530792781197891,-0.0019507332918584333,-0.017729040972631276
2025/05/06 15:49:34.890882778,1746539374,879674230,piren,-0.023934716996109176,0.09677096933346609,0.056242800395728085,0.0006261138109501666,8.179547290366647e-05,-0.01889676414148088
2025/05/06 15:49:35.761668691,1746539375,720387943,piren,0.06282634854164834,0.04766007648222574,0.014658307142665937,-0.00026513186431178056,0.001038972798969139,-0.017558351114334958
2025/05/06 15:49:36.625922137,1746539376,617044117,piren,0.25175317333628305,-0.06600862617037756,-0.07137194076148945,-0.0007937558936581121,-0.0015124058593567402,-0.018197865670281137
2025/05/06 15:49:37.494547530,1746539377,487422117,piren,0.3394501388795107,-0.12766772575159785,-0.1181672792396617,0.00010765601050015134,-0.0014035013969964994,-0.018169920536405034
2025/05/06 15:49:38.418728561,1746539378,365760706,piren,0.13583592894192414,-0.0069356775344197735,-0.018576648547066768,-0.00046498928257742675,0.0004634705016293008,-0.017548471851049043
2025/05/06 15:49:39.466405315,1746539379,459048350,piren,0.046963494756619276,0.040113116530165534,0.014848267719722724,-0.000711962946118118,0.0015972120232039576,-0.017808771200746
2025/05/06 15:49:40.392747767,1746539380,384774502,piren,-0.06409706286608516,0.09880194980255572,0.06542142454781277,-0.000710479771184016,-0.0005233701193439812,-0.01658898339579701
2025/05/06 15:49:41.269513759,1746539381,255372145,piren,-0.05443411469636876,0.09705107898339582,0.06465510973547076,0.0011059856971729518,-0.001275882057898937,-0.018000827901668615
2025/05/06 15:49:42.190482803,1746539382,158060061,piren,-0.022309341414756913,0.0987357077045096,0.05539235771716427,-0.0010293768659767964,-0.00025344478051102226,-0.017833038053152107
2025/05/06 15:49:43.75840165,1746539383,25986791,piren,0.15671096373666848,-0.025861814648850942,-0.028296081168799107,0.0013676570541821082,-0.00038097583756082146,-0.018453400520095576
2025/05/06 15:49:43.971914159,1746539383,961875546,piren,0.15384723827646674,-0.020662718220773334,-0.023528080427220602,0.000747533458242494,0.0012944763894842295,-0.018068253382118985
2025/05/06 15:49:44.872293408,1746539384,858419705,piren,0.11152725499696323,0.0023077549434226026,-0.003471886384924832,0.0009317020429255717,-0.0020550151891669355,-0.018083932307992136
2025/05/06 15:49:45.743526131,1746539385,736785785,piren,0.16091187339684443,-0.0521469427794721,-0.035785809653518394,0.002832345374152428,0.0007241526341584862,-0.017207206195287067
2025/05/06 15:49:46.697561394,1746539386,688683136,piren,0.058809284388644356,0.02812815221959744,0.01183051786989623,-0.0007032902373858551,0.002094720941074821,-0.01676565124875195
2025/05/06 15:49:47.590519301,1746539387,583462619,piren,0.07745261563018181,0.0053056959799966455,-0.00032936461532798514,0.0015483262238907517,0.00037059486248175585,-0.01766687720481049
2025/05/06 15:49:48.553253140,1746539388,538642960,piren,0.02310046449442786,0.057060126835677405,0.03085886066615139,0.0008427335434902989,-0.004111188096174598,-0.01779351862357784
2025/05/06 15:49:49.481616035,1746539389,474047498,piren,0.1149162625035388,-0.029089225350434664,-0.015106490336302719,0.0012059143132103726,0.0007827350643351547,-0.01774821358937309
2025/05/06 15:49:50.435535586,1746539390,404300407,piren,0.08070439760322193,0.006165346643366043,0.0072917509913798355,0.0003627062996619731,0.00019769066605956968,-0.018639785101605737
2025/05/06 15:49:51.264975401,1746539391,251961592,piren,0.13996202644675582,-0.05550784849765414,-0.02311809280762758,-0.00024024923798052173,-0.001976655541075472,-0.019238552126464536
2025/05/06 15:49:52.134182603,1746539392,125354637,piren,0.13886976573840007,-0.056945504270924444,-0.022443181649494395,-0.0022496305356001487,0.0007524946834198443,-0.018343178384280415
2025/05/06 15:49:53.12619577,1746539392,999178667,piren,0.17081208505173895,-0.1040315260584969,-0.05032583660373417,0.00019225230899501657,0.0005473836880210604,-0.020424896341871702
2025/05/06 15:49:53.977786285,1746539393,969944155,piren,-0.0082869934600239,0.0994195366931769,0.058263342812943875,-0.001797580554323735,-5.358127726756697e-05,-0.01889792231681216
2025/05/06 15:49:54.855750320,1746539394,817487718,piren,0.08306119940789362,-0.023558084202931512,-0.0022877105731927624,0.0007075608125208543,4.770339411789498e-05,-0.018327520335503653
2025/05/06 15:49:55.717517743,1746539395,704402315,piren,0.09363979423433197,-0.023167359844273323,0.0004161980934815745,-0.0008746097737249074,-0.00035404147548749387,-0.018833712284612548
2025/05/06 15:49:56.596020890,1746539396,586269620,piren,0.0786194222448103,-0.003066563571928145,0.011319571430333204,0.0005193082038067354,0.001341836223770882,-0.018387232867276924
2025/05/06 15:49:57.509662355,1746539397,502334447,piren,0.08864299688243595,-0.022004188945447183,0.0011457998501073728,0.0016928782332586774,0.0001094399978132893,-0.018710006912970138
2025/05/06 15:49:58.535788248,1746539398,524338794,piren,0.1045688146950852,-0.047996048698268436,-0.01293036049837736,-0.0015399171072107436,-0.0005072977701993783,-0.019010686139172298
2025/05/06 15:49:59.428139007,1746539399,405540861,piren,0.07169023636138266,-0.02280688372861668,0.004362228289925859,0.00033652975870046374,0.0007983326175866306,-0.018275480986856843
2025/05/06 15:50:00.283858200,1746539400,268153235,piren,0.01584225762817372,0.07452052574713043,0.04918158182014112,0.001122113046004528,0.0012275647616331663,-0.019944389076452507
2025/05/06 15:50:01.198899041,1746539401,189547421,piren,0.0712576673160584,-0.0026888106775452697,0.016321064743822132,0.00031961035086708995,-0.0019494313384564148,-0.018624837075179045
2025/05/06 15:50:02.92223857,1746539402,53299783,piren,0.08015790835011107,-0.013798126023811426,0.009364087920735441,0.0011413002729127627,-0.0016964714136379379,-0.019556396912530374
2025/05/06 15:50:03.14239818,1746539403,328814,piren,0.1463628003439226,-0.11635861917352419,-0.04010072264113822,-0.0010519959881187242,0.0020801137210783873,-0.01872626120566794
2025/05/06 15:50:03.899874380,1746539403,886707059,piren,0.12888870073234104,-0.108013375269956,-0.035754599254718245,0.0008407497805652362,-0.00041676110843568424,-0.019023401954804807
2025/05/06 15:50:04.782092163,1746539404,774117035,piren,0.046959406960877484,0.020527295353850367,0.021688165219507886,-0.0005369353993888227,-0.0010867737410947705,-0.019004228024757448
2025/05/06 15:50:05.681387899,1746539405,673170560,piren,0.12378106605674477,-0.12656176438181252,-0.046980360503370934,0.0005662767203267703,0.0012941104399200396,-0.01945852527083876
2025/05/06 15:50:06.613647634,1746539406,606566734,piren,0.04049288025303216,0.03528001215095239,0.032831620085307524,-0.0006841720353913867,-0.0005145306431226233,-0.01938479851741357
2025/05/06 15:50:07.524679665,1746539407,474883718,piren,0.11073913443069616,-0.10525360608898998,-0.029810773814876713,-0.00040994895491654594,-0.0016554664822769623,-0.01813962842972611
2025/05/06 15:50:08.493698948,1746539408,431864143,piren,0.07445896046028795,-0.04386478483584077,0.0020658906954187095,-0.0005796113245493261,0.0011480340141028765,-0.01150154847115635
2025/05/06 15:50:09.324814303,1746539409,313839036,piren,0.08906985975559112,-0.10688637559246605,-0.02734466943456957,-0.0006631317484480639,0.002317500145481541,-0.007075857368731582
2025/05/06 15:50:10.187989190,1746539410,180815863,piren,0.026528754266291824,0.008494026194558246,0.03159343448493438,-0.0005345474823083008,-0.0006827482085017361,-0.005631641399215653
2025/05/06 15:50:11.111782465,1746539411,99593508,piren,0.06766511889331925,-0.10089855706100868,-0.013543602082739019,-0.000674963664317366,-0.001069188541112683,-0.004066571645929252
2025/05/06 15:50:11.987623177,1746539411,970491015,piren,0.08990681288669294,-0.16964591991031674,-0.03214525953333463,-1.4158173176077652e-05,0.002094841201864913,-0.0037529362515540564
2025/05/06 15:50:12.949599964,1746539412,911929718,piren,0.05095696706753189,-0.10050735353579449,0.02072510017615003,-0.0013127460667544093,-0.0010992743847860738,-0.004032171566985796
2025/05/06 15:50:13.785857606,1746539413,766919627,piren,0.08166210063632207,-0.15983431511776808,0.0015791276423628708,9.261974043934623e-05,0.00025511629509745895,-0.005766450019787027
2025/05/06 15:50:14.644201791,1746539414,638145078,piren,0.05669669412059193,-0.09924378056693905,0.03323480311511397,-5.7133630851739706e-05,0.0014388719400166689,-0.007036724247153642
2025/05/06 15:50:15.576240350,1746539415,564804086,piren,0.0533969574733419,-0.103294456883122,0.028202209629119825,-1.3316014526309322e-05,0.0001658963283531296,-0.007052058589441366
2025/05/06 15:50:16.493474446,1746539416,480729814,piren,0.06663393876970077,-0.14829317403291437,0.004532016445250312,3.629703244143722e-05,-0.0022102960906787814,-0.007989333145353088
2025/05/06 15:50:17.447371529,1746539417,439574875,piren,0.08991751070338978,-0.19550192196661495,-0.014120611204010054,1.3336158208556296e-05,0.0008424350535758745,-0.009426882853287813
2025/05/06 15:50:18.331866935,1746539418,321290972,piren,0.10308366039089378,-0.22174895813236556,-0.015839162249560196,-0.00025398469965511185,-0.0013732694151209624,-0.010376943636334793
2025/05/06 15:50:19.268849471,1746539419,213973852,piren,0.10245470092399955,-0.21553573126307068,-0.0060260002481188416,0.0003206847006970545,-0.0030738294006903413,-0.01246685096266998
2025/05/06 15:50:20.105887923,1746539420,94471280,piren,0.09772821723822744,-0.20491117512433388,0.004504152557941912,-9.732902108498765e-05,0.0030481177792616894,-0.013911811094395848
2025/05/06 15:50:21.27778580,1746539421,14807090,piren,0.09642118708029557,-0.20739957357400213,0.007773385461609342,-4.214084971196461e-05,0.0011395632915953845,-0.01398325500823098
2025/05/06 15:50:21.971428050,1746539421,958031122,piren,0.09864792179882897,-0.22000910462015721,0.0040577323547056265,-0.0008853185810392036,-0.0028957746923382534,-0.015055029523847997
2025/05/06 15:50:22.902803681,1746539422,884472851,piren,0.1431248628773119,-0.33714049677946545,-0.04908138503504864,-0.0005571909953314254,-0.0006201856131433368,-0.012677940835664456
2025/05/06 15:50:23.805572924,1746539423,757244241,piren,0.1190450974538635,-0.24076094085203237,0.0007032754269091918,0.0009791524843734136,0.0017943687487031407,-0.011954529978985213
2025/05/06 15:50:24.692839392,1746539424,681391835,piren,0.07363919182648718,-0.07935473288553055,0.07136464738057505,0.0009083417160022747,-0.00170932167221964,-0.008545745170179952
2025/05/06 15:50:25.638897136,1746539425,586156515,piren,0.09570579453347822,-0.14294896056412595,0.045631129976055854,0.0006231574605967554,-0.00026820262577539357,-0.006111074774393297
2025/05/06 15:50:26.490740173,1746539426,481936947,piren,0.15319881572154376,-0.3258592885426418,-0.030223365273190902,-0.000466719516676794,0.003340150204732935,-0.003332862249838757
2025/05/06 15:50:27.415320777,1746539427,404949448,piren,0.16858204431368906,-0.37384985666585574,-0.0487584937616701,0.00044810456973261797,-0.003202418098308365,-0.00032561643450604874
2025/05/06 15:50:28.302152266,1746539428,291377476,piren,0.15818989539070574,-0.329156959438705,-0.03356122658537422,0.0006760196523174989,-0.0025931062932680687,0.003379464222313861
2025/05/06 15:50:29.149004241,1746539429,139230368,piren,0.13434322720554523,-0.23896730876058367,0.000136535824862144,0.0004390715383149458,0.0012405501681596286,0.0065337777201997654
2025/05/06 15:50:30.18211498,1746539430,10343453,piren,0.11591880206633509,-0.17870540939152246,0.02178437052453021,-0.00044635154014036646,-0.0005481241663812706,0.007907482441566756
2025/05/06 15:50:30.894680315,1746539430,871728321,piren,0.1400712352196479,-0.27909209185713674,-0.025863360564344108,-0.0001619174892998749,-0.0004348883737630153,0.009397939295617549
2025/05/06 15:50:31.901947552,1746539431,855417828,piren,0.12624657364490308,-0.2783207480505547,-0.017772036673467384,0.001546279813165094,0.001488094710852453,0.009620698328972712
2025/05/06 15:50:32.745504900,1746539432,732268969,piren,0.05569888220306898,-0.10260202745698677,0.06810173020982348,0.00023759091816602114,0.0008366621562445893,0.00807121491626468
2025/05/06 15:50:33.807251954,1746539433,798747096,piren,0.046884170683097234,-0.09883666494474652,0.07312994063806123,0.0017108596091761092,-0.00017280495236213756,0.005616225766886029
2025/05/06 15:50:34.718300068,1746539434,705695770,piren,0.09364657949845429,-0.23563941006204855,0.016629409770258057,-0.0013898397341222254,0.0005621205046060493,0.003473892539506962
2025/05/06 15:50:35.625263449,1746539435,588630512,piren,0.20511139872733114,-0.5371887040037103,-0.11506022247301556,6.587222469198146e-05,0.0008509917987756637,0.0005997996880215088
2025/05/06 15:50:36.469666532,1746539436,459388767,piren,0.1697500055380715,-0.45196978478570543,-0.07290860989939088,-0.0005282215317953294,-0.0022174123343378697,-0.0019456261397513756
2025/05/06 15:50:37.380708493,1746539437,374552560,piren,0.13594721867275442,-0.36024339177256426,-0.041741012203857696,-0.0003345403515413852,-0.0029688930194085887,-0.0038550465795826614
2025/05/06 15:50:38.288472381,1746539438,263220393,piren,0.04620748663901399,-0.12158073284622281,0.05776482712280371,-0.0015516205683151158,0.002803837657317042,-0.005393053445622211
2025/05/06 15:50:39.380085293,1746539439,311907336,piren,0.018027834642953204,-0.05686271611898468,0.07960156955042501,0.0002669972191827831,0.002949452052391427,-0.0050474578502062795
2025/05/06 15:50:40.237773303,1746539440,225694070,piren,0.05692029561946587,-0.17894200755499645,0.024904184596124583,-0.00011559751762945851,-0.000664582671294713,-0.005802342503035444
2025/05/06 15:50:41.128345623,1746539441,115078015,piren,0.10354641241851827,-0.2996277645005643,-0.02794919645222846,7.032562138939037e-05,-0.0014389363890788083,-0.006919279428129723
2025/05/06 15:50:42.89443810,1746539442,82153388,piren,0.12238039034414218,-0.33069538806043913,-0.04055876209515878,0.0001248157961938813,0.0030884316928122915,-0.008744875637833648
2025/05/06 15:50:43.11403841,1746539443,4308336,piren,0.10481276429263747,-0.2828664006552112,-0.01949061787628408,-0.00036473731926920766,0.0011483369881816353,-0.009691232528873288
2025/05/06 15:50:43.902803287,1746539443,893036461,piren,0.07211272924555491,-0.21061119675191498,0.008115677940062023,0.00033212908478201,-0.0024586794072989117,-0.010491197601875862
2025/05/06 15:50:44.798381519,1746539444,789296121,piren,0.053353437788928246,-0.1742917575897986,0.019837624076248665,-7.342910393110255e-07,0.0003786736767049581,-0.011580409075620714
2025/05/06 15:50:45.775775517,1746539445,715875826,piren,0.060349800839731,-0.19260017617339095,0.012142270205107558,-0.00015506513534460637,0.00212217718634629,-0.013521478538771491
2025/05/06 15:50:46.668216532,1746539446,658929261,piren,0.0767570196293946,-0.23050983305752148,-0.0014915664768070432,-0.000605537706717917,-0.0028290996792724567,-0.016016211988000746
2025/05/06 15:50:47.511613161,1746539447,501473337,piren,0.08105195795801595,-0.23356768413063897,-0.0043115871426677105,-0.00021758400417319537,-0.001860994313577564,-0.014998833347206647
2025/05/06 15:50:48.365152854,1746539448,355189256,piren,0.06005525065415899,-0.11299100741230128,0.03857039218394164,-0.000833558028606911,0.0035281575087836342,-0.015773403616744328
2025/05/06 15:50:49.339330448,1746539449,289616160,piren,0.11241072638390509,-0.32717267122693505,-0.058233565992972754,0.0009778088168728887,0.0004908903777315543,-0.014060817828466101
2025/05/06 15:50:50.204335490,1746539450,195526291,piren,0.09561870789702884,-0.26838929856980887,-0.03396499250638192,-0.0009037962160541357,-0.0008521919957803437,-0.014172463988997725
2025/05/06 15:50:51.237647699,1746539451,197076764,piren,0.06575377665567433,-0.1384319670737563,0.016897934012680485,-0.0007419467793530098,0.0018656623887980148,-0.013412850031764867
2025/05/06 15:50:52.75998930,1746539452,65429706,piren,0.0448205924475133,-0.06959062324913196,0.03788419886102382,0.000867323103590029,0.00021221702128847096,-0.012776191895115276
2025/05/06 15:50:52.974959773,1746539452,966915132,piren,0.0280423060237354,0.017273823054620663,0.06060353371425699,-0.0007352370004334083,-0.002106992596304713,-0.011342750574863777
2025/05/06 15:50:53.863257928,1746539453,857336716,piren,0.05647479664653478,-0.13221571632407125,-0.004370889010761145,0.0009736866436729262,0.003324628140013925,-0.011890900298586164
2025/05/06 15:50:54.791165222,1746539454,737299152,piren,0.05908178656127351,-0.13167629800604977,-0.004556673555783261,-0.0012167365942876048,0.0003833147793657449,-0.011897382452477664
2025/05/06 15:50:55.680633104,1746539455,634917230,piren,0.09099827892005127,-0.3410159619733344,-0.09179623511499299,0.0011016441968507574,-0.006020626960524337,-0.01237842536542285
2025/05/06 15:50:56.633842979,1746539456,624051888,piren,0.05366662814985834,-0.07467012816978191,0.015760575590149067,0.0009885435083280341,-0.001545816580531267,-0.01318871399036385
2025/05/06 15:50:57.522319707,1746539457,513284125,piren,0.025316170711266798,0.0762990630090376,0.07348540585775588,-0.0014431827429676027,0.005474760792586774,-0.015107859543742833
2025/05/06 15:50:58.384026506,1746539458,375312718,piren,0.04216267147926378,-0.15569791566213048,-0.027575581044630787,-0.000976632384895192,-0.002462218297092463,-0.013906825544540665
2025/05/06 15:50:59.315969600,1746539459,294130768,piren,0.039942944358381326,-0.14538897807979034,-0.020269358130610222,0.0004560520901592555,-0.0053797378917546075,-0.013199017804825504
2025/05/06 15:51:00.254163064,1746539460,215362598,piren,0.03946694543260496,-0.016546057886807353,0.03505427021315036,0.0005894806325746157,0.0045438494064837685,-0.014525313036083837
2025/05/06 15:51:01.223164183,1746539461,207581496,piren,0.05371483214694313,-0.07841213917631601,0.01190787694991698,0.0004251727656639786,0.0030073193940874515,-0.015762002832266836
2025/05/06 15:51:02.173835243,1746539462,127250557,piren,0.04691753758133932,-0.15575459015444673,-0.027802812803433812,9.239662810167965e-05,-0.004195640061744308,-0.013863835172073465
2025/05/06 15:51:03.72663844,1746539463,43193210,piren,0.03153282275875431,-0.04704340154921691,0.006680369647358613,-0.0002880885939104859,0.0027437625475054492,-0.013695606122617145
2025/05/06 15:51:04.34436962,1746539463,974802463,piren,0.04005625296194926,-0.19895549145789979,-0.06161450725344067,0.001161533071184061,0.0013340151639723795,-0.013516749882525407
2025/05/06 15:51:04.928515921,1746539464,911860753,piren,0.035100803380601106,-0.0145558309967323,0.019995495959866855,0.0021680639741185077,-0.0024728560552067153,-0.01345509020382116
2025/05/06 15:51:05.927306434,1746539465,881851348,piren,0.03582071640921644,0.08372908050146226,0.06547989657463744,0.0003083574705811369,0.0010256191975962525,-0.013579537740291175
2025/05/06 15:51:06.788676971,1746539466,776620930,piren,0.03530817330756694,0.04561374777927132,0.05412089450941422,-3.6210651537353265e-05,0.0010196220489194663,-0.013290391907218582
2025/05/06 15:51:07.701902560,1746539467,692976318,piren,0.0381846712073639,-0.0696785549521787,0.007938667619745272,0.0006759061662311093,-0.004086941223233841,-0.013783911607158772
2025/05/06 15:51:08.701726305,1746539468,693694073,piren,0.043739664269469396,-0.14473850251756581,-0.02801001929442059,-0.0017317708634954363,0.00014207650288016976,-0.013982795769133086
2025/05/06 15:51:09.637479202,1746539469,619655693,piren,0.0317018084349002,-0.338521642800742,-0.11735629863969863,-0.0002837687875473113,0.0014452226294243249,-0.013104164159146418
2025/05/06 15:51:10.555040106,1746539470,546467708,piren,0.023229954496400793,-0.2709850695359814,-0.09969164961195766,-0.0009512214050152956,0.0008719765854593336,-0.012371302237320315
2025/05/06 15:51:11.540555909,1746539471,526034244,piren,0.023344066998879538,-0.018526563420891262,0.0038847690300117532,0.000726291325337545,-0.002066029059278318,-0.009570353091389271
2025/05/06 15:51:12.433626774,1746539472,420993084,piren,0.042115881600375396,0.3215043658578002,0.1482141950037904,-0.0013563371402818209,-0.00041243279613036856,-0.00905470701052063
2025/05/06 15:51:13.350990180,1746539473,321310006,piren,0.040630608404899286,0.07211816612425587,0.04925268614515564,-3.506130859725246e-06,0.002152841534223763,-0.009103682130271434
2025/05/06 15:51:14.319024319,1746539474,291296548,piren,0.037116652908389405,-0.07834274222591325,-0.007014361886080296,-0.00019840807452120888,0.00036548870216863917,-0.007653809637253359
2025/05/06 15:51:15.228453454,1746539475,213545257,piren,0.037683237142846375,-0.03898327957649549,0.006889046115051782,-0.0011883599202376202,-0.001596064062497863,-0.0070050518407089365
2025/05/06 15:51:16.212508031,1746539476,166719351,piren,0.01781823054243436,-0.2446298758746247,-0.07895681244307319,-0.0002599593582223891,0.0005902641620134638,-0.007412878591001807
2025/05/06 15:51:17.57866642,1746539477,50288948,piren,0.01188813026756183,-0.26077358588327065,-0.0892146938574362,-0.0014901737573808616,0.0003003213000656943,-0.006563318855955474
2025/05/06 15:51:17.969897019,1746539477,956053109,piren,0.02092172951465731,-0.09170904613761147,-0.022305503226311044,0.0017360134907225908,-0.0002738981466947101,-0.005047690528348353
2025/05/06 15:51:18.961913773,1746539478,908960335,piren,0.05040247916567754,0.2591269438186832,0.12016671772186895,2.6040228789122404e-05,0.0010396807438931878,-0.004140866147531952
2025/05/06 15:51:19.824145908,1746539479,812588181,piren,0.05229350069112119,0.28901334160873415,0.1315550957334119,-0.00035322619403033417,0.00042597637205972667,-0.003969804357256951
2025/05/06 15:51:20.803918630,1746539480,792382647,piren,0.0003934523853331845,-0.1838845638495964,-0.0638138530858042,0.00016813746315621404,-0.0033332992345001724,-0.0026463570296523004
2025/05/06 15:51:21.777801824,1746539481,767016613,piren,-0.01890935108494883,-0.24617595874433348,-0.08694108587266904,-0.00023103156768846465,-0.0009350336227166982,-0.0021345751056617472
2025/05/06 15:51:22.712589005,1746539482,703422945,piren,-0.03784895119079007,-0.2192816035830215,-0.08612127263942128,0.00021982938231077576,0.005179718950007365,-0.001722101290538689
2025/05/06 15:51:23.612015150,1746539483,596124710,piren,-0.03347533319197279,0.15148575726698293,0.05726909113378738,0.0005564316897339169,-0.0061261240412977015,-0.00022100426554980983
2025/05/06 15:51:24.526592179,1746539484,511625947,piren,-0.06055361632588752,0.16014725170812238,0.05247607914254942,-0.001493573978495175,0.0010467184703034488,-0.00012339740496716416
2025/05/06 15:51:25.503541513,1746539485,462907898,piren,-0.0964887270268718,0.010845998118520994,-0.012744783506908629,-0.00027428205332430817,0.00640412782962243,-2.3935979024344986e-05
2025/05/06 15:51:26.449553278,1746539486,436734671,piren,-0.1085583919132659,0.04563736492968969,0.009767319672266128,0.0006172552069222041,0.00032843203676608684,0.0001600348820007096
2025/05/06 15:51:27.358029825,1746539487,350879240,piren,-0.13078398390553042,-0.08609910629388609,-0.04418385348215408,-0.0021979170251443638,-0.0035600718762153222,0.0004551670058345411
2025/05/06 15:51:28.307166432,1746539488,296115241,piren,-0.13719436531555396,-0.07517658817496298,-0.03569428735513845,-0.000419100614968785,0.00024445684487738777,0.00039967604599077175
2025/05/06 15:51:29.221694434,1746539489,188797176,piren,-0.12943518358383693,0.08272440362843594,0.03563457645718643,0.0022152499643288315,0.001399837275167392,0.0003879526028505073
2025/05/06 15:51:30.106837062,1746539490,93340478,piren,-0.1411982631249429,0.12226622294574593,0.05113929942378711,-0.0018911244096635744,-0.0011206498661668848,0.0002887680114659494
2025/05/06 15:51:31.120974978,1746539491,74656442,piren,-0.17776533529040528,-0.033163029665910976,-0.021969773530732296,0.0014469654923258755,-0.0015527353319638138,0.0004723377562963912
2025/05/06 15:51:31.975972998,1746539491,967093143,piren,-0.17881817092393243,0.10549646373601756,0.033358566751832935,-0.00045280258089948556,-0.00046797739743928695,0.0007059419279815979
2025/05/06 15:51:32.881896325,1746539492,874957856,piren,-0.19593532272915576,0.05481707681910887,0.013218377034847035,-0.0013327878758213325,-0.0005789830324856028,0.0027912506387110414
2025/05/06 15:51:33.826459757,1746539493,775143133,piren,-0.20853196247458067,-0.0020441361547451076,-0.011901550859626155,0.000551496090014232,0.00030275389257606455,0.0033537533557537608
2025/05/06 15:51:34.692909131,1746539494,656065701,piren,-0.21400486655256823,-0.02462490128136739,-0.02283837513856625,-3.5076357646373645e-05,0.0017464049694446346,0.0030939551244866825
2025/05/06 15:51:35.684744400,1746539495,669834170,piren,-0.2236400241898991,-0.005919500167464838,-0.013714039097017974,-0.0008449242074135842,0.0014431468821972631,0.0020773724996827015
2025/05/06 15:51:36.670921624,1746539496,661959941,piren,-0.22933201515543256,0.09327889387964243,0.026994516108342873,0.0018006342868350119,-0.0015814485910936166,0.0013939288466401553
2025/05/06 15:51:37.586920481,1746539497,578730156,piren,-0.2417458972915028,0.15314008548552957,0.05223290657951245,0.000423951345491682,-0.0004749648313604189,0.000629594529752334
2025/05/06 15:51:38.491575119,1746539498,484351991,piren,-0.26933471835745876,-0.028828328400231445,-0.01294600812977316,-0.0013393262136342959,0.0007418427331903143,-0.0005963145127289694
2025/05/06 15:51:39.505295397,1746539499,492049567,piren,-0.28769731100042006,-0.21415327728582229,-0.0900468081820796,-9.899241303618401e-05,-0.0014194212344977556,-0.0019392223435518538
2025/05/06 15:51:40.524228497,1746539500,514014364,piren,-0.2751530557868136,-0.04000443506424706,-0.02214410533135998,0.0005183733823109138,-0.0024358474842842855,-0.0036552746309670195
2025/05/06 15:51:41.424081879,1746539501,381097366,piren,-0.27126106175583115,0.1261418697830781,0.040456143569423855,0.00035555162957030714,0.0026069994080532856,-0.00443422867983898
2025/05/06 15:51:42.410712972,1746539502,392176716,piren,-0.26267488096450503,0.24526677638068614,0.0855887696898415,0.0004508862459563105,0.002180725886672898,-0.00353708516618964
2025/05/06 15:51:43.480630529,1746539503,471318797,piren,-0.27639426028044906,0.03849670141485187,0.006999547766109643,0.0014470734061611554,0.0007446925477335555,-0.002174502906451981
2025/05/06 15:51:44.459901260,1746539504,407501886,piren,-0.2651490675320019,-0.024072170746648747,-0.013272067198222229,-0.0004512221407895809,-0.0023279486080746213,-0.000989612445178584
2025/05/06 15:51:45.393093654,1746539505,383084674,piren,-0.24008530072037498,-0.0337532708490922,-0.01367026759462733,0.0008426212578061664,-0.0014945847034436661,-0.0009285686655584312
2025/05/06 15:51:46.345557214,1746539506,303216659,piren,-0.24284902303934355,-0.22767121930332868,-0.09834243723125576,-0.0018350364874668921,0.0026354400195583508,-0.000987482293986212
2025/05/06 15:51:47.231830486,1746539507,219533418,piren,-0.23731836964088868,-0.14725016072488833,-0.06945022811542097,-0.00040091437446617345,0.002459698786738106,-0.001000971029185067
2025/05/06 15:51:48.125750632,1746539508,106957303,piren,-0.22048061469663477,0.11909542666439882,0.04118397924666309,-0.00012142244744820176,-0.00404947392617056,-0.0011790341273808357
2025/05/06 15:51:48.987037739,1746539508,982624359,piren,-0.2136048554062654,0.22775500610900995,0.08685716731143434,0.00017394483593415473,0.0012882401839189384,-0.0024087778031483213
2025/05/06 15:51:50.9084431,1746539509,999051929,piren,-0.2201391407406845,0.10593139407897104,0.03823933532211766,0.0012020420153705162,0.004443992405743951,-0.003433072920017251
2025/05/06 15:51:50.975121603,1746539510,965744085,piren,-0.22731287320552834,-0.04378419407903458,-0.02334457727173872,0.0007650147718185867,0.0026452735824379382,-0.004851392182582657
2025/05/06 15:51:51.987055170,1746539511,976021603,piren,-0.22889879750891848,-0.08347703740246254,-0.043937921816130175,7.421989135087245e-05,-0.001919218799894279,-0.0056082868252090605
2025/05/06 15:51:52.951863560,1746539512,943130587,piren,-0.2139198656202552,-0.01716787749251092,-0.024220921721627653,0.0016860268132846714,-0.0018702985679834873,-0.005975011365093059
2025/05/06 15:51:53.859976785,1746539513,852767009,piren,-0.1980487529693164,0.19164873611935068,0.05186802931653188,-0.0009610822814024264,0.0027276958204804206,-0.006582974016627414
2025/05/06 15:51:54.767541035,1746539514,759014350,piren,-0.2274453017894757,0.04940610085745936,-0.006615320044018574,-0.0012585927102851556,0.0005879030593157751,-0.007388972743836538
2025/05/06 15:51:55.736518801,1746539515,694384943,piren,-0.23386323388499475,-0.04055245701988462,-0.04012749751478517,0.0005221794697460337,-0.0036517392150826116,-0.00875335372712799
2025/05/06 15:51:56.651449133,1746539516,605083758,piren,-0.22556634340248818,-0.0637771454748414,-0.05178433386831629,-0.0016305441626971353,0.0009208496851464314,-0.010513169574985468
2025/05/06 15:51:57.491308178,1746539517,482379414,piren,-0.18362847365183368,0.12435281587959285,0.028288713284961402,0.0005280324386378679,0.0048233302848095655,-0.011699311055431951
2025/05/06 15:51:58.392728344,1746539518,383206892,piren,-0.18453610934529932,0.11375142319384426,0.016952732364591355,0.0002141445403924316,-0.0008353630060436077,-0.011963419755179502
2025/05/06 15:51:59.360705588,1746539519,311485297,piren,-0.16972283364252688,0.18073274011530915,0.047777932438264996,-0.0014679504573929902,-0.0006988195950801141,-0.01229832110876184
2025/05/06 15:52:00.279852685,1746539520,266866239,piren,-0.170570517565784,0.09758207873678688,0.02102177374853453,0.0010458351366058336,-0.000844244849318256,-0.012646763291101487
2025/05/06 15:52:01.196427794,1746539521,183908932,piren,-0.15532858626279447,0.06431319194948659,0.010339098416497581,0.0007914678804368758,0.00046016955371239,-0.013631353745005423
2025/05/06 15:52:02.101592870,1746539522,90434468,piren,-0.13121007622680736,0.0915941742643557,0.014188027342519536,-0.0008183213469038158,-0.001293511478488804,-0.01482134212864732
2025/05/06 15:52:03.9564177,1746539522,966217602,piren,-0.1322436011352238,0.07214898701245179,-0.0037286731329496912,0.0024476122043174766,0.0013286476711205292,-0.01526846950881433
2025/05/06 15:52:03.911034386,1746539523,872448744,piren,-0.16219935890462692,-0.022594633014113824,-0.04729683508546664,-0.00011782684218766704,0.0022597258105736292,-0.015131802236360797
2025/05/06 15:52:04.933816601,1746539524,875614394,piren,-0.13135778471068987,0.09308484848338626,0.0058025497267619325,0.0016885642677326369,-0.002061818931949961,-0.015656612130330285
2025/05/06 15:52:05.817703443,1746539525,810630757,piren,-0.10482774133397468,0.15520499872809554,0.037595967787584915,0.002577502264358493,-0.0009719010222687532,-0.01686909403907519
2025/05/06 15:52:06.766958543,1746539526,757996740,piren,-0.13451714840753082,0.012472874456262023,-0.021056233929890526,-0.0033860908618772376,0.0017042126372249066,-0.01811079131878471
2025/05/06 15:52:07.652055640,1746539527,644265471,piren,-0.17307509110819408,-0.09614244598856171,-0.07814079310375086,0.0032083535297930646,0.0006323138037117656,-0.017895576505519453
2025/05/06 15:52:08.568276570,1746539528,558915974,piren,-0.08370110235446189,0.15673818633872572,0.024931169198059905,-0.0010071680197733324,-0.00011983058037556637,-0.017253154205335904
2025/05/06 15:52:09.573430183,1746539529,567914795,piren,-0.11859527508654535,0.06696448912930493,-0.019046004342540224,-0.0014282529933416714,-0.0009720209158442968,-0.01760500297806048
2025/05/06 15:52:10.461955775,1746539530,449430516,piren,-0.1359334329834837,0.027056752800217805,-0.03595309479890454,0.0006568479890721739,0.0007493633154955369,-0.018616074316809395
2025/05/06 15:52:11.349143745,1746539531,341357879,piren,-0.06522238295265195,0.16346820424228126,0.03543761289731342,-0.00039257611846436793,0.0014135131301410018,-0.0173213490994892
2025/05/06 15:52:12.400881852,1746539532,361318754,piren,-0.045961506213961896,0.17976222315896875,0.043504666282308466,0.00040997450038153006,-0.00030035821448548235,-0.016960176820772683
2025/05/06 15:52:13.278979405,1746539533,268836165,piren,-0.06264320913301161,0.13141474524541108,0.016205143417983115,-0.00032460761307880173,-8.326837800288873e-05,-0.01774613618676019
2025/05/06 15:52:14.332679085,1746539534,282871377,piren,-0.11959571439329009,-0.007491992009817927,-0.0553055361434565,0.0005334318243615539,-7.843644716389663e-05,-0.017721369129180296
2025/05/06 15:52:15.216741306,1746539535,206757218,piren,-0.035226440957376315,0.16295924896708155,0.023356740377750054,0.0015759381924665982,-0.00039143763576714993,-0.018107815227799664
2025/05/06 15:52:16.106654740,1746539536,95880253,piren,0.0035213738617585547,0.22794067752729485,0.05809217299314623,-0.00023935462611649326,0.0003416069932031983,-0.018343850273923445
2025/05/06 15:52:16.988891794,1746539536,978310410,piren,-0.06466275072771166,0.09499583221031596,0.002282734429837903,-0.0011631245504744928,-9.266004514488749e-05,-0.018462701974131468
2025/05/06 15:52:17.938617046,1746539537,884296900,piren,-0.14081014044031687,-0.05037516867014322,-0.06709043403566733,0.0007952544487600869,-0.0005429595191573323,-0.019174492583633875
2025/05/06 15:52:18.948180054,1746539538,903211825,piren,-0.090320144028783,0.03425270012166971,-0.02929195069869716,-0.001024076684854292,0.00023348011279075543,-0.01978814451098868
2025/05/06 15:52:19.921698251,1746539539,914746878,piren,-0.08631299835451496,0.06078362097009654,-0.028559492962811343,0.00015540095699059493,-0.0003693393009415423,-0.02007813033544903
2025/05/06 15:52:20.890258012,1746539540,881941234,piren,0.056179995547563547,0.29925954600848875,0.08359974231100484,-3.186851440436774e-05,-0.0010894149174187464,-0.02065967636197082
2025/05/06 15:52:21.888008928,1746539541,878671707,piren,0.009375791484853867,0.2159134007798459,0.05073856626195347,-0.0006860253777789295,-0.0006848009733448003,-0.018774615666573777
2025/05/06 15:52:22.834780304,1746539542,816299104,piren,-0.06487319247439696,0.08235891985332294,-0.007118423069159864,0.00022690545033426704,0.0014985966227361305,-0.019145839676668237
2025/05/06 15:52:23.895509440,1746539543,883228319,piren,-0.09919452719036595,-0.002884879462862741,-0.04608081848104273,-0.00034495161217628327,0.0009092951821417284,-0.01921155663760932
2025/05/06 15:52:24.881582028,1746539544,873018654,piren,-0.06846468091339372,0.05104059550990335,-0.026250883908988488,0.0007350350816392113,-0.0004413093483295053,-0.01988020927153303
2025/05/06 15:52:25.824349040,1746539545,817996773,piren,-0.03293070912341134,0.11552038310601367,-0.0013384035026254883,0.0001295098306326121,-0.0009384364504559084,-0.01982215399477327
2025/05/06 15:52:26.741997457,1746539546,730067919,piren,-0.0008639880154987442,0.15909479212978134,0.01692633009830022,-0.00016820029732661585,0.00027618625868008423,-0.020321194360513824
2025/05/06 15:52:27.768751161,1746539547,761499841,piren,-0.06611331364051692,0.07723704833279066,-0.032516646856527734,0.00038972354946571026,0.0003043218969086312,-0.01808446575055712
2025/05/06 15:52:28.782606548,1746539548,774244630,piren,0.07674824306363917,0.23656902299403576,0.05680004746815516,0.00015129202418556634,0.0011477059615573582,-0.017826198117126584
2025/05/06 15:52:29.697665155,1746539549,687432996,piren,-0.05795332342777326,0.072035689624636,-0.025902817073824275,-0.0005168333940877996,0.0007076887585746023,-0.01852031863698586
2025/05/06 15:52:30.600607278,1746539550,589639628,piren,-0.07321199250122842,0.039034483297018814,-0.030162390616073405,-0.00034057681641903745,-0.0010522809787134146,-0.0177014632058301
2025/05/06 15:52:31.494013642,1746539551,482854661,piren,-0.006222555867725507,0.1080483924177772,0.013951013370680089,0.0009554523545226687,-0.0010960679481152764,-0.01730980276203579
2025/05/06 15:52:32.408925277,1746539552,399315597,piren,0.024945864386290872,0.14007278020835676,0.02793795976267869,1.805058728136352e-06,-0.0007374489855220184,-0.01723208658397505
2025/05/06 15:52:33.461454596,1746539553,448699764,piren,0.10965578452323826,0.2213433541204724,0.06407866952956286,0.00040122610825632786,-9.518999552202171e-05,-0.017245443366382257
2025/05/06 15:52:34.435393665,1746539554,410573750,piren,-0.024624384269782223,0.09531643326263312,-0.011642219665874878,0.0009303127421561321,0.0007532914198704151,-0.017176595395307186
2025/05/06 15:52:35.338974957,1746539555,330083004,piren,-0.009291192094906349,0.09967268052300843,-0.005461455298805521,-0.0005611935113630782,0.0004661384372966441,-0.018680518442912766
2025/05/06 15:52:36.233919643,1746539556,224649947,piren,-0.07447699781778282,0.041384891326242915,-0.035821767947974946,0.0004100752159776676,-0.0009004508265826166,-0.018551244262093192
2025/05/06 15:52:37.125575486,1746539557,116649798,piren,-0.07681933217390904,0.04021881594726456,-0.03692506325609191,-0.00042433682356872687,-0.0005572479874285869,-0.01871636243824317
2025/05/06 15:52:38.59196926,1746539558,53379330,piren,-0.0045273237768469615,0.10220539603105881,-0.003168721969005868,0.0006926304233598723,0.0011449936863690887,-0.021214529939617362
2025/05/06 15:52:39.18144085,1746539559,8573891,piren,0.031164133403035525,0.1492638493475626,0.013414413761763659,0.0006727295903014238,-0.0013863667304302098,-0.019015352255810056
2025/05/06 15:52:39.986669771,1746539559,977886654,piren,0.1278995639805089,0.2290367329116636,0.059003809836460266,0.0013427102859936994,-0.001026029155123489,-0.019693499791122834
2025/05/06 15:52:40.905946943,1746539560,888282778,piren,0.09549060418630687,0.19528304054256312,0.04536717488061096,-0.0011397227522440968,0.0017934055749317013,-0.02013270823074391
2025/05/06 15:52:41.858836983,1746539561,852693127,piren,-0.17055282156898102,-0.01953642365342584,-0.08827683074461798,0.0006462276310839736,-0.0009284808383874674,-0.020093493171546628
2025/05/06 15:52:42.797520567,1746539562,788381867,piren,-0.1236726606849061,0.00294089692888538,-0.06234996156399421,-0.00013961143985969176,-0.000823500635338504,-0.018866099752941085
2025/05/06 15:52:43.793255770,1746539563,783645072,piren,0.03651279869336574,0.114746691719529,0.010419290964598218,0.000809484822855493,-0.0002901843683853843,-0.018930743578268353
2025/05/06 15:52:44.739507630,1746539564,717599929,piren,0.0976736971107584,0.17059895771294595,0.03516537567074611,-0.0009776230021621784,0.001116588545552647,-0.017707292074163456
2025/05/06 15:52:45.679141772,1746539565,671692105,piren,0.014113275566842248,0.10213452037146471,-0.012418680863949906,-0.00010885556108286776,0.00015213259900883358,-0.012620564357147973
2025/05/06 15:52:46.662721049,1746539566,648673657,piren,0.0625514047558681,0.0849943302446265,0.014859359911222933,0.0007740492712795767,-0.00030520242354780867,-0.008527024120176118
2025/05/06 15:52:47.584962295,1746539567,577681891,piren,0.16859563659604643,0.09925536739096988,0.060990880714405296,0.0001905950364330806,-0.0009355984335272227,-0.0065011064751607514
2025/05/06 15:52:48.702200042,1746539568,692164276,piren,0.15984411946783436,0.0710972476432291,0.04240371239495541,-0.0014941397838951422,-0.001780426323873716,-0.005924212093472703
2025/05/06 15:52:49.639352540,1746539569,628854760,piren,-0.08662173453508332,-0.06428131875372835,-0.09034753764753015,-0.0011888042370969151,0.0006431119910794099,-0.005669444648898988
2025/05/06 15:52:50.583598262,1746539570,548530350,piren,-0.00952886224972646,0.0021374537091107676,-0.061784775536635424,-0.0007542832314549378,0.0010845805240883724,-0.006207734895318992
2025/05/06 15:52:51.514670641,1746539571,480852619,piren,0.1400573879701369,0.10778006308260066,0.002445741669420569,-0.0010139854756377512,-0.0005826480937575818,-0.006395856280402929
2025/05/06 15:52:52.497755559,1746539572,445680223,piren,0.241939940608745,0.16850120176491165,0.04388587022342255,-0.0013667543707037576,0.0018165889416599348,-0.007510707969783094
2025/05/06 15:52:53.461704448,1746539573,405397597,piren,0.13281378654405668,0.10015452280472366,-0.014682055957269444,-0.00011787073891932686,0.002211197487959559,-0.008627438435237764
2025/05/06 15:52:54.367801145,1746539574,352874000,piren,0.06895666049545068,0.05730203974067102,-0.04777059833338009,0.0012072032133979846,-0.00041673196228098937,-0.01057783307012332
2025/05/06 15:52:55.298157766,1746539575,290656297,piren,0.2948755991936195,0.1832345619478931,0.06027088789424772,0.00015742273797867085,-0.0011818623634648091,-0.011425199637763048
2025/05/06 15:52:56.204248210,1746539576,177152950,piren,0.2573625289120172,0.17177555402313396,0.043568419664311034,-0.00019706352725965115,0.000733740816033896,-0.013008147185561236
2025/05/06 15:52:57.111675192,1746539577,66528716,piren,0.0886127741411655,0.0909225342923494,-0.04531422981216075,0.0010316026497441267,0.00045238249378329093,-0.013854611752395041
2025/05/06 15:52:58.3992453,1746539577,994293831,piren,0.2573539920134862,0.1760605033054619,0.02345404333741831,0.000511306099630377,-0.001171084130502685,-0.013996247751657552
2025/05/06 15:52:58.898839425,1746539578,892103323,piren,0.2889891835530306,0.19385844054741053,0.03559888481504578,0.0010175645113013345,0.0008186297142208697,-0.015343020386189949
2025/05/06 15:52:59.790580048,1746539579,779581547,piren,0.2935546596550011,0.19381469033373858,0.03386360830117367,-0.0011342795900323966,-0.0003447111082670705,-0.014866110926561177
2025/05/06 15:53:00.764510413,1746539580,716205050,piren,0.04662012161938944,0.07878199285914915,-0.0819094719811654,0.0010358785718340747,-0.0014607000224425564,-0.01383793544271107
2025/05/06 15:53:01.635711305,1746539581,620520781,piren,0.11844882897157728,0.10087572575998846,-0.04968550860947069,0.001066114659053888,6.814338728202179e-05,-0.013082301460205528
2025/05/06 15:53:02.641507646,1746539582,627950543,piren,0.36722209279969314,0.197388954032522,0.05433339909927936,-6.792792154340287e-05,0.001505615899108259,-0.009894678115195678
2025/05/06 15:53:03.582575942,1746539583,564194066,piren,0.38328260685811977,0.20256582923443628,0.05993414986011535,-0.0008867773751147087,0.00018343740303697372,-0.005363520332094704
2025/05/06 15:53:04.541183233,1746539584,521577712,piren,0.19837708784875754,0.11509742766261323,-0.02634122473991262,0.000549018545954474,-0.0020809849890191987,-0.0016159203405773296
2025/05/06 15:53:05.484151688,1746539585,472200547,piren,0.12553470439747794,0.06612819010110824,-0.06044168542510725,0.0003091585188785449,0.0006681307129149797,0.0020760335554640217
2025/05/06 15:53:06.376857247,1746539586,371913514,piren,0.3306354138968799,0.13401998039084928,0.029755728619491745,-0.0013584163305123858,0.001199172879966501,0.004965200781408985
2025/05/06 15:53:07.394872539,1746539587,384871352,piren,0.3317729431537372,0.12464081282287251,0.03398954828483248,-0.0006060403698332639,-0.00018403773997227875,0.006273990896152117
2025/05/06 15:53:08.373882827,1746539588,364340704,piren,0.2525035208852386,0.09059941079335684,-0.004118128827978962,2.7966048676321183e-05,-0.0006495598354730696,0.006890316018765969
2025/05/06 15:53:09.332695480,1746539589,322703618,piren,0.2181107225258528,0.08262707671951856,-0.026708447221289542,-0.0010399814823690468,0.0009030054970211081,0.006264891368799019
2025/05/06 15:53:10.275465546,1746539590,266384092,piren,0.14250058905631696,0.056220392634259306,-0.06960030510961615,0.0005115456576344545,0.001995430281136179,0.005094467711702071
2025/05/06 15:53:11.216478987,1746539591,198275034,piren,0.2770037541848523,0.12817395892730044,-0.002672241253262292,-0.0005858274158786945,-0.0023327531034238384,0.0036333177043898802
2025/05/06 15:53:12.187635957,1746539592,180046163,piren,0.3779330683465104,0.1790840348030545,0.050765914314845305,0.00038067968923416207,-0.0015970934646981818,0.0013628092512156403
2025/05/06 15:53:13.118581789,1746539593,98279956,piren,0.39156218442549284,0.18498128456044494,0.06122299303669273,-0.00033527582239292785,0.0013230999483626299,-0.0010049527483946667
2025/05/06 15:53:14.68462054,1746539594,60978948,piren,0.2618541950691451,0.12838755979942132,0.0038965201227126323,0.0007838472457192808,0.0010202840577016722,-0.0032020755687270134
2025/05/06 15:53:15.55511864,1746539595,48199456,piren,0.15067625555652736,0.0846198571708558,-0.04792357998799609,0.0021757868176334448,-0.0022915355959530394,-0.003609459276822288
2025/05/06 15:53:15.938971441,1746539595,931932807,piren,0.2632682839027893,0.13556410565543073,-0.002043801828475224,0.0026002372356115342,-0.0006324770065687653,-0.002979939905885246
2025/05/06 15:53:16.936004522,1746539596,925238203,piren,0.33448116241465864,0.15980322933223787,0.028926740211710607,-0.000583123156732298,1.55943323916682e-05,-0.0019897000246945616
2025/05/06 15:53:17.870010232,1746539597,855318689,piren,0.35449276475578695,0.1638675899177545,0.04111528457877057,-0.0005898958445625012,0.00047957846342431073,-0.0011333041144081309
2025/05/06 15:53:18.869850709,1746539598,819173512,piren,0.27895178820631367,0.12578749400740916,0.01609435126859161,-0.0008495278101225886,0.00034567763464045956,-0.0006300279333999173
2025/05/06 15:53:19.745076108,1746539599,729872050,piren,-0.012886330607307206,-0.004042750773760151,-0.1072538651547289,-0.00048788943588490367,-0.0005393526566150874,0.00023769534807933107
2025/05/06 15:53:20.653685840,1746539600,644305392,piren,0.07680118448056415,0.033934544335398,-0.0603222374909388,0.0003494946132545986,0.0008781634694676345,0.0005459221738216058
2025/05/06 15:53:21.641564107,1746539601,632541439,piren,0.24629732909970692,0.10761212808802183,0.015155542600575132,4.3760682993854304e-05,0.00173347236749259,0.0007232501188222945
2025/05/06 15:53:22.594463117,1746539602,586150757,piren,0.34088411059542517,0.14975404512588308,0.05436532134686601,-0.0005400237524031433,-0.00022127169724828354,0.0012712142701483964
2025/05/06 15:53:23.632701815,1746539603,619013534,piren,0.30223608748665354,0.13309051456008117,0.034334466361379656,-0.0001478687868479523,-0.0003856749257533126,0.0011959358546834384
2025/05/06 15:53:24.586012814,1746539604,574008326,piren,0.2125000481553343,0.09303504955264569,-0.004645961907382763,0.00029910991139809386,0.0011119981733772087,0.0014273589590316973
2025/05/06 15:53:25.533816731,1746539605,516099980,piren,0.14553072675776094,0.06587735627708778,-0.027240283410216497,-0.0005008919592859854,0.001765146615128269,0.0007847286473596132
2025/05/06 15:53:26.484326501,1746539606,474809547,piren,0.14127995929775353,0.06559741220589811,-0.021088729233266282,0.00035161175325801666,-0.0010540232142055214,0.0006771152536831223
2025/05/06 15:53:27.534159579,1746539607,464471294,piren,0.17162423205522828,0.07764610718936663,-0.00014439167737150677,0.00022971714657123288,0.0003560288167084751,-0.0003017370721556335
2025/05/06 15:53:28.410797108,1746539608,403920998,piren,0.19350033392647675,0.08456816710386217,0.0133224844901006,-0.00053512956977904,0.0016198770549130572,-0.0013802843593168346
2025/05/06 15:53:29.330341651,1746539609,315327178,piren,0.18807802181841,0.08671576126098468,0.011713159428576753,0.0003811057574970975,-0.0011488064937808578,-0.0003726166713203443
2025/05/06 15:53:30.304353633,1746539610,296294954,piren,0.16493252223795027,0.07767492185180369,0.0016839954639907354,-6.967675692275612e-05,-0.0019147035696434186,-0.0002021171337055927
2025/05/06 15:53:31.264457267,1746539611,255556430,piren,0.14152229463638835,0.06463422852070859,-0.005937263839327248,-0.00019545217471440368,0.0008603585845914041,-0.0010447822023122095
2025/05/06 15:53:32.271375350,1746539612,261996585,piren,0.11717256477641061,0.05365501647615953,-0.005879782650409586,0.0003778912802649016,0.0016338815328649852,-0.001275573207019578
2025/05/06 15:53:33.176852176,1746539613,168299611,piren,0.09873600992050345,0.046831841270068494,-0.0015840902596350667,-0.00010307371405153766,-0.0007474156593132606,-0.0018632559512660489
2025/05/06 15:53:34.113655539,1746539614,105344154,piren,0.09000560120684899,0.044167375155848516,0.0022457865169654046,-0.00016897526220044262,-0.001397142829209939,-0.0017709984523354148
2025/05/06 15:53:35.93468695,1746539615,84829627,piren,0.08370277560511571,0.03899666236493455,0.0029396016474224585,0.00034842032141769097,0.0017899129446293965,-0.001697122279610836
2025/05/06 15:53:36.52050928,1746539616,6840257,piren,0.07919132604220071,0.032390072365069744,0.0012308275679470972,-0.00013595652481475663,0.00047927140761507215,-0.0012686023544298075
2025/05/06 15:53:37.26105126,1746539616,994792830,piren,0.06703296990608582,0.02731315706341799,-0.0009543742951271289,-0.0002704947979969026,-0.0004507200686761419,-0.0010549554762741913
2025/05/06 15:53:37.933652361,1746539617,900753426,piren,0.0523711489392554,0.021550699968929863,-0.0015416077448494197,0.00023053589520785332,0.0009757417576169754,-0.0008641908785607107
2025/05/06 15:53:38.925414515,1746539618,868635896,piren,0.03375964201090942,0.012866998463914812,-0.0006998227282226471,5.9464122866060206e-05,-0.00010589456418458627,-0.0008909644588343433
2025/05/06 15:53:39.957549013,1746539619,926589067,piren,0.026802031559236682,0.006148240730090281,0.000471026057092923,-0.00012489219741028182,-0.0009457165348234638,-0.0009567481564909705
2025/05/06 15:53:40.857121717,1746539620,849754060,piren,0.031482329737446024,0.007753609399606164,0.001043442998609985,0.0001391944275874482,0.0005961314825505928,-0.0002729317369965097
2025/05/06 15:53:41.832021919,1746539621,814567951,piren,0.036505601397766485,0.01146082939631039,0.00048536387987831587,-4.987762400004665e-05,0.0013016017322282764,0.00023196468321095692
2025/05/06 15:53:42.713601841,1746539622,704746315,piren,0.033449745515463335,0.01226740790116334,-0.00025593755124567034,-0.0001032501886680709,-0.0008096678254762994,0.0007542615807036647
2025/05/06 15:53:43.647374150,1746539623,616197584,piren,0.024968414122304283,0.007081666664180618,-0.0005357481994624088,0.0001185705221408729,-0.0014517151318880908,0.00056550927567979
2025/05/06 15:53:44.544829910,1746539624,518262471,piren,0.016210400115460332,0.0009419286798677314,-0.0002597906984020334,-0.00013627668107964565,0.0005621454926080887,0.00043973388811526496
2025/05/06 15:53:45.514105379,1746539625,481071481,piren,0.009935175024247699,-0.0022382243932949964,9.269458635132317e-05,3.314238192476595e-05,0.0008402738143320553,7.326494295270563e-05
2025/05/06 15:53:46.541435523,1746539626,493100801,piren,0.00901174863929559,-0.00023423443967633987,0.0001686997761351797,0.00013377170422780728,-0.00013229538033172615,0.0003749720215863645
2025/05/06 15:53:47.475445556,1746539627,459861068,piren,0.012402605150964561,0.0025466773799055482,0.0002476100994810174,-9.231052677872184e-05,-0.0006314665518438027,0.0009210275761185439
2025/05/06 15:53:48.397203433,1746539628,390044589,piren,0.013638860051332856,0.0019431424154847882,-4.5653152249007446e-05,-1.4481353476421321e-05,0.00013396437172594243,0.0008353161177538892
2025/05/06 15:53:49.370123829,1746539629,346650627,piren,0.011549397720182285,-0.0008838209358143392,-0.0001712299695311877,5.313206322629995e-05,0.00030197168638321876,0.000725787497129836
2025/05/06 15:53:50.340566163,1746539630,302912993,piren,0.007884350999984278,-0.0024902009653030577,-0.00012548475698131298,-4.826194161055146e-05,-0.00022385299122813107,0.0005912402740271532
2025/05/06 15:53:51.379319828,1746539631,323421778,piren,0.005775423788236409,-0.0018189262823395725,8.467872906956089e-05,9.619685358372265e-05,8.260619236198681e-05,0.0007391168196763766
2025/05/06 15:53:52.236614412,1746539632,229126850,piren,0.004747510960578481,-0.0011076050458084241,9.388163682630548e-05,-0.0001112532214506552,0.00022523104695933396,0.0007099265735480706
2025/05/06 15:53:53.203952194,1746539633,193428819,piren,0.005185799776245446,0.0002669016994334638,5.0015231394846895e-05,1.8529455574160653e-05,-0.0006792422700114377,0.0007853205652482931
2025/05/06 15:53:54.141195742,1746539634,129976918,piren,0.005985004076410448,0.0006186821200119706,5.2554639770870184e-05,9.516373658316715e-05,-0.0001015435982369846,0.0007600655269832821
2025/05/06 15:53:55.174253484,1746539635,166243477,piren,0.004929969914837826,-0.0011382964027231823,-0.0001058168161369984,-7.357001171131202e-05,-3.654010677941358e-05,0.00026855457244626325
2025/05/06 15:53:56.158938989,1746539636,151708770,piren,0.00335928166964554,-0.002078735481609084,-8.625617789077962e-05,1.4402474948541124e-05,0.000384536672892893,6.53345874943422e-05
2025/05/06 15:53:57.116668539,1746539637,75829090,piren,0.0017403310682312138,-0.0014166679730803766,-6.47993058793524e-05,7.063896962146341e-05,0.00026358085129569964,9.763061676026414e-06
2025/05/06 15:53:57.998753546,1746539637,990589739,piren,0.0014168785088259455,-7.481891234395487e-05,4.984646840442012e-05,-7.192693749699701e-05,-0.000546791568947703,-0.00011511549608806581
2025/05/06 15:53:58.988892153,1746539638,978633520,piren,0.0024742025645082748,0.00059764012903567,0.00010297261362468149,1.209453929354488e-05,-0.0007313771392920627,-0.0001792188868164607
2025/05/06 15:53:59.981575617,1746539639,975885025,piren,0.00324791329244367,0.0004967631105503354,5.7450850197478345e-05,0.00010969428828194416,0.0002998562478958483,-0.00025303001080306695
