time,header_stamp_secs,header_stamp_nsecs,header_frame_id,axes_0,axes_1,axes_2,axes_3,axes_4,axes_5,axes_6,axes_7,buttons_0,buttons_1,buttons_2,buttons_3,buttons_4,buttons_5,buttons_6,buttons_7,buttons_8,buttons_9,buttons_10,buttons_11
2025/05/14 14:46:31.687929195,1747226791,687764417,joy,-0.0,-0.0,1.0,-0.0,-0.0,1.0,0.0,0.0,0,0,0,0,0,0,0,0,0,0,0,0
2025/05/14 14:46:31.787859741,1747226791,787734566,joy,-0.0,-0.0,1.0,-0.0,-0.0,1.0,0.0,0.0,0,0,0,0,0,0,0,0,0,0,0,0
2025/05/14 14:46:31.887651367,1747226791,887497467,joy,-0.0,-0.0,1.0,-0.0,-0.0,1.0,0.0,0.0,0,0,0,0,0,0,0,0,0,0,0,0
2025/05/14 14:46:31.987810725,1747226791,987116446,joy,-0.0,-0.0,1.0,-0.0,-0.0,1.0,0.0,0.0,0,0,0,0,0,0,0,0,0,0,0,0
2025/05/14 14:46:32.88473599,1747226792,88345857,joy,-0.0,-0.0,1.0,-0.0,-0.0,1.0,0.0,0.0,0,0,0,0,0,0,0,0,0,0,0,0
2025/05/14 14:46:32.140554142,1747226792,138935976,joy,-0.0,-0.0,1.0,-0.0,-0.0,1.0,0.0,0.0,0,0,0,0,0,0,0,0,0,0,0,0
2025/05/14 14:46:32.242835570,1747226792,238991300,joy,-0.0,-0.0,1.0,-0.0,-0.0,1.0,0.0,0.0,0,0,0,0,0,0,0,0,0,0,0,0
2025/05/14 14:46:32.339227788,1747226792,339081826,joy,-0.0,-0.0,1.0,-0.0,-0.0,1.0,0.0,0.0,0,0,0,0,0,0,0,0,0,0,0,0
2025/05/14 14:46:32.459513063,1747226792,439298525,joy,-0.0,-0.0,1.0,-0.0,-0.0,1.0,0.0,0.0,0,0,0,0,0,0,0,0,0,0,0,0
2025/05/14 14:46:32.490344947,1747226792,490189876,joy,-0.0,-0.0,1.0,-0.0,-0.0,1.0,0.0,0.0,0,0,0,0,0,0,0,0,0,0,0,0
2025/05/14 14:46:32.592182913,1747226792,590453736,joy,-0.0,-0.0,1.0,-0.0,-0.0,1.0,0.0,0.0,0,0,0,0,0,0,0,0,0,0,0,0
2025/05/14 14:46:32.641434362,1747226792,641081946,joy,-0.0,-0.0,1.0,-0.0,-0.0,1.0,0.0,0.0,0,0,0,0,0,0,0,0,0,0,0,0
2025/05/14 14:46:32.691747680,1747226792,691310542,joy,-0.0,-0.0,1.0,-0.0,-0.0,1.0,0.0,0.0,0,0,0,0,0,0,0,0,0,0,0,0
2025/05/14 14:46:32.742866162,1747226792,742269903,joy,-0.0,-0.0,1.0,-0.0,-0.0,1.0,0.0,0.0,0,0,0,0,0,0,0,0,0,0,0,0
2025/05/14 14:46:32.792826862,1747226792,792494919,joy,-0.0,-0.0,1.0,-0.0,-0.0,1.0,0.0,0.0,0,0,0,0,0,0,0,0,0,0,0,0
2025/05/14 14:46:32.844304485,1747226792,843336995,joy,-0.0,-0.0,1.0,-0.0,-0.0,1.0,0.0,0.0,0,0,0,0,0,0,0,0,0,0,0,0
2025/05/14 14:46:32.893986062,1747226792,893864551,joy,-0.0,-0.0,1.0,-0.0,-0.0,1.0,0.0,0.0,0,0,0,0,0,0,0,0,0,0,0,0
2025/05/14 14:46:32.993246204,1747226792,992743371,joy,-0.0,-0.0,1.0,-0.0,-0.0,1.0,0.0,0.0,0,0,0,0,0,0,0,0,0,0,0,0
2025/05/14 14:46:33.94519514,1747226793,93608874,joy,-0.0,-0.0,1.0,-0.0,-0.0,1.0,0.0,0.0,0,0,0,0,0,0,0,0,0,0,0,0
2025/05/14 14:46:33.144177134,1747226793,144025419,joy,-0.0,-0.0,1.0,-0.0,-0.0,1.0,0.0,0.0,0,0,0,0,0,0,0,0,0,0,0,0
2025/05/14 14:46:33.244657021,1747226793,243754783,joy,-0.0,-0.0,1.0,-0.0,-0.0,1.0,0.0,0.0,0,0,0,0,0,0,0,0,0,0,0,0
2025/05/14 14:46:33.343724004,1747226793,343545835,joy,-0.0,-0.0,1.0,-0.0,-0.0,1.0,0.0,0.0,0,0,0,0,0,0,0,0,0,0,0,0
2025/05/14 14:46:33.394097608,1747226793,393843931,joy,-0.0,-0.0,1.0,-0.0,-0.0,1.0,0.0,0.0,0,0,0,0,0,0,0,0,0,0,0,0
2025/05/14 14:46:33.494371958,1747226793,493555067,joy,-0.0,-0.0,1.0,-0.0,-0.0,1.0,0.0,0.0,0,0,0,0,0,0,0,0,0,0,0,0
2025/05/14 14:46:33.548272668,1747226793,544015497,joy,-0.0,-0.0,1.0,-0.0,-0.0,1.0,0.0,0.0,0,0,0,0,0,0,0,0,0,0,0,0
2025/05/14 14:46:33.595780747,1747226793,594195993,joy,-0.0,-0.0,1.0,-0.0,-0.0,1.0,0.0,0.0,0,0,0,0,0,0,0,0,0,0,0,0
2025/05/14 14:46:33.698078542,1747226793,694205620,joy,-0.0,-0.0,1.0,-0.0,-0.0,1.0,0.0,0.0,0,0,0,0,0,0,0,0,0,0,0,0
2025/05/14 14:46:33.745907000,1747226793,744223076,joy,-0.0,-0.0,1.0,-0.0,-0.0,1.0,0.0,0.0,0,0,0,0,0,0,0,0,0,0,0,0
2025/05/14 14:46:33.794516755,1747226793,794333209,joy,-0.0,-0.0,1.0,-0.0,-0.0,1.0,0.0,0.0,0,0,0,0,0,0,0,0,0,0,0,0
2025/05/14 14:46:33.844793119,1747226793,844520920,joy,-0.0,-0.0,1.0,-0.0,-0.0,1.0,0.0,0.0,0,0,0,0,0,0,0,0,0,0,0,0
2025/05/14 14:46:33.895646498,1747226793,895207874,joy,-0.0,-0.0,1.0,-0.0,-0.0,1.0,0.0,0.0,0,0,0,0,0,0,0,0,0,0,0,0
2025/05/14 14:46:33.995442172,1747226793,995181232,joy,-0.0,-0.0,1.0,-0.0,-0.0,1.0,0.0,0.0,0,0,0,0,0,0,0,0,0,0,0,0
2025/05/14 14:46:34.96547801,1747226794,95872875,joy,-0.0,-0.0,1.0,-0.0,-0.0,1.0,0.0,0.0,0,0,0,0,0,0,0,0,0,0,0,0
2025/05/14 14:46:34.196572522,1747226794,196276947,joy,-0.0,-0.0,1.0,-0.0,-0.0,1.0,0.0,0.0,0,0,0,0,0,0,0,0,0,0,0,0
2025/05/14 14:46:34.247043569,1747226794,246899958,joy,-0.0,-0.0,1.0,-0.0,-0.0,1.0,0.0,0.0,0,0,0,0,0,0,0,0,0,0,0,0
2025/05/14 14:46:34.297124522,1747226794,296922617,joy,-0.0,-0.0,1.0,-0.0,-0.0,1.0,0.0,0.0,0,0,0,0,0,0,0,0,0,0,0,0
2025/05/14 14:46:34.397151139,1747226794,396961412,joy,-0.0,-0.0,1.0,-0.0,-0.0,1.0,0.0,0.0,0,0,0,0,0,0,0,0,0,0,0,0
2025/05/14 14:46:34.447352273,1747226794,447205085,joy,-0.0,-0.0,1.0,-0.0,-0.0,1.0,0.0,0.0,0,0,0,0,0,0,0,0,0,0,0,0
2025/05/14 14:46:34.498565229,1747226794,498140278,joy,-0.0,-0.0,1.0,-0.0,-0.0,1.0,0.0,0.0,0,0,0,0,0,0,0,0,0,0,0,0
2025/05/14 14:46:34.549532509,1747226794,549220957,joy,-0.0,-0.0,1.0,-0.0,-0.0,1.0,0.0,0.0,0,0,0,0,0,0,0,0,0,0,0,0
2025/05/14 14:46:34.599763896,1747226794,599558853,joy,-0.0,-0.0,1.0,-0.0,-0.0,1.0,0.0,0.0,0,0,0,0,0,0,0,0,0,0,0,0
2025/05/14 14:46:34.650195566,1747226794,649950076,joy,-0.0,-0.0,1.0,-0.0,-0.0,1.0,0.0,0.0,0,0,0,0,0,0,0,0,0,0,0,0
2025/05/14 14:46:34.750853191,1747226794,750091594,joy,-0.0,-0.0,1.0,-0.0,-0.0,1.0,0.0,0.0,0,0,0,0,0,0,0,0,0,0,0,0
2025/05/14 14:46:34.800710256,1747226794,800544684,joy,-0.0,-0.0,1.0,-0.0,-0.0,1.0,0.0,0.0,0,0,0,0,0,0,0,0,0,0,0,0
2025/05/14 14:46:34.851565301,1747226794,851322926,joy,-0.0,-0.0,1.0,-0.0,-0.0,1.0,0.0,0.0,0,0,0,0,0,0,0,0,0,0,0,0
2025/05/14 14:46:34.950941483,1747226794,950667663,joy,-0.0,-0.0,1.0,-0.0,-0.0,1.0,0.0,0.0,0,0,0,0,0,0,0,0,0,0,0,0
2025/05/14 14:46:35.51529736,1747226795,51223797,joy,-0.0,-0.0,1.0,-0.0,-0.0,1.0,0.0,0.0,0,0,0,0,0,0,0,0,0,0,0,0
2025/05/14 14:46:35.102941985,1747226795,102222877,joy,-0.0,-0.0,1.0,-0.0,-0.0,1.0,0.0,0.0,0,0,0,0,0,0,0,0,0,0,0,0
2025/05/14 14:46:35.202908699,1747226795,202365075,joy,-0.0,-0.0,1.0,-0.0,-0.0,1.0,0.0,0.0,0,0,0,0,0,0,0,0,0,0,0,0
2025/05/14 14:46:35.253074694,1747226795,252949470,joy,-0.0,-0.0,1.0,-0.0,-0.0,1.0,0.0,0.0,0,0,0,0,0,0,0,0,0,0,0,0
2025/05/14 14:46:35.352522308,1747226795,352328993,joy,-0.0,-0.0,1.0,-0.0,-0.0,1.0,0.0,0.0,0,0,0,0,0,0,0,0,0,0,0,0
2025/05/14 14:46:35.402737984,1747226795,402539824,joy,-0.0,-0.0,1.0,-0.0,-0.0,1.0,0.0,0.0,0,0,0,0,0,0,0,0,0,0,0,0
2025/05/14 14:46:35.453375995,1747226795,453260564,joy,-0.0,-0.0,1.0,-0.0,-0.0,1.0,0.0,0.0,0,0,0,0,0,0,0,0,0,0,0,0
2025/05/14 14:46:35.503637419,1747226795,503425343,joy,-0.0,-0.0,1.0,-0.0,-0.0,1.0,0.0,0.0,0,0,0,0,0,0,0,0,0,0,0,0
2025/05/14 14:46:35.604376916,1747226795,603740647,joy,-0.0,-0.0,1.0,-0.0,-0.0,1.0,0.0,0.0,0,0,0,0,0,0,0,0,0,0,0,0
2025/05/14 14:46:35.703601060,1747226795,703359499,joy,-0.0,-0.0,1.0,-0.0,-0.0,1.0,0.0,0.0,0,0,0,0,0,0,0,0,0,0,0,0
2025/05/14 14:46:35.754255707,1747226795,754139806,joy,-0.0,-0.0,1.0,-0.0,-0.0,1.0,0.0,0.0,0,0,0,0,0,0,0,0,0,0,0,0
2025/05/14 14:46:35.804396293,1747226795,804235851,joy,-0.0,-0.0,1.0,-0.0,-0.0,1.0,0.0,0.0,0,0,0,0,0,0,0,0,0,0,0,0
2025/05/14 14:46:35.903308372,1747226795,903145575,joy,-0.0,-0.0,1.0,-0.0,-0.0,1.0,0.0,0.0,0,0,0,0,0,0,0,0,0,0,0,0
2025/05/14 14:46:36.3211093,1747226796,3040135,joy,-0.0,-0.0,1.0,-0.0,-0.0,1.0,0.0,0.0,0,0,0,0,0,0,0,0,0,0,0,0
2025/05/14 14:46:36.54876346,1747226796,54540253,joy,-0.0,-0.0,1.0,-0.0,-0.0,1.0,0.0,0.0,0,0,0,0,0,0,0,0,0,0,0,0
2025/05/14 14:46:36.106216852,1747226796,105931540,joy,-0.0,-0.0,1.0,-0.0,-0.0,1.0,0.0,0.0,0,0,0,0,0,0,0,0,0,0,0,0
2025/05/14 14:46:36.156385705,1747226796,155972411,joy,-0.0,-0.0,1.0,-0.0,-0.0,1.0,0.0,0.0,0,0,0,0,0,0,0,0,0,0,0,0
2025/05/14 14:46:36.256010825,1747226796,255874847,joy,-0.0,-0.0,1.0,-0.0,-0.0,1.0,0.0,0.0,0,0,0,0,0,0,0,0,0,0,0,0
2025/05/14 14:46:36.307346733,1747226796,306072091,joy,-0.0,-0.0,1.0,-0.0,-0.0,1.0,0.0,0.0,0,0,0,0,0,0,0,0,0,0,0,0
2025/05/14 14:46:36.357181499,1747226796,356432774,joy,-0.0,-0.0,1.0,-0.0,-0.0,1.0,0.0,0.0,0,0,0,0,0,0,0,0,0,0,0,0
2025/05/14 14:46:36.407747281,1747226796,407276339,joy,-0.0,-0.0,1.0,-0.0,-0.0,1.0,0.0,0.0,0,0,0,0,0,0,0,0,0,0,0,0
2025/05/14 14:46:36.457922896,1747226796,457517538,joy,-0.0,-0.0,1.0,-0.0,-0.0,1.0,0.0,0.0,0,0,0,0,0,0,0,0,0,0,0,0
2025/05/14 14:46:36.508230508,1747226796,507589647,joy,-0.0,-0.0,1.0,-0.0,-0.0,1.0,0.0,0.0,0,0,0,0,0,0,0,0,0,0,0,0
2025/05/14 14:46:36.607549457,1747226796,607379587,joy,-0.0,-0.0,1.0,-0.0,-0.0,1.0,0.0,0.0,0,0,0,0,0,0,0,0,0,0,0,0
2025/05/14 14:46:36.662415399,1747226796,658235670,joy,-0.0,-0.0,1.0,-0.0,-0.0,1.0,0.0,0.0,0,0,0,0,0,0,0,0,0,0,0,0
2025/05/14 14:46:36.709157132,1747226796,708309270,joy,-0.0,-0.0,1.0,-0.0,-0.0,1.0,0.0,0.0,0,0,0,0,0,0,0,0,0,0,0,0
2025/05/14 14:46:36.759204858,1747226796,758741263,joy,-0.0,-0.0,1.0,-0.0,-0.0,1.0,0.0,0.0,0,0,0,0,0,0,0,0,0,0,0,0
2025/05/14 14:46:36.858935953,1747226796,858770190,joy,-0.0,-0.0,1.0,-0.0,-0.0,1.0,0.0,0.0,0,0,0,0,0,0,0,0,0,0,0,0
2025/05/14 14:46:36.958887545,1747226796,958591180,joy,-0.0,-0.0,1.0,-0.0,-0.0,1.0,0.0,0.0,0,0,0,0,0,0,0,0,0,0,0,0
2025/05/14 14:46:37.9575040,1747226797,9309885,joy,-0.0,-0.0,1.0,-0.0,-0.0,1.0,0.0,0.0,0,0,0,0,0,0,0,0,0,0,0,0
2025/05/14 14:46:37.60997393,1747226797,60466872,joy,-0.0,-0.0,1.0,-0.0,-0.0,1.0,0.0,0.0,0,0,0,0,0,0,0,0,0,0,0,0
2025/05/14 14:46:37.111450385,1747226797,111317805,joy,-0.0,-0.0,1.0,-0.0,-0.0,1.0,0.0,0.0,0,0,0,0,0,0,0,0,0,0,0,0
2025/05/14 14:46:37.162491483,1747226797,162097878,joy,-0.0,-0.0,1.0,-0.0,-0.0,1.0,0.0,0.0,0,0,0,0,0,0,0,0,0,0,0,0
2025/05/14 14:46:37.262033613,1747226797,261770198,joy,-0.0,-0.0,1.0,-0.0,-0.0,1.0,0.0,0.0,0,0,0,0,0,0,0,0,0,0,0,0
2025/05/14 14:46:37.365016128,1747226797,364537301,joy,-0.0,-0.0,1.0,-0.0,-0.0,1.0,0.0,0.0,0,0,0,0,0,0,0,0,0,0,0,0
2025/05/14 14:46:37.464910243,1747226797,464707125,joy,-0.0,-0.0,1.0,-0.0,-0.0,1.0,0.0,0.0,0,0,0,0,0,0,0,0,0,0,0,0
2025/05/14 14:46:37.515592581,1747226797,515294288,joy,-0.0,-0.0,1.0,-0.0,-0.0,1.0,0.0,0.0,0,0,0,0,0,0,0,0,0,0,0,0
2025/05/14 14:46:37.569617982,1747226797,567593488,joy,-0.0,-0.0,1.0,-0.0,-0.0,1.0,0.0,0.0,0,0,0,0,0,0,0,0,0,0,0,0
2025/05/14 14:46:37.621211575,1747226797,618876677,joy,-0.0,-0.0,1.0,-0.0,-0.0,1.0,0.0,0.0,0,0,0,0,0,0,0,0,0,0,0,0
2025/05/14 14:46:37.669346314,1747226797,669179880,joy,-0.0,-0.0,1.0,-0.0,-0.0,1.0,0.0,0.0,0,0,0,0,0,0,0,0,0,0,0,0
2025/05/14 14:46:37.719525477,1747226797,719391377,joy,-0.0,-0.0,1.0,-0.0,-0.0,1.0,0.0,0.0,0,0,0,0,0,0,0,0,0,0,0,0
2025/05/14 14:46:37.770696605,1747226797,770486889,joy,-0.0,-0.0,1.0,-0.0,-0.0,1.0,0.0,0.0,0,0,0,0,0,0,0,0,0,0,0,0
2025/05/14 14:46:37.821092279,1747226797,820918768,joy,-0.0,-0.0,1.0,-0.0,-0.0,1.0,0.0,0.0,0,0,0,0,0,0,0,0,0,0,0,0
2025/05/14 14:46:37.920075387,1747226797,919905149,joy,-0.0,-0.0,1.0,-0.0,-0.0,1.0,0.0,0.0,0,0,0,0,0,0,0,0,0,0,0,0
2025/05/14 14:46:37.970582193,1747226797,970355476,joy,-0.0,-0.0,1.0,-0.0,-0.0,1.0,0.0,0.0,0,0,0,0,0,0,0,0,0,0,0,0
2025/05/14 14:46:38.23759439,1747226798,21351515,joy,-0.0,-0.0,1.0,-0.0,-0.0,1.0,0.0,0.0,0,0,0,0,0,0,0,0,0,0,0,0
2025/05/14 14:46:38.74943444,1747226798,73144943,joy,-0.0,-0.0,1.0,-0.0,-0.0,1.0,0.0,0.0,0,0,0,0,0,0,0,0,0,0,0,0
2025/05/14 14:46:38.177369299,1747226798,174141323,joy,-0.0,-0.0,1.0,-0.0,-0.0,1.0,0.0,0.0,0,0,0,0,0,0,0,0,0,0,0,0
2025/05/14 14:46:38.224632496,1747226798,224277241,joy,-0.0,-0.0,1.0,-0.0,-0.0,1.0,0.0,0.0,0,0,0,0,0,0,0,0,0,0,0,0
