time,transforms_0
2025/05/07 10:53:14.170694151,"{'header': {'stamp': {'secs': 1746607993, 'nsecs': 964013084}, 'frame_id': 'piren'}, 'child_frame_id': 'vessel_center', 'transform': {'translation': {'x': 262.18420939844685, 'y': 1014.6879901641737, 'z': -40.76190720165664}, 'rotation': {'x': -0.0004327679832673731, 'y': -0.01053944572272529, 'z': -0.3784281543550828, 'w': 0.9255705617548217}}}"
2025/05/07 10:53:15.222338824,"{'header': {'stamp': {'secs': 1746607995, 'nsecs': 198405287}, 'frame_id': 'piren'}, 'child_frame_id': 'vessel_center', 'transform': {'translation': {'x': 261.66052158314113, 'y': 1014.6594862991617, 'z': -40.7812663906705}, 'rotation': {'x': -0.0016727690023401556, 'y': -0.009651278095831519, 'z': -0.5443320817899565, 'w': 0.8388126366532599}}}"
2025/05/07 10:53:15.293280982,"{'header': {'stamp': {'secs': 1746607988, 'nsecs': 387258705}, 'frame_id': 'piren'}, 'child_frame_id': 'vessel_center', 'transform': {'translation': {'x': 263.830435289229, 'y': 1015.1556527161404, 'z': -40.7443935368238}, 'rotation': {'x': 0.0035250267818369985, 'y': -0.006535260767061227, 'z': 0.1557240266330352, 'w': 0.9877726925169007}}}"
2025/05/07 10:53:15.772528665,"{'header': {'stamp': {'secs': 1746607990, 'nsecs': 557262428}, 'frame_id': 'piren'}, 'child_frame_id': 'vessel_center', 'transform': {'translation': {'x': 263.3604806363465, 'y': 1014.9863997073946, 'z': -40.75053853002676}, 'rotation': {'x': 0.00171650888425749, 'y': -0.008459509723866093, 'z': -0.013952646656774948, 'w': 0.9998653979130159}}}"
2025/05/07 10:53:16.37332442,"{'header': {'stamp': {'secs': 1746607992, 'nsecs': 359035404}, 'frame_id': 'piren'}, 'child_frame_id': 'vessel_center', 'transform': {'translation': {'x': 262.7438474118418, 'y': 1014.7919312767469, 'z': -40.75514120226112}, 'rotation': {'x': 0.0015759010726350386, 'y': -0.009012567663779492, 'z': -0.2567261607533348, 'w': 0.9664408769007901}}}"
2025/05/07 10:53:16.377428667,"{'header': {'stamp': {'secs': 1746607986, 'nsecs': 629384974}, 'frame_id': 'piren'}, 'child_frame_id': 'vessel_center', 'transform': {'translation': {'x': 264.21788411648083, 'y': 1015.2508465787528, 'z': -40.73628267900684}, 'rotation': {'x': 0.0039925024831621875, 'y': -0.006650657082634587, 'z': 0.25028234326032905, 'w': 0.9681418167481508}}}"
2025/05/07 10:53:16.456306106,"{'header': {'stamp': {'secs': 1746607996, 'nsecs': 433147516}, 'frame_id': 'piren'}, 'child_frame_id': 'vessel_center', 'transform': {'translation': {'x': 261.5528973829363, 'y': 1014.6322571292575, 'z': -40.80399388854091}, 'rotation': {'x': -0.0035610078475303954, 'y': -0.010053643836815701, 'z': -0.6294571632322362, 'w': 0.7769619830624522}}}"
2025/05/07 10:53:17.927045159,"{'header': {'stamp': {'secs': 1746607997, 'nsecs': 890126248}, 'frame_id': 'piren'}, 'child_frame_id': 'vessel_center', 'transform': {'translation': {'x': 261.54164702390904, 'y': 1014.5399363177972, 'z': -40.78937190415622}, 'rotation': {'x': -0.0057339528107693775, 'y': -0.0046171223306521545, 'z': -0.7266358745543194, 'w': 0.6869833402472195}}}"
2025/05/07 10:53:19.234532604,"{'header': {'stamp': {'secs': 1746607999, 'nsecs': 203208679}, 'frame_id': 'piren'}, 'child_frame_id': 'vessel_center', 'transform': {'translation': {'x': 261.4333982727193, 'y': 1014.1743747274289, 'z': -40.72464368471538}, 'rotation': {'x': -0.0038533372947942386, 'y': -0.0033861075568559352, 'z': -0.81632067082087, 'w': 0.5775761841158886}}}"
2025/05/07 10:53:20.478981837,"{'header': {'stamp': {'secs': 1746608000, 'nsecs': 460112211}, 'frame_id': 'piren'}, 'child_frame_id': 'vessel_center', 'transform': {'translation': {'x': 261.2371550190941, 'y': 1013.6674356489476, 'z': -40.685494988858174}, 'rotation': {'x': -0.003377215796655085, 'y': -0.0051524436749367745, 'z': -0.8045028507676225, 'w': 0.5939168374818212}}}"
2025/05/07 10:53:21.692184954,"{'header': {'stamp': {'secs': 1746608001, 'nsecs': 682383413}, 'frame_id': 'piren'}, 'child_frame_id': 'vessel_center', 'transform': {'translation': {'x': 261.07333273030736, 'y': 1013.1981543529546, 'z': -40.73493098413654}, 'rotation': {'x': -0.000650979263662861, 'y': -0.006021938123527323, 'z': -0.7614078739291767, 'w': 0.6482448318389322}}}"
2025/05/07 10:53:22.894274544,"{'header': {'stamp': {'secs': 1746608002, 'nsecs': 857941553}, 'frame_id': 'piren'}, 'child_frame_id': 'vessel_center', 'transform': {'translation': {'x': 260.921010124743, 'y': 1012.618319447161, 'z': -40.78564060260961}, 'rotation': {'x': -0.004980190174059871, 'y': -0.006961201648908838, 'z': -0.7127163576015406, 'w': 0.701400123313809}}}"
2025/05/07 10:53:23.905210448,"{'header': {'stamp': {'secs': 1746608003, 'nsecs': 900194956}, 'frame_id': 'piren'}, 'child_frame_id': 'vessel_center', 'transform': {'translation': {'x': 260.79044324607975, 'y': 1011.9862278255865, 'z': -40.78402404818839}, 'rotation': {'x': -0.005440286619509125, 'y': -0.00828794876778538, 'z': -0.66799425303876, 'w': 0.7441003904675156}}}"
2025/05/07 10:53:25.75590966,"{'header': {'stamp': {'secs': 1746608005, 'nsecs': 64697797}, 'frame_id': 'piren'}, 'child_frame_id': 'vessel_center', 'transform': {'translation': {'x': 260.7017598666031, 'y': 1011.3407211824925, 'z': -40.75461002208573}, 'rotation': {'x': -0.0030567749070360742, 'y': -0.011205580242324617, 'z': -0.6032849674395964, 'w': 0.797441119556802}}}"
2025/05/07 10:53:26.98118618,"{'header': {'stamp': {'secs': 1746608006, 'nsecs': 89723560}, 'frame_id': 'piren'}, 'child_frame_id': 'vessel_center', 'transform': {'translation': {'x': 260.6890030064162, 'y': 1010.9228071495351, 'z': -40.74112567679048}, 'rotation': {'x': -0.0013776410551744026, 'y': -0.010623349530177942, 'z': -0.5388534418484586, 'w': 0.8423314162240138}}}"
2025/05/07 10:53:27.280355128,"{'header': {'stamp': {'secs': 1746608007, 'nsecs': 268659081}, 'frame_id': 'piren'}, 'child_frame_id': 'vessel_center', 'transform': {'translation': {'x': 260.74131040452465, 'y': 1010.5353552175408, 'z': -40.74992599118171}, 'rotation': {'x': 0.0008618228338080581, 'y': -0.010252363641659944, 'z': -0.4377666315010727, 'w': 0.8990297673855779}}}"
2025/05/07 10:53:28.489194336,"{'header': {'stamp': {'secs': 1746608008, 'nsecs': 481801647}, 'frame_id': 'piren'}, 'child_frame_id': 'vessel_center', 'transform': {'translation': {'x': 260.87188051640726, 'y': 1010.1774626519018, 'z': -40.7787664095387}, 'rotation': {'x': 0.0017686170876419994, 'y': -0.011653220947175618, 'z': -0.33268300580877863, 'w': 0.942965053478224}}}"
2025/05/07 10:53:29.706062703,"{'header': {'stamp': {'secs': 1746608009, 'nsecs': 699035293}, 'frame_id': 'piren'}, 'child_frame_id': 'vessel_center', 'transform': {'translation': {'x': 261.1082697423456, 'y': 1009.7902046936001, 'z': -40.8116765715734}, 'rotation': {'x': 0.0039708121347871075, 'y': -0.011333290159787473, 'z': -0.23082240019957648, 'w': 0.9729217896374049}}}"
2025/05/07 10:53:30.908631171,"{'header': {'stamp': {'secs': 1746608010, 'nsecs': 902500405}, 'frame_id': 'piren'}, 'child_frame_id': 'vessel_center', 'transform': {'translation': {'x': 261.4257559189575, 'y': 1009.481691499236, 'z': -40.80163771084631}, 'rotation': {'x': 0.0039959173265552645, 'y': -0.009595109085194294, 'z': -0.15082991272001753, 'w': 0.9885050854473307}}}"
2025/05/07 10:53:32.100658955,"{'header': {'stamp': {'secs': 1746608012, 'nsecs': 78988325}, 'frame_id': 'piren'}, 'child_frame_id': 'vessel_center', 'transform': {'translation': {'x': 261.80140490690115, 'y': 1009.3375289784426, 'z': -40.7530603813085}, 'rotation': {'x': 0.004900108891338878, 'y': -0.009816886712813302, 'z': -0.08328964466337042, 'w': 0.9964649781903879}}}"
2025/05/07 10:53:33.275918130,"{'header': {'stamp': {'secs': 1746608013, 'nsecs': 267421671}, 'frame_id': 'piren'}, 'child_frame_id': 'vessel_center', 'transform': {'translation': {'x': 262.25523995824165, 'y': 1009.3572184682669, 'z': -40.714157905229285}, 'rotation': {'x': 0.006027517482291191, 'y': -0.010307117293962742, 'z': -0.048375851441597506, 'w': 0.998757833192506}}}"
2025/05/07 10:53:34.417377850,"{'header': {'stamp': {'secs': 1746608014, 'nsecs': 409565678}, 'frame_id': 'piren'}, 'child_frame_id': 'vessel_center', 'transform': {'translation': {'x': 262.7544372391227, 'y': 1009.4729765423033, 'z': -40.72130059885316}, 'rotation': {'x': 0.008038811379700363, 'y': -0.009063030626901131, 'z': -0.05168585315028448, 'w': 0.9985899116111602}}}"
2025/05/07 10:53:35.533585918,"{'header': {'stamp': {'secs': 1746608015, 'nsecs': 471342647}, 'frame_id': 'piren'}, 'child_frame_id': 'vessel_center', 'transform': {'translation': {'x': 263.26020006858477, 'y': 1009.5972886693353, 'z': -40.761406474700266}, 'rotation': {'x': 0.005069588326162364, 'y': -0.008002045015219585, 'z': -0.07597898237530697, 'w': 0.9970644215831745}}}"
2025/05/07 10:53:36.649913300,"{'header': {'stamp': {'secs': 1746608016, 'nsecs': 614384457}, 'frame_id': 'piren'}, 'child_frame_id': 'vessel_center', 'transform': {'translation': {'x': 263.84571073114125, 'y': 1009.7401222378503, 'z': -40.79196338042841}, 'rotation': {'x': 0.0026899170672121542, 'y': -0.009430892176201649, 'z': -0.1086818379968364, 'w': 0.9940282092116711}}}"
2025/05/07 10:53:37.894542859,"{'header': {'stamp': {'secs': 1746608017, 'nsecs': 846678654}, 'frame_id': 'piren'}, 'child_frame_id': 'vessel_center', 'transform': {'translation': {'x': 264.51390202988256, 'y': 1009.9252897577599, 'z': -40.77457524453365}, 'rotation': {'x': -0.0012549611725417762, 'y': -0.009012766260013221, 'z': -0.17029876834628505, 'w': 0.9853504577644119}}}"
2025/05/07 10:53:39.1232948,"{'header': {'stamp': {'secs': 1746608018, 'nsecs': 995468664}, 'frame_id': 'piren'}, 'child_frame_id': 'vessel_center', 'transform': {'translation': {'x': 265.2177346276274, 'y': 1010.1382882031268, 'z': -40.72853017315336}, 'rotation': {'x': -0.0015758263523170009, 'y': -0.010248211108703583, 'z': -0.24073367891838238, 'w': 0.9705358245705308}}}"
2025/05/07 10:53:40.150600937,"{'header': {'stamp': {'secs': 1746608020, 'nsecs': 139240581}, 'frame_id': 'piren'}, 'child_frame_id': 'vessel_center', 'transform': {'translation': {'x': 265.9476958382243, 'y': 1010.3231975760658, 'z': -40.71121013104168}, 'rotation': {'x': -0.0028524448878332535, 'y': -0.00859982255337512, 'z': -0.3240015645420941, 'w': 0.9460131567713462}}}"
2025/05/07 10:53:41.277267418,"{'header': {'stamp': {'secs': 1746608021, 'nsecs': 268577097}, 'frame_id': 'piren'}, 'child_frame_id': 'vessel_center', 'transform': {'translation': {'x': 266.679761537494, 'y': 1010.3969353196056, 'z': -40.74417886814691}, 'rotation': {'x': -0.0024846681927766347, 'y': -0.008263081761969687, 'z': -0.40562536814598327, 'w': 0.9139986918044262}}}"
2025/05/07 10:53:42.479172255,"{'header': {'stamp': {'secs': 1746608022, 'nsecs': 473327002}, 'frame_id': 'piren'}, 'child_frame_id': 'vessel_center', 'transform': {'translation': {'x': 267.42565445862556, 'y': 1010.318333882714, 'z': -40.78916767204148}, 'rotation': {'x': -0.0029719304270435657, 'y': -0.007292744816677699, 'z': -0.5039734806179544, 'w': 0.8636832256889097}}}"
2025/05/07 10:53:43.656540115,"{'header': {'stamp': {'secs': 1746608023, 'nsecs': 644241999}, 'frame_id': 'piren'}, 'child_frame_id': 'vessel_center', 'transform': {'translation': {'x': 268.0901368285306, 'y': 1010.1127663246739, 'z': -40.799791823855685}, 'rotation': {'x': -0.003913971607040703, 'y': -0.008245862827499416, 'z': -0.5692776444974808, 'w': 0.822094672192862}}}"
2025/05/07 10:53:44.740248719,"{'header': {'stamp': {'secs': 1746608024, 'nsecs': 729136881}, 'frame_id': 'piren'}, 'child_frame_id': 'vessel_center', 'transform': {'translation': {'x': 268.65513475509056, 'y': 1009.8358603458943, 'z': -40.78353543732905}, 'rotation': {'x': -0.0034428588419039355, 'y': -0.008569834682220761, 'z': -0.6109935723003721, 'w': 0.7915816819912801}}}"
2025/05/07 10:53:46.33965935,"{'header': {'stamp': {'secs': 1746608025, 'nsecs': 977342430}, 'frame_id': 'piren'}, 'child_frame_id': 'vessel_center', 'transform': {'translation': {'x': 269.2494757650561, 'y': 1009.4172549943572, 'z': -40.74864760117413}, 'rotation': {'x': -0.004491165264977521, 'y': -0.008118536307704134, 'z': -0.6591875098098879, 'w': 0.7519213693687806}}}"
2025/05/07 10:53:47.165438188,"{'header': {'stamp': {'secs': 1746608027, 'nsecs': 153443673}, 'frame_id': 'piren'}, 'child_frame_id': 'vessel_center', 'transform': {'translation': {'x': 269.77459398595545, 'y': 1008.867219497022, 'z': -40.711310233557334}, 'rotation': {'x': -0.00423047897354539, 'y': -0.00682223376256089, 'z': -0.6684004403598248, 'w': 0.7437583018030357}}}"
2025/05/07 10:53:48.331950862,"{'header': {'stamp': {'secs': 1746608028, 'nsecs': 316754541}, 'frame_id': 'piren'}, 'child_frame_id': 'vessel_center', 'transform': {'translation': {'x': 270.2227666205949, 'y': 1008.2170669623803, 'z': -40.70235057623682}, 'rotation': {'x': -0.004521407335604241, 'y': -0.005168348769817204, 'z': -0.6687747435659046, 'w': 0.7434333779264002}}}"
2025/05/07 10:53:49.536299893,"{'header': {'stamp': {'secs': 1746608029, 'nsecs': 500804959}, 'frame_id': 'piren'}, 'child_frame_id': 'vessel_center', 'transform': {'translation': {'x': 270.62308384387853, 'y': 1007.4218878786627, 'z': -40.72726886404203}, 'rotation': {'x': -0.00545830453786264, 'y': -0.006391071557829807, 'z': -0.654547797048103, 'w': 0.7559739033163713}}}"
2025/05/07 10:53:50.665730207,"{'header': {'stamp': {'secs': 1746608030, 'nsecs': 658345410}, 'frame_id': 'piren'}, 'child_frame_id': 'vessel_center', 'transform': {'translation': {'x': 270.9397831764919, 'y': 1006.6103582065159, 'z': -40.75527875104745}, 'rotation': {'x': -0.0066841965952205255, 'y': -0.009502069480681974, 'z': -0.6120094365171608, 'w': 0.7907651242976058}}}"
2025/05/07 10:53:51.807752799,"{'header': {'stamp': {'secs': 1746608031, 'nsecs': 794307231}, 'frame_id': 'piren'}, 'child_frame_id': 'vessel_center', 'transform': {'translation': {'x': 271.20249182814496, 'y': 1005.8261707806289, 'z': -40.75456078778183}, 'rotation': {'x': -0.0012768194398480575, 'y': -0.007018361378881149, 'z': -0.544892331440199, 'w': 0.8384756761369633}}}"
2025/05/07 10:53:52.975207052,"{'header': {'stamp': {'secs': 1746608032, 'nsecs': 948006755}, 'frame_id': 'piren'}, 'child_frame_id': 'vessel_center', 'transform': {'translation': {'x': 271.4761335891669, 'y': 1004.971341230095, 'z': -40.737244733309126}, 'rotation': {'x': 0.0025678598369686862, 'y': -0.006526107794875764, 'z': -0.45390613158529086, 'w': 0.8910219075433465}}}"
2025/05/07 10:53:54.135472496,"{'header': {'stamp': {'secs': 1746608034, 'nsecs': 128928173}, 'frame_id': 'piren'}, 'child_frame_id': 'vessel_center', 'transform': {'translation': {'x': 271.8121102961505, 'y': 1004.002203920552, 'z': -40.738874003374534}, 'rotation': {'x': 0.0035228919232917454, 'y': -0.009271191759861104, 'z': -0.3406466905887202, 'w': 0.9401390675994703}}}"
2025/05/07 10:53:55.262266069,"{'header': {'stamp': {'secs': 1746608035, 'nsecs': 256452219}, 'frame_id': 'piren'}, 'child_frame_id': 'vessel_center', 'transform': {'translation': {'x': 272.1831689032359, 'y': 1003.0653409440683, 'z': -40.76828598547226}, 'rotation': {'x': 0.0018701225353102303, 'y': -0.005534924075619418, 'z': -0.22847166225793197, 'w': 0.9735330332363035}}}"
2025/05/07 10:53:56.477286633,"{'header': {'stamp': {'secs': 1746608036, 'nsecs': 454439485}, 'frame_id': 'piren'}, 'child_frame_id': 'vessel_center', 'transform': {'translation': {'x': 272.5578239477536, 'y': 1002.1969400742626, 'z': -40.77746011745673}, 'rotation': {'x': 0.0038587016975362106, 'y': -0.005502024286566755, 'z': -0.07204088893659372, 'w': 0.9973790395186701}}}"
2025/05/07 10:53:57.686479431,"{'header': {'stamp': {'secs': 1746608037, 'nsecs': 628390290}, 'frame_id': 'piren'}, 'child_frame_id': 'vessel_center', 'transform': {'translation': {'x': 272.8553563433876, 'y': 1001.5295507550808, 'z': -40.74441815969945}, 'rotation': {'x': 0.004427461290925566, 'y': -0.004706724601058042, 'z': 0.06644953237080624, 'w': 0.9977688630027239}}}"
2025/05/07 10:53:58.801977981,"{'header': {'stamp': {'secs': 1746608038, 'nsecs': 794948274}, 'frame_id': 'piren'}, 'child_frame_id': 'vessel_center', 'transform': {'translation': {'x': 273.11685982733735, 'y': 1000.9975578751156, 'z': -40.740831398976766}, 'rotation': {'x': 0.001031623710579003, 'y': -0.005019084561891014, 'z': 0.18126809628214713, 'w': 0.9834203688214551}}}"
2025/05/07 10:54:00.57123209,"{'header': {'stamp': {'secs': 1746608040, 'nsecs': 50320880}, 'frame_id': 'piren'}, 'child_frame_id': 'vessel_center', 'transform': {'translation': {'x': 273.29693943300896, 'y': 1000.5308021654184, 'z': -40.75560381121325}, 'rotation': {'x': -0.002111419071430916, 'y': -0.003381989827135764, 'z': 0.3123549479726261, 'w': 0.9499570993109805}}}"
2025/05/07 10:54:01.253011366,"{'header': {'stamp': {'secs': 1746608041, 'nsecs': 247320966}, 'frame_id': 'piren'}, 'child_frame_id': 'vessel_center', 'transform': {'translation': {'x': 273.28404183201377, 'y': 1000.2083712508895, 'z': -40.743476558357614}, 'rotation': {'x': 0.00039735907205301613, 'y': -0.003989291425342324, 'z': 0.39080102919684445, 'w': 0.9204664487304133}}}"
2025/05/07 10:54:02.441635597,"{'header': {'stamp': {'secs': 1746608042, 'nsecs': 432814056}, 'frame_id': 'piren'}, 'child_frame_id': 'vessel_center', 'transform': {'translation': {'x': 273.1042655745807, 'y': 999.925707653298, 'z': -40.72654481380751}, 'rotation': {'x': 0.001179921526865148, 'y': -0.0038296059168366095, 'z': 0.48700908897887646, 'w': 0.8733877083836692}}}"
2025/05/07 10:54:03.674908213,"{'header': {'stamp': {'secs': 1746608043, 'nsecs': 639165475}, 'frame_id': 'piren'}, 'child_frame_id': 'vessel_center', 'transform': {'translation': {'x': 272.7987919042797, 'y': 999.6354268191214, 'z': -40.72858627018357}, 'rotation': {'x': 0.005923664715379888, 'y': -0.00809569032302443, 'z': 0.5499160632364205, 'w': 0.8351596813718265}}}"
2025/05/07 10:54:04.789954268,"{'header': {'stamp': {'secs': 1746608044, 'nsecs': 783468899}, 'frame_id': 'piren'}, 'child_frame_id': 'vessel_center', 'transform': {'translation': {'x': 272.45164480604376, 'y': 999.3655711828488, 'z': -40.75267162085721}, 'rotation': {'x': 0.0014169527856117067, 'y': -0.003600597941296025, 'z': 0.5834874118087607, 'w': 0.8121129651717071}}}"
2025/05/07 10:54:06.74880032,"{'header': {'stamp': {'secs': 1746608046, 'nsecs': 67581111}, 'frame_id': 'piren'}, 'child_frame_id': 'vessel_center', 'transform': {'translation': {'x': 272.02431615638955, 'y': 999.1049767947582, 'z': -40.76764614003792}, 'rotation': {'x': 0.0022097909783227723, 'y': -0.004641704490688214, 'z': 0.6137194488852189, 'w': 0.7895074473767024}}}"
2025/05/07 10:54:07.276284880,"{'header': {'stamp': {'secs': 1746608047, 'nsecs': 268441138}, 'frame_id': 'piren'}, 'child_frame_id': 'vessel_center', 'transform': {'translation': {'x': 271.59898271913613, 'y': 998.9683048531977, 'z': -40.75756037201378}, 'rotation': {'x': 0.0030799988817596198, 'y': -0.003734900562111087, 'z': 0.5960192514662471, 'w': 0.8029555504548768}}}"
2025/05/07 10:54:08.424430535,"{'header': {'stamp': {'secs': 1746608048, 'nsecs': 413726333}, 'frame_id': 'piren'}, 'child_frame_id': 'vessel_center', 'transform': {'translation': {'x': 271.15130140864983, 'y': 998.9320260202655, 'z': -40.742092004365965}, 'rotation': {'x': 0.001601206011721942, 'y': -0.00503330063823405, 'z': 0.5596099494173856, 'w': 0.8287392874342717}}}"
2025/05/07 10:54:09.621050174,"{'header': {'stamp': {'secs': 1746608049, 'nsecs': 612854371}, 'frame_id': 'piren'}, 'child_frame_id': 'vessel_center', 'transform': {'translation': {'x': 270.6478154535028, 'y': 998.9520226641747, 'z': -40.73382566747584}, 'rotation': {'x': 0.001475775151974812, 'y': -0.003783456654765272, 'z': 0.5013144076833128, 'w': 0.8652556686856039}}}"
2025/05/07 10:54:10.915243311,"{'header': {'stamp': {'secs': 1746608050, 'nsecs': 858058589}, 'frame_id': 'piren'}, 'child_frame_id': 'vessel_center', 'transform': {'translation': {'x': 270.1255900880863, 'y': 999.0590541922023, 'z': -40.744610515097506}, 'rotation': {'x': 0.0013951800867678392, 'y': -0.005269253666195699, 'z': 0.4167532705827351, 'w': 0.9090033002673426}}}"
2025/05/07 10:54:12.120630810,"{'header': {'stamp': {'secs': 1746608052, 'nsecs': 63180840}, 'frame_id': 'piren'}, 'child_frame_id': 'vessel_center', 'transform': {'translation': {'x': 269.6816790391905, 'y': 999.2880164338972, 'z': -40.76091438149477}, 'rotation': {'x': -0.0002409505788467793, 'y': -0.0042981369963028425, 'z': 0.3174535334811536, 'w': 0.9482640571283453}}}"
2025/05/07 10:54:13.252994832,"{'header': {'stamp': {'secs': 1746608053, 'nsecs': 245426921}, 'frame_id': 'piren'}, 'child_frame_id': 'vessel_center', 'transform': {'translation': {'x': 269.325291077421, 'y': 999.6314012603102, 'z': -40.75105832263984}, 'rotation': {'x': -0.001172453669869821, 'y': -0.00269363345377933, 'z': 0.2018664312253001, 'w': 0.9794086550748722}}}"
2025/05/07 10:54:14.436628835,"{'header': {'stamp': {'secs': 1746608054, 'nsecs': 429624552}, 'frame_id': 'piren'}, 'child_frame_id': 'vessel_center', 'transform': {'translation': {'x': 269.0428767591805, 'y': 1000.1018655404728, 'z': -40.731321757981654}, 'rotation': {'x': 0.0005103539599982008, 'y': -0.003726629602610967, 'z': 0.0725293676955839, 'w': 0.9973591843424913}}}"
2025/05/07 10:54:15.596384219,"{'header': {'stamp': {'secs': 1746608055, 'nsecs': 569914648}, 'frame_id': 'piren'}, 'child_frame_id': 'vessel_center', 'transform': {'translation': {'x': 268.8688214825803, 'y': 1000.6083930301791, 'z': -40.729204428162014}, 'rotation': {'x': 0.0020737320458348615, 'y': -0.005173077073736142, 'z': -0.034283418376633325, 'w': 0.9993966110275762}}}"
2025/05/07 10:54:16.781892301,"{'header': {'stamp': {'secs': 1746608056, 'nsecs': 717172737}, 'frame_id': 'piren'}, 'child_frame_id': 'vessel_center', 'transform': {'translation': {'x': 268.8146685403183, 'y': 1001.1501176523465, 'z': -40.73359907839784}, 'rotation': {'x': 0.0031954009387930114, 'y': -0.007606907154986818, 'z': -0.13808385706948292, 'w': 0.9903861735672558}}}"
2025/05/07 10:54:17.965845287,"{'header': {'stamp': {'secs': 1746608057, 'nsecs': 958515996}, 'frame_id': 'piren'}, 'child_frame_id': 'vessel_center', 'transform': {'translation': {'x': 268.92011446022457, 'y': 1001.7638752678452, 'z': -40.72271465853603}, 'rotation': {'x': 0.006546897815575837, 'y': -0.00407315008544388, 'z': -0.25992777124294475, 'w': 0.9655972769814802}}}"
2025/05/07 10:54:19.153880984,"{'header': {'stamp': {'secs': 1746608059, 'nsecs': 147327932}, 'frame_id': 'piren'}, 'child_frame_id': 'vessel_center', 'transform': {'translation': {'x': 269.1525200372819, 'y': 1002.3362595857681, 'z': -40.730235744656405}, 'rotation': {'x': 0.0056676023218830635, 'y': -0.00969261959981656, 'z': -0.32951245681384733, 'w': 0.9440844624363419}}}"
2025/05/07 10:54:20.289083161,"{'header': {'stamp': {'secs': 1746608060, 'nsecs': 280644976}, 'frame_id': 'piren'}, 'child_frame_id': 'vessel_center', 'transform': {'translation': {'x': 269.4511668729185, 'y': 1002.9061248227428, 'z': -40.75738639413702}, 'rotation': {'x': 0.00470671958384527, 'y': -0.008981724154365968, 'z': -0.38870563924614054, 'w': 0.9213061930977254}}}"
2025/05/07 10:54:21.473643903,"{'header': {'stamp': {'secs': 1746608061, 'nsecs': 408195147}, 'frame_id': 'piren'}, 'child_frame_id': 'vessel_center', 'transform': {'translation': {'x': 269.80096205085283, 'y': 1003.4572082915649, 'z': -40.78371433512697}, 'rotation': {'x': 0.0038852416958951434, 'y': -0.008520897043176915, 'z': -0.4343420515959003, 'w': 0.9006993290915722}}}"
2025/05/07 10:54:22.617645788,"{'header': {'stamp': {'secs': 1746608062, 'nsecs': 607762420}, 'frame_id': 'piren'}, 'child_frame_id': 'vessel_center', 'transform': {'translation': {'x': 270.21865090566837, 'y': 1004.0025391131741, 'z': -40.79620494213742}, 'rotation': {'x': 0.00216292699238164, 'y': -0.010395847581193397, 'z': -0.48817206742175273, 'w': 0.8726828064589481}}}"
2025/05/07 10:54:23.768448393,"{'header': {'stamp': {'secs': 1746608063, 'nsecs': 762356420}, 'frame_id': 'piren'}, 'child_frame_id': 'vessel_center', 'transform': {'translation': {'x': 270.6242479521636, 'y': 1004.5370045440035, 'z': -40.79088878379258}, 'rotation': {'x': 0.005178875453231557, 'y': -0.010902175841966327, 'z': -0.5156589930524734, 'w': 0.8567088914532521}}}"
2025/05/07 10:54:24.991889821,"{'header': {'stamp': {'secs': 1746608064, 'nsecs': 976780943}, 'frame_id': 'piren'}, 'child_frame_id': 'vessel_center', 'transform': {'translation': {'x': 270.9992251278076, 'y': 1005.1438462726553, 'z': -40.783560260995614}, 'rotation': {'x': 0.0030700765988837093, 'y': -0.011685348709204351, 'z': -0.5339599849627533, 'w': 0.8454234215550204}}}"
2025/05/07 10:54:26.261927113,"{'header': {'stamp': {'secs': 1746608066, 'nsecs': 244623390}, 'frame_id': 'piren'}, 'child_frame_id': 'vessel_center', 'transform': {'translation': {'x': 271.3509034572112, 'y': 1005.8108333320527, 'z': -40.788758016594464}, 'rotation': {'x': 0.0017844841115618642, 'y': -0.011034284019807291, 'z': -0.5217795936594128, 'w': 0.8530071018656551}}}"
2025/05/07 10:54:27.388061190,"{'header': {'stamp': {'secs': 1746608067, 'nsecs': 379130683}, 'frame_id': 'piren'}, 'child_frame_id': 'vessel_center', 'transform': {'translation': {'x': 271.6813922858529, 'y': 1006.4406251144709, 'z': -40.791775227713224}, 'rotation': {'x': 0.003515568362173222, 'y': -0.010834971370647147, 'z': -0.49266559230585283, 'w': 0.870144159511751}}}"
2025/05/07 10:54:28.583741559,"{'header': {'stamp': {'secs': 1746608068, 'nsecs': 574681469}, 'frame_id': 'piren'}, 'child_frame_id': 'vessel_center', 'transform': {'translation': {'x': 272.0307883349521, 'y': 1007.0537783811126, 'z': -40.78237707882932}, 'rotation': {'x': 0.0043810147062584345, 'y': -0.012721311769239154, 'z': -0.4613348747566189, 'w': 0.8871240658838584}}}"
2025/05/07 10:54:29.789410710,"{'header': {'stamp': {'secs': 1746608069, 'nsecs': 782633973}, 'frame_id': 'piren'}, 'child_frame_id': 'vessel_center', 'transform': {'translation': {'x': 272.3348059346905, 'y': 1007.6126209628312, 'z': -40.77319390077873}, 'rotation': {'x': 0.007710730495784726, 'y': -0.009314295421658075, 'z': -0.41419409807029584, 'w': 0.9101082560112032}}}"
2025/05/07 10:54:30.873606786,"{'header': {'stamp': {'secs': 1746608070, 'nsecs': 868198994}, 'frame_id': 'piren'}, 'child_frame_id': 'vessel_center', 'transform': {'translation': {'x': 272.5403876151294, 'y': 1008.0926585607045, 'z': -40.7755612741019}, 'rotation': {'x': 0.003989626804148141, 'y': -0.010090822061487597, 'z': -0.35607720721000957, 'w': 0.934393536307699}}}"
2025/05/07 10:54:32.41909117,"{'header': {'stamp': {'secs': 1746608071, 'nsecs': 972420116}, 'frame_id': 'piren'}, 'child_frame_id': 'vessel_center', 'transform': {'translation': {'x': 272.6949250748538, 'y': 1008.5376187340951, 'z': -40.7794162638801}, 'rotation': {'x': 0.00444148696104762, 'y': -0.009675395365716745, 'z': -0.2685654359350878, 'w': 0.963202609287936}}}"
2025/05/07 10:54:33.128022808,"{'header': {'stamp': {'secs': 1746608073, 'nsecs': 119832145}, 'frame_id': 'piren'}, 'child_frame_id': 'vessel_center', 'transform': {'translation': {'x': 272.8137619215137, 'y': 1008.9456795126026, 'z': -40.76701752597304}, 'rotation': {'x': 0.009499122648833465, 'y': -0.009396472940946936, 'z': -0.16347117553866677, 'w': 0.9864576259187107}}}"
2025/05/07 10:54:34.299894836,"{'header': {'stamp': {'secs': 1746608074, 'nsecs': 289315581}, 'frame_id': 'piren'}, 'child_frame_id': 'vessel_center', 'transform': {'translation': {'x': 272.89334139619183, 'y': 1009.2476024079754, 'z': -40.73976732893774}, 'rotation': {'x': 0.009964295334102848, 'y': -0.009154569585856129, 'z': -0.0469724145117993, 'w': 0.9988045349061668}}}"
2025/05/07 10:54:35.466097852,"{'header': {'stamp': {'secs': 1746608075, 'nsecs': 432687125}, 'frame_id': 'piren'}, 'child_frame_id': 'vessel_center', 'transform': {'translation': {'x': 272.9381026999745, 'y': 1009.4224205996913, 'z': -40.71901270218452}, 'rotation': {'x': 0.011079340562085382, 'y': -0.006569546675321012, 'z': 0.0859519009494959, 'w': 0.9962160207466844}}}"
2025/05/07 10:54:36.688041518,"{'header': {'stamp': {'secs': 1746608076, 'nsecs': 677059457}, 'frame_id': 'piren'}, 'child_frame_id': 'vessel_center', 'transform': {'translation': {'x': 272.95223455893074, 'y': 1009.5293367312099, 'z': -40.72283663416041}, 'rotation': {'x': 0.01163169076597733, 'y': -0.007460040228054127, 'z': 0.24892742836406542, 'w': 0.9684235576325958}}}"
2025/05/07 10:54:37.899211316,"{'header': {'stamp': {'secs': 1746608077, 'nsecs': 850475313}, 'frame_id': 'piren'}, 'child_frame_id': 'vessel_center', 'transform': {'translation': {'x': 272.9138118344605, 'y': 1009.5738628419125, 'z': -40.75260271639426}, 'rotation': {'x': 0.011034430090763365, 'y': -0.004553910374066485, 'z': 0.36605147541113214, 'w': 0.93051803883762}}}"
2025/05/07 10:54:39.12332967,"{'header': {'stamp': {'secs': 1746608079, 'nsecs': 5799173}, 'frame_id': 'piren'}, 'child_frame_id': 'vessel_center', 'transform': {'translation': {'x': 272.8046899188593, 'y': 1009.5380999821593, 'z': -40.76465392004568}, 'rotation': {'x': 0.013067587177276123, 'y': -0.0004431525325132458, 'z': 0.4846162971610975, 'w': 0.8746291135716122}}}"
2025/05/07 10:54:40.203923811,"{'header': {'stamp': {'secs': 1746608080, 'nsecs': 195690169}, 'frame_id': 'piren'}, 'child_frame_id': 'vessel_center', 'transform': {'translation': {'x': 272.61453761054054, 'y': 1009.3952875218779, 'z': -40.75457479050584}, 'rotation': {'x': 0.013405920978450062, 'y': -0.002020227967575206, 'z': 0.5986406155092656, 'w': 0.8009029987610025}}}"
2025/05/07 10:54:41.424983655,"{'header': {'stamp': {'secs': 1746608081, 'nsecs': 415590316}, 'frame_id': 'piren'}, 'child_frame_id': 'vessel_center', 'transform': {'translation': {'x': 272.3818233651242, 'y': 1009.1162851137732, 'z': -40.75288939079254}, 'rotation': {'x': 0.010534401578174748, 'y': -0.0015528335459327586, 'z': 0.6779054707302775, 'w': 0.735071960997921}}}"
2025/05/07 10:54:42.624493122,"{'header': {'stamp': {'secs': 1746608082, 'nsecs': 617991781}, 'frame_id': 'piren'}, 'child_frame_id': 'vessel_center', 'transform': {'translation': {'x': 272.184804116742, 'y': 1008.7432697523807, 'z': -40.75505086800149}, 'rotation': {'x': 0.011436883995169273, 'y': -0.0021824494204554096, 'z': 0.7142865750349855, 'w': 0.6997564742993081}}}"
2025/05/07 10:54:43.731321164,"{'header': {'stamp': {'secs': 1746608083, 'nsecs': 720999640}, 'frame_id': 'piren'}, 'child_frame_id': 'vessel_center', 'transform': {'translation': {'x': 272.04089148912493, 'y': 1008.2780650602123, 'z': -40.75530662679159}, 'rotation': {'x': 0.011512023141762497, 'y': 0.0037879849129650945, 'z': 0.7203239507229267, 'w': 0.6935319246497578}}}"
2025/05/07 10:54:44.896018337,"{'header': {'stamp': {'secs': 1746608084, 'nsecs': 888563503}, 'frame_id': 'piren'}, 'child_frame_id': 'vessel_center', 'transform': {'translation': {'x': 271.9408004437324, 'y': 1007.6760938586518, 'z': -40.76192443613626}, 'rotation': {'x': 0.013417348438980188, 'y': 0.006191805594469291, 'z': 0.7003874096640397, 'w': 0.7136099163327566}}}"
2025/05/07 10:54:46.94348691,"{'header': {'stamp': {'secs': 1746608086, 'nsecs': 84244286}, 'frame_id': 'piren'}, 'child_frame_id': 'vessel_center', 'transform': {'translation': {'x': 271.89334290739964, 'y': 1006.9920526117047, 'z': -40.76456573402448}, 'rotation': {'x': 0.0161332005671306, 'y': 0.003813886016612109, 'z': 0.6345032354292834, 'w': 0.7727424010255192}}}"
2025/05/07 10:54:47.257698766,"{'header': {'stamp': {'secs': 1746608087, 'nsecs': 226786317}, 'frame_id': 'piren'}, 'child_frame_id': 'vessel_center', 'transform': {'translation': {'x': 271.86425456857313, 'y': 1006.3343738880636, 'z': -40.76506113801269}, 'rotation': {'x': 0.015781687694964255, 'y': 0.0012001051573183198, 'z': 0.5220503805180287, 'w': 0.8527677868459218}}}"
2025/05/07 10:54:48.347513473,"{'header': {'stamp': {'secs': 1746608088, 'nsecs': 338229036}, 'frame_id': 'piren'}, 'child_frame_id': 'vessel_center', 'transform': {'translation': {'x': 271.7969265806558, 'y': 1005.6992907718776, 'z': -40.77063040019479}, 'rotation': {'x': 0.01563041797291589, 'y': 0.001236107684042172, 'z': 0.36745202807332944, 'w': 0.9299103016617154}}}"
2025/05/07 10:54:49.591007782,"{'header': {'stamp': {'secs': 1746608089, 'nsecs': 580766162}, 'frame_id': 'piren'}, 'child_frame_id': 'vessel_center', 'transform': {'translation': {'x': 271.6212180390407, 'y': 1005.0001175715064, 'z': -40.77110030626747}, 'rotation': {'x': 0.008740903369634677, 'y': -0.005398882975523395, 'z': 0.13276338242186894, 'w': 0.9910945126267243}}}"
2025/05/07 10:54:50.862395251,"{'header': {'stamp': {'secs': 1746608090, 'nsecs': 855148724}, 'frame_id': 'piren'}, 'child_frame_id': 'vessel_center', 'transform': {'translation': {'x': 271.28751925770194, 'y': 1004.3684195712481, 'z': -40.76166849888041}, 'rotation': {'x': 0.0027971804954321842, 'y': -0.00551106256750391, 'z': -0.07675169323463212, 'w': 0.9970310835456786}}}"
2025/05/07 10:54:52.31195636,"{'header': {'stamp': {'secs': 1746608092, 'nsecs': 23868740}, 'frame_id': 'piren'}, 'child_frame_id': 'vessel_center', 'transform': {'translation': {'x': 270.869676632326, 'y': 1003.9792604869417, 'z': -40.74344305556421}, 'rotation': {'x': -0.0016783104054477072, 'y': -0.007772014113618276, 'z': -0.20870573396267492, 'w': 0.9779461619546864}}}"
2025/05/07 10:54:53.161082406,"{'header': {'stamp': {'secs': 1746608093, 'nsecs': 121090133}, 'frame_id': 'piren'}, 'child_frame_id': 'vessel_center', 'transform': {'translation': {'x': 270.5598252901404, 'y': 1003.7849397232801, 'z': -40.70992879294103}, 'rotation': {'x': -0.003954929702604548, 'y': -0.006835320132060609, 'z': -0.29219658027979445, 'w': 0.9563256743403543}}}"
2025/05/07 10:54:54.311712121,"{'header': {'stamp': {'secs': 1746608094, 'nsecs': 297636979}, 'frame_id': 'piren'}, 'child_frame_id': 'vessel_center', 'transform': {'translation': {'x': 270.50162074823066, 'y': 1003.6337557365658, 'z': -40.69798187645967}, 'rotation': {'x': -0.009893282759291524, 'y': -0.004507917716035259, 'z': -0.39336176852631516, 'w': 0.9193194878256198}}}"
2025/05/07 10:54:55.564597248,"{'header': {'stamp': {'secs': 1746608095, 'nsecs': 517520039}, 'frame_id': 'piren'}, 'child_frame_id': 'vessel_center', 'transform': {'translation': {'x': 270.6975227172661, 'y': 1003.3761991465086, 'z': -40.73657709503883}, 'rotation': {'x': -0.00945046389844471, 'y': -0.0041421658562357765, 'z': -0.45369422021138794, 'w': 0.8910976858576755}}}"
2025/05/07 10:54:56.697689805,"{'header': {'stamp': {'secs': 1746608096, 'nsecs': 688783851}, 'frame_id': 'piren'}, 'child_frame_id': 'vessel_center', 'transform': {'translation': {'x': 270.8487063496625, 'y': 1003.0603216170401, 'z': -40.768817852556765}, 'rotation': {'x': -0.009800187097681802, 'y': -0.001213248487399052, 'z': -0.446658520893616, 'w': 0.8946500154105435}}}"
2025/05/07 10:54:57.884761432,"{'header': {'stamp': {'secs': 1746608097, 'nsecs': 875813579}, 'frame_id': 'piren'}, 'child_frame_id': 'vessel_center', 'transform': {'translation': {'x': 270.85637541123253, 'y': 1002.698632441453, 'z': -40.7783766310336}, 'rotation': {'x': -0.008033261487531076, 'y': -0.003754829988972347, 'z': -0.4126729527995678, 'w': 0.9108361005083805}}}"
2025/05/07 10:54:59.247507579,"{'header': {'stamp': {'secs': 1746608099, 'nsecs': 179072163}, 'frame_id': 'piren'}, 'child_frame_id': 'vessel_center', 'transform': {'translation': {'x': 270.7933056596401, 'y': 1002.3137102871784, 'z': -40.761949338750306}, 'rotation': {'x': -0.0071908538816785415, 'y': -0.0037155403246809365, 'z': -0.3239360506365561, 'w': 0.9460443549213423}}}"
2025/05/07 10:55:00.328401756,"{'header': {'stamp': {'secs': 1746608100, 'nsecs': 313770096}, 'frame_id': 'piren'}, 'child_frame_id': 'vessel_center', 'transform': {'translation': {'x': 270.7716598440828, 'y': 1002.0186172946875, 'z': -40.73191244129128}, 'rotation': {'x': -0.0074177884850620745, 'y': -0.004898592561003093, 'z': -0.19819531147372663, 'w': 0.980122236618854}}}"
2025/05/07 10:55:01.492965488,"{'header': {'stamp': {'secs': 1746608101, 'nsecs': 463393630}, 'frame_id': 'piren'}, 'child_frame_id': 'vessel_center', 'transform': {'translation': {'x': 270.83618494458, 'y': 1001.7598699665797, 'z': -40.70340157791229}, 'rotation': {'x': -0.006455690511236303, 'y': -0.009187292678481767, 'z': -0.03583364506485186, 'w': 0.9992946850627343}}}"
2025/05/07 10:55:02.678725459,"{'header': {'stamp': {'secs': 1746608102, 'nsecs': 667707298}, 'frame_id': 'piren'}, 'child_frame_id': 'vessel_center', 'transform': {'translation': {'x': 270.96179141087595, 'y': 1001.5517655161779, 'z': -40.711009830114605}, 'rotation': {'x': -0.003847202394202689, 'y': -0.004408519541266469, 'z': 0.16617937177738168, 'w': 0.9860781816797628}}}"
2025/05/07 10:55:03.914457931,"{'header': {'stamp': {'secs': 1746608103, 'nsecs': 907125448}, 'frame_id': 'piren'}, 'child_frame_id': 'vessel_center', 'transform': {'translation': {'x': 271.08967638299737, 'y': 1001.4653037799377, 'z': -40.73950866851554}, 'rotation': {'x': -0.003910091809411942, 'y': -0.007770037106354668, 'z': 0.3847463148199326, 'w': 0.9229813708509448}}}"
