time,force_x,force_y,force_z,torque_x,torque_y,torque_z
2025/05/07 10:40:42.649216001,-0.0,0.0,0.0,0.0,0.0,0.0
2025/05/07 10:40:42.750473621,-0.0,0.0,0.0,0.0,0.0,0.0
2025/05/07 10:40:42.800785850,-0.0,0.0,0.0,0.0,0.0,0.0
2025/05/07 10:40:42.854521625,-0.0,0.0,0.0,0.0,0.0,0.0
2025/05/07 10:40:42.900346300,-0.0,0.0,0.0,0.0,0.0,0.0
2025/05/07 10:40:42.964628161,-0.0,0.0,0.0,0.0,0.0,0.0
2025/05/07 10:40:43.49997623,-0.0,0.0,0.0,0.0,0.0,0.0
2025/05/07 10:40:43.156985600,-0.0,0.0,0.0,0.0,0.0,0.0
2025/05/07 10:40:43.276749300,-0.0,0.0,0.0,0.0,0.0,0.0
2025/05/07 10:40:43.299054249,-0.0,0.0,0.0,0.0,0.0,0.0
2025/05/07 10:40:43.351333367,-0.0,0.0,0.0,0.0,0.0,0.0
2025/05/07 10:40:43.415364364,-0.0,0.0,0.0,0.0,0.0,0.0
2025/05/07 10:40:43.455756540,-0.0,0.0,0.0,0.0,0.0,0.0
2025/05/07 10:40:43.510575704,-0.0,0.0,0.0,0.0,0.0,0.0
2025/05/07 10:40:43.617686256,-0.0,0.0,0.0,0.0,0.0,0.0
2025/05/07 10:40:43.665111602,-0.0,0.0,0.0,0.0,0.0,0.0
2025/05/07 10:40:43.834760806,-0.0,0.0,0.0,0.0,0.0,0.0
2025/05/07 10:40:43.835303655,-0.0,0.0,0.0,0.0,0.0,0.0
2025/05/07 10:40:43.912163106,-0.0,0.0,0.0,0.0,0.0,0.0
2025/05/07 10:40:44.34862092,-0.0,0.0,0.0,0.0,0.0,0.0
2025/05/07 10:40:44.35098431,-0.0,0.0,0.0,0.0,0.0,0.0
2025/05/07 10:40:44.110325198,-0.0,0.0,0.0,0.0,0.0,0.0
2025/05/07 10:40:44.160376589,-0.0,0.0,0.0,0.0,0.0,0.0
2025/05/07 10:40:44.265536973,-0.0,0.0,0.0,0.0,0.0,0.0
2025/05/07 10:40:44.394309839,-0.0,0.0,0.0,0.0,0.0,0.0
2025/05/07 10:40:44.402280510,-0.0,0.0,0.0,0.0,0.0,0.0
2025/05/07 10:40:44.460247615,-0.0,0.0,0.0,0.0,0.0,0.0
2025/05/07 10:40:44.537226737,-0.0,0.0,0.0,0.0,0.0,0.0
2025/05/07 10:40:44.610758072,-0.0,0.0,0.0,0.0,0.0,0.0
2025/05/07 10:40:44.726881373,-0.0,0.0,0.0,0.0,0.0,0.0
2025/05/07 10:40:44.789974546,-0.0,0.0,0.0,0.0,0.0,0.0
2025/05/07 10:40:44.855572247,-0.0,0.0,0.0,0.0,0.0,0.0
2025/05/07 10:40:44.971492185,-0.0,0.0,0.0,0.0,0.0,0.0
2025/05/07 10:40:45.4711618,-0.0,0.0,0.0,0.0,0.0,0.0
2025/05/07 10:40:45.32218013,-0.0,0.0,0.0,0.0,0.0,0.0
2025/05/07 10:40:45.113093604,-0.0,0.0,0.0,0.0,0.0,0.0
2025/05/07 10:40:45.254346965,-0.0,0.0,0.0,0.0,0.0,0.0
2025/05/07 10:40:45.264755776,-0.0,0.0,0.0,0.0,0.0,0.0
2025/05/07 10:40:45.316354460,-0.0,0.0,0.0,0.0,0.0,0.0
2025/05/07 10:40:45.382840576,-0.0,0.0,0.0,0.0,0.0,0.0
2025/05/07 10:40:45.423082463,-0.0,0.0,0.0,0.0,0.0,0.0
2025/05/07 10:40:45.523916658,-0.0,0.0,0.0,0.0,0.0,0.0
2025/05/07 10:40:45.576365187,-0.0,0.0,0.0,0.0,0.0,0.0
2025/05/07 10:40:45.672589646,-0.0,0.0,0.0,0.0,0.0,0.0
2025/05/07 10:40:45.806312830,-0.0,0.0,0.0,0.0,0.0,0.0
2025/05/07 10:40:45.854966451,-0.0,0.0,0.0,0.0,0.0,0.0
2025/05/07 10:40:45.877233617,-0.0,0.0,0.0,0.0,0.0,0.0
2025/05/07 10:40:45.928139795,-0.0,0.0,0.0,0.0,0.0,0.0
2025/05/07 10:40:45.980586986,-0.0,0.0,0.0,0.0,0.0,0.0
2025/05/07 10:40:46.93023409,-0.0,0.0,0.0,0.0,0.0,0.0
2025/05/07 10:40:46.220538064,-0.0,0.0,0.0,0.0,0.0,0.0
2025/05/07 10:40:46.279671260,-0.0,0.0,0.0,0.0,0.0,0.0
2025/05/07 10:40:46.373045480,-0.0,0.0,0.0,0.0,0.0,0.0
2025/05/07 10:40:46.386647918,-0.0,0.0,0.0,0.0,0.0,0.0
2025/05/07 10:40:46.430995919,-0.0,0.0,0.0,0.0,0.0,0.0
2025/05/07 10:40:46.481181696,-0.0,0.0,0.0,0.0,0.0,0.0
2025/05/07 10:40:46.531147875,-0.0,0.0,0.0,0.0,0.0,0.0
2025/05/07 10:40:46.580337323,-0.0,0.0,0.0,0.0,0.0,0.0
2025/05/07 10:40:46.634233835,-0.0,0.0,0.0,0.0,0.0,0.0
2025/05/07 10:40:46.685826746,-0.0,0.0,0.0,0.0,0.0,0.0
2025/05/07 10:40:46.735874323,-0.0,0.0,0.0,0.0,0.0,0.0
2025/05/07 10:40:46.786273764,-0.0,0.0,0.0,0.0,0.0,0.0
2025/05/07 10:40:46.846270227,-0.0,0.0,0.0,0.0,0.0,0.0
2025/05/07 10:40:46.896254444,-0.0,0.0,0.0,0.0,0.0,0.0
2025/05/07 10:40:46.954183049,-0.0,0.0,0.0,0.0,0.0,0.0
2025/05/07 10:40:46.998141682,-0.0,0.0,0.0,0.0,0.0,0.0
2025/05/07 10:40:47.19364877,0.16944266087063445,-16.131741195090868,0.0,0.0,0.0,-0.05162000914968004
2025/05/07 10:40:47.52845747,-0.0,0.0,0.0,0.0,0.0,0.0
2025/05/07 10:40:47.103190484,-0.0,0.0,0.0,0.0,0.0,0.0
2025/05/07 10:40:47.121724373,0.1694429535090238,-16.13176452945711,0.0,0.0,0.0,-0.05168210352467106
2025/05/07 10:40:47.201815810,-0.0,0.0,0.0,0.0,0.0,0.0
2025/05/07 10:40:47.221116149,0.1694432461457103,-16.13178786382335,0.0,0.0,0.0,-0.05174419790019498
2025/05/07 10:40:47.252647765,-0.0,0.0,0.0,0.0,0.0,0.0
2025/05/07 10:40:47.303900566,-0.0,0.0,0.0,0.0,0.0,0.0
2025/05/07 10:40:47.319049830,0.169443538784088,-16.13181119818959,0.0,0.0,0.0,-0.051806292275186
2025/05/07 10:40:47.352973329,-0.0,0.0,0.0,0.0,0.0,0.0
2025/05/07 10:40:47.403585764,-0.0,0.0,0.0,0.0,0.0,0.0
2025/05/07 10:40:47.419467602,0.169443831422461,-16.131834532555832,0.0,0.0,0.0,-0.05186838665017703
2025/05/07 10:40:47.503885760,-0.0,0.0,0.0,0.0,0.0,0.0
2025/05/07 10:40:47.521494163,0.16944412406082937,-16.131857866922076,0.0,0.0,0.0,-0.05193048102570119
2025/05/07 10:40:47.555520144,-0.0,0.0,0.0,0.0,0.0,0.0
2025/05/07 10:40:47.605237915,-0.0,0.0,0.0,0.0,0.0,0.0
2025/05/07 10:40:47.619887916,0.16944441669749488,-16.131881201288312,0.0,0.0,0.0,-0.051992575400692444
2025/05/07 10:40:47.655200978,-0.0,0.0,0.0,0.0,0.0,0.0
2025/05/07 10:40:47.705554598,-0.0,0.0,0.0,0.0,0.0,0.0
2025/05/07 10:40:47.721974396,0.16944470933415337,-16.131904535654552,0.0,0.0,0.0,-0.052054669775683696
2025/05/07 10:40:47.805129184,-0.0,0.0,0.0,0.0,0.0,0.0
2025/05/07 10:40:47.818983204,0.16944500197250312,-16.131927870020792,0.0,0.0,0.0,-0.05211676415120786
2025/05/07 10:40:47.907794902,-0.0,0.0,0.0,0.0,0.0,0.0
2025/05/07 10:40:47.920133328,0.16944529461084817,-16.131951204387036,0.0,0.0,0.0,-0.05217885852619913
2025/05/07 10:40:47.957125152,-0.0,0.0,0.0,0.0,0.0,0.0
2025/05/07 10:40:48.20973966,0.10130679284470423,-8.626699541492155,0.0,0.0,0.0,-0.15987183147665854
2025/05/07 10:40:48.122025514,0.1013069212841899,-8.6267129758867,0.0,0.0,0.0,-0.15993839364254217
2025/05/07 10:40:48.219030018,0.10130704972197506,-8.626726410281242,0.0,0.0,0.0,-0.16000495580789312
2025/05/07 10:40:48.321074538,0.10130717816145372,-8.626739844675782,0.0,0.0,0.0,-0.16007151797324407
2025/05/07 10:40:48.418835912,0.06960238995601506,-4.185479363184771,0.0,0.0,0.0,-0.1340109398675369
2025/05/07 10:40:48.533688666,0.06960243890887317,-4.185486135669677,0.0,0.0,0.0,-0.13407641584085064
2025/05/07 10:40:48.619216617,0.06960248786172894,-4.1854929081545835,0.0,0.0,0.0,-0.13414189181363148
2025/05/07 10:40:48.718987475,0.06960253681288414,-4.185499680639489,0.0,0.0,0.0,-0.13420736778641257
2025/05/07 10:40:48.819312386,0.0696025857657329,-4.185506453124394,0.0,0.0,0.0,-0.13427284375919363
2025/05/07 10:40:48.920589505,0.0696026347168811,-4.185513225609297,0.0,0.0,0.0,-0.13433831973197471
2025/05/07 10:40:49.20758292,0.06960268366972285,-4.185519998094204,0.0,0.0,0.0,-0.1344037957052887
2025/05/07 10:40:49.121830983,0.06960273262256224,-4.185526770579109,0.0,0.0,0.0,-0.13446927167806977
2025/05/07 10:40:49.219373140,0.06960278157709748,-4.185533543064018,0.0,0.0,0.0,-0.13453474765085086
2025/05/07 10:40:49.319521421,0.37969777669708427,-29.893683318915272,0.0,0.0,0.0,0.061965888357485045
2025/05/07 10:40:49.418720251,0.3876673210436842,-30.63956026486731,0.0,0.0,0.0,0.06153060362447456
2025/05/07 10:40:49.520115808,0.387668145233642,-30.63960559950888,0.0,0.0,0.0,0.06147331756511291
2025/05/07 10:40:49.619058043,0.3876689694235999,-30.639650934150456,0.0,0.0,0.0,0.06141603150575125
2025/05/07 10:40:49.720448519,0.38766979361185944,-30.639696268792022,0.0,0.0,0.0,0.06135874544585647
2025/05/07 10:40:49.819095903,0.38767061780011675,-30.639741603433595,0.0,0.0,0.0,0.06130145938649459
2025/05/07 10:40:49.919462642,0.3876714419883716,-30.63978693807516,0.0,0.0,0.0,0.0612441733271327
2025/05/07 10:40:50.18948730,0.38767226617832234,-30.639832272716735,0.0,0.0,0.0,0.06118688726777082
2025/05/07 10:40:50.120838802,0.3876730903682731,-30.639877607358304,0.0,0.0,0.0,0.06112960120840893
2025/05/07 10:40:50.219954902,0.3876739145565255,-30.639922941999874,0.0,0.0,0.0,0.06107231514904704
2025/05/07 10:40:50.319210500,0.3876747387447757,-30.639968276641447,0.0,0.0,0.0,0.06101502908968515
2025/05/07 10:40:50.419193575,0.5131175546485706,-24.679542158229555,0.0,0.0,0.0,-0.012663545741281031
2025/05/07 10:40:50.519394212,0.5131186980043518,-24.67957929158367,0.0,0.0,0.0,-0.012723943029918694
2025/05/07 10:40:50.619311951,0.5131198413601329,-24.679616424937787,0.0,0.0,0.0,-0.01278434031855658
2025/05/07 10:40:50.720020998,0.5131209847159142,-24.679653558291907,0.0,0.0,0.0,-0.012844737607194467
2025/05/07 10:40:50.818837407,0.5131221280716952,-24.679690691646027,0.0,0.0,0.0,-0.012905134895832355
2025/05/07 10:40:50.920729805,0.5131232714257783,-24.67972782500014,0.0,0.0,0.0,-0.012965532184470245
2025/05/07 10:40:51.19109658,0.5131244147798588,-24.679764958354255,0.0,0.0,0.0,-0.013025929473108138
2025/05/07 10:40:51.119040348,0.513125558133937,-24.679802091708368,0.0,0.0,0.0,-0.013086326761746033
2025/05/07 10:40:51.218887132,0.5131267014897111,-24.679839225062487,0.0,0.0,0.0,-0.013146724050383932
2025/05/07 10:40:51.320592307,0.513127844845485,-24.679876358416603,0.0,0.0,0.0,-0.013207121339021832
2025/05/07 10:40:51.418880976,0.22479619957893024,-8.88701931530966,0.0,0.0,0.0,-0.021336489083787536
2025/05/07 10:40:51.518869362,0.22479664323118928,-8.887033191974838,0.0,0.0,0.0,-0.02139722522891608
2025/05/07 10:40:51.618922651,0.22479708688344835,-8.887047068640014,0.0,0.0,0.0,-0.021457961374044633
2025/05/07 10:40:51.719461642,0.22479753053570734,-8.88706094530519,0.0,0.0,0.0,-0.021518697519173183
2025/05/07 10:40:51.818895508,0.22479797418796632,-8.887074821970364,0.0,0.0,0.0,-0.02157943366430196
2025/05/07 10:40:51.918839748,0.22479841784022733,-8.887088698633802,0.0,0.0,0.0,-0.021640169809430735
2025/05/07 10:40:52.19175561,0.22479886149248832,-8.887102575297234,0.0,0.0,0.0,-0.021700905954559764
2025/05/07 10:40:52.118914462,119.54556673667716,-1.2000592756226873,0.0,0.0,0.0,1.3621417805971372
2025/05/07 10:40:52.218842503,119.71073354387522,-2.1237427681850884,0.0,0.0,0.0,1.3136922124424886
2025/05/07 10:40:52.319317646,119.8079969517049,-24.174383626829332,0.0,0.0,0.0,1.2407623590816326
2025/05/07 10:40:52.419336727,120.18624335523275,-24.516618278829693,0.0,0.0,0.0,1.2217115905179285
2025/05/07 10:40:52.518889570,120.67088883240909,-24.694813071862253,0.0,0.0,0.0,1.21069407984909
2025/05/07 10:40:52.619492268,121.26186950450241,-24.761278402102615,0.0,0.0,0.0,1.204979659618009
2025/05/07 10:40:52.719249476,121.95914070655893,-24.75284370839641,0.0,0.0,0.0,1.2026605103535533
2025/05/07 10:40:52.819352450,122.76267135471859,-24.695381329320714,0.0,0.0,0.0,1.202409119821553
2025/05/07 10:40:52.918908414,123.6724399443659,-24.607011295875218,0.0,0.0,0.0,1.2033071750278614
2025/05/07 10:40:53.19112134,124.68843171455289,-24.50037151495964,0.0,0.0,0.0,1.2047246158632325
2025/05/07 10:40:53.119378202,125.81063664266041,-24.38422575917641,0.0,0.0,0.0,1.2062341608562681
2025/05/07 10:40:53.218980732,127.03904802838856,-24.26460248600863,0.0,0.0,0.0,1.2075509164357834
2025/05/07 10:40:53.320457505,128.30004309263853,-13.558585459959236,0.0,0.0,0.0,1.1816408928110638
2025/05/07 10:40:53.418983220,129.7426962110308,-12.957137700874174,0.0,0.0,0.0,1.1804328164943299
2025/05/07 10:40:53.520235060,131.28970887336126,-12.846671119789532,0.0,0.0,0.0,1.1803145795887588
2025/05/07 10:40:53.619139628,132.94291822718404,-12.742477721902498,0.0,0.0,0.0,1.1796017543134054
2025/05/07 10:40:53.719192465,134.70232393534903,-12.645211318219546,0.0,0.0,0.0,1.1782834133799553
2025/05/07 10:40:53.818834785,136.56792602864027,-12.555202742326545,0.0,0.0,0.0,1.1763640560117814
2025/05/07 10:40:53.918873556,138.5397247838485,-12.47256072111507,0.0,0.0,0.0,1.1738584013622892
2025/05/07 10:40:54.20675026,140.61772063872178,-12.397243006437987,0.0,0.0,0.0,1.1707877440134664
2025/05/07 10:40:54.118927496,142.8019141329606,-12.32910645252768,0.0,0.0,0.0,1.1671774121698377
2025/05/07 10:40:54.219240542,145.09230586742467,-12.267942191802124,0.0,0.0,0.0,1.1630550037571918
2025/05/07 10:40:54.320893509,147.48889647616502,-12.213500267769458,0.0,0.0,0.0,1.1584491708514055
2025/05/07 10:40:54.418866069,149.75324998221723,2.7413438915842496,0.0,0.0,0.0,1.1010280565282706
2025/05/07 10:40:54.518944675,152.3622411889851,2.7830897764917375,0.0,0.0,0.0,1.0955333422935911
2025/05/07 10:40:54.619080651,155.07743296844833,2.818958620060023,0.0,0.0,0.0,1.0896401676506318
2025/05/07 10:40:54.719161659,157.89882596357714,2.849238355671563,0.0,0.0,0.0,1.0833754388017958
2025/05/07 10:40:54.821292248,160.82642080173343,2.8742114458845416,0.0,0.0,0.0,1.076764984420785
2025/05/07 10:40:54.919078759,163.86021809282107,2.8941524605287325,0.0,0.0,0.0,1.0698334782343333
2025/05/07 10:40:55.21097118,167.0002184284019,2.9093265632192935,0.0,0.0,0.0,1.06260440585367
2025/05/07 10:40:55.118902739,170.24642238155667,2.919988631208304,0.0,0.0,0.0,1.0551000617409811
2025/05/07 10:40:55.218824161,173.59883050714507,2.926382814453891,0.0,0.0,0.0,1.047341566371341
2025/05/07 10:40:55.321426991,172.9185367946131,5.435708040138196,0.0,0.0,0.0,1.0498270107411252
2025/05/07 10:40:55.418939148,175.89912802511753,5.8060412301154605,0.0,0.0,0.0,1.094556820822972
2025/05/07 10:40:55.518834991,179.57014071334214,5.801163378224445,0.0,0.0,0.0,1.0861643362798727
2025/05/07 10:40:55.619924692,183.34735978296453,5.792891614588194,0.0,0.0,0.0,1.0775914987015764
2025/05/07 10:40:55.719269219,187.23078569926665,5.781417565660016,0.0,0.0,0.0,1.0688541372010183
2025/05/07 10:40:55.820305846,191.22041891446653,5.7669232828719785,0.0,0.0,0.0,1.0599671610001586
2025/05/07 10:40:55.919531329,195.31625986853848,5.749581639677899,0.0,0.0,0.0,1.050944605982008
2025/05/07 10:40:56.18943199,199.51830898995138,5.729556733718207,0.0,0.0,0.0,1.0417996799685887
2025/05/07 10:40:56.125005531,203.82656669643393,5.707004286517891,0.0,0.0,0.0,1.032544806424955
2025/05/07 10:40:56.220603446,208.24103339565147,5.682072035634091,0.0,0.0,0.0,1.0231916664127547
2025/05/07 10:40:56.318701999,205.11181078547435,1.5109443517707435,0.0,0.0,0.0,0.8886452414064074
2025/05/07 10:40:56.418868293,208.98944188689558,1.2288672172086703,0.0,0.0,0.0,0.8552920594628797
2025/05/07 10:40:56.519318365,213.72251280055536,1.1970513304140373,0.0,0.0,0.0,0.8456659242128206
2025/05/07 10:40:56.620047391,218.5617940331092,1.1633622065210703,0.0,0.0,0.0,0.8359807328961109
2025/05/07 10:40:56.720504591,222.19109970342154,1.1297778463702948,0.0,0.0,0.0,0.8262450191907519
2025/05/07 10:40:56.820132942,223.6188400038842,1.0978174126846216,0.0,0.0,0.0,0.8164939423168369
2025/05/07 10:40:56.920437607,223.64890159753642,1.066455344554214,0.0,0.0,0.0,0.8067828996107129
2025/05/07 10:40:57.18908254,222.8415137140388,1.0350009709124834,0.0,0.0,0.0,0.7971503583908014
2025/05/07 10:40:57.118902734,221.58479545855744,1.0029989925867655,0.0,0.0,0.0,0.7876226001761266
2025/05/07 10:40:57.220010780,220.14541757003101,0.9701590740819355,0.0,0.0,0.0,0.7782171308922767
2025/05/07 10:40:57.322577542,218.70446597267642,0.9363060534839676,0.0,0.0,0.0,0.7689451377644874
2025/05/07 10:40:57.419695861,208.18818778962105,47.18555249625193,0.0,0.0,0.0,0.6225904197886345
2025/05/07 10:40:57.518871975,207.06445696223096,47.14967071996227,0.0,0.0,0.0,0.6135703155622408
2025/05/07 10:40:57.619236635,206.18774624402786,47.112608686825844,0.0,0.0,0.0,0.6046967187347386
2025/05/07 10:40:57.720452015,205.5865561071792,47.07438589786494,0.0,0.0,0.0,0.5959690144853085
2025/05/07 10:40:57.818964446,205.27514403198722,47.03504012393651,0.0,0.0,0.0,0.5873853908095581
2025/05/07 10:40:57.919005166,205.2579946087576,46.994620806639865,0.0,0.0,0.0,0.5789431993035881
2025/05/07 10:40:58.21653171,205.53296866526495,46.95318444848463,0.0,0.0,0.0,0.5706392183674616
2025/05/07 10:40:58.118911817,206.0935176927981,46.910791409062405,0.0,0.0,0.0,0.5624698456140146
2025/05/07 10:40:58.219103152,206.93023711903658,46.86750369405927,0.0,0.0,0.0,0.5544312388106872
2025/05/07 10:40:58.320227488,198.25058122265358,-32.73621765721249,0.0,0.0,0.0,0.5924989703272114
2025/05/07 10:40:58.419459002,197.91396608963962,-44.18207160786476,0.0,0.0,0.0,0.5960366420215554
2025/05/07 10:40:58.518786673,199.50858480816532,-44.2277448827386,0.0,0.0,0.0,0.5883714207212667
2025/05/07 10:40:58.619336379,201.33051139034532,-44.274061634068225,0.0,0.0,0.0,0.5808203282694386
2025/05/07 10:40:58.719554299,203.36703708531857,-44.320966944051506,0.0,0.0,0.0,0.5733794510287437
2025/05/07 10:40:58.820715937,205.6057214274953,-44.36840826030469,0.0,0.0,0.0,0.5660449632866047
2025/05/07 10:40:58.918805667,208.03449586508182,-44.416335449474,0.0,0.0,0.0,0.558813142650751
2025/05/07 10:40:59.18835668,210.64172754073127,-44.46470079710514,0.0,0.0,0.0,0.5516803808225348
2025/05/07 10:40:59.120839643,213.41625537841043,-44.51345897140649,0.0,0.0,0.0,0.5446431908627579
2025/05/07 10:40:59.219540468,216.34740705469252,-44.5625669633131,0.0,0.0,0.0,0.537698211773593
2025/05/07 10:40:59.318955205,205.8352527879076,29.938865233464018,0.0,0.0,0.0,-0.3161865038315735
2025/05/07 10:40:59.422309279,206.85348762798935,37.685066975584135,0.0,0.0,0.0,-0.4160790257822803
2025/05/07 10:40:59.522507644,210.19529503978472,37.6327081268374,0.0,0.0,0.0,-0.4227778299447772
2025/05/07 10:40:59.620196206,213.65588728842368,37.58005223662722,0.0,0.0,0.0,-0.42939090692435566
2025/05/07 10:40:59.719067846,217.22695782163913,37.52713872949796,0.0,0.0,0.0,-0.435921357115055
2025/05/07 10:40:59.819855638,220.90062788614122,37.474004880150446,0.0,0.0,0.0,-0.44237214243988515
2025/05/07 10:40:59.921232163,224.66942796427023,37.42068591464911,0.0,0.0,0.0,-0.4487460893924736
2025/05/07 10:41:00.22242758,228.5262791227185,37.36721510898792,0.0,0.0,0.0,-0.45504589251387
2025/05/07 10:41:00.119645082,232.4644745921136,37.31362388442071,0.0,0.0,0.0,-0.4612741181894301
2025/05/07 10:41:00.219309196,236.47766178671387,37.25994189919157,0.0,0.0,0.0,-0.46743320869534233
2025/05/07 10:41:00.320537090,240.55982489699323,37.20619713648982,0.0,0.0,0.0,-0.47352548640870723
2025/05/07 10:41:00.419162009,230.47861346878352,51.82644635864958,0.0,0.0,0.0,-0.7684744542603407
2025/05/07 10:41:00.518902385,234.68189705388514,51.771692409806946,0.0,0.0,0.0,-0.7744306128042702
2025/05/07 10:41:00.621577595,238.93796573402142,51.716937241922814,0.0,0.0,0.0,-0.7803254824360495
2025/05/07 10:41:00.724714773,243.2419902748735,51.66220413401288,0.0,0.0,0.0,-0.786161020681212
2025/05/07 10:41:00.819937192,247.5894014832038,51.60751500913223,0.0,0.0,0.0,-0.7919390833229438
2025/05/07 10:41:00.921034689,251.9758769538455,51.55289050353453,0.0,0.0,0.0,-0.7976614288557016
2025/05/07 10:41:01.19209689,256.39732847544366,51.49835003245027,0.0,0.0,0.0,-0.8033297228666941
2025/05/07 10:41:01.119091197,260.8498900690025,51.4439118525616,0.0,0.0,0.0,-0.8089455423272116
2025/05/07 10:41:01.220088592,265.32990663170204,51.389593121412375,0.0,0.0,0.0,-0.8145103797787325
2025/05/07 10:41:01.320768884,269.8339231582646,51.335409953825504,0.0,0.0,0.0,-0.8200256474108518
2025/05/07 10:41:01.420202887,256.5513360622533,-15.189514220596966,0.0,0.0,0.0,-0.16416120523568667
2025/05/07 10:41:01.519425873,261.0937180228478,-15.24122135670957,0.0,0.0,0.0,-0.16961062273200822
2025/05/07 10:41:01.622464120,265.65083572407553,-15.292742368832027,0.0,0.0,0.0,-0.17501470959154874
2025/05/07 10:41:01.718905602,270.2199373552944,-15.344066236681472,0.0,0.0,0.0,-0.18037451198196805
2025/05/07 10:41:01.818841155,274.79842502952954,-15.395182659753047,0.0,0.0,0.0,-0.18569101939734237
2025/05/07 10:41:01.920907763,279.3838469159847,-15.446082020053414,0.0,0.0,0.0,-0.19096516770221245
2025/05/07 10:41:02.27889565,283.9738897744914,-15.496755346601708,0.0,0.0,0.0,-0.196197842052019
2025/05/07 10:41:02.122448166,288.5663718709757,-15.547194281819097,0.0,0.0,0.0,-0.2013898796840568
2025/05/07 10:41:02.221586863,293.159236254173,-15.59739104953242,0.0,0.0,0.0,-0.20654207258898094
2025/05/07 10:41:02.318944942,297.75054437484124,-15.647338424651144,0.0,0.0,0.0,-0.21165517005566048
2025/05/07 10:41:02.419319153,285.3245057563093,-83.02120838155412,0.0,0.0,0.0,3.044671689157561
2025/05/07 10:41:02.518908306,289.90740076522496,-83.05800623846953,0.0,0.0,0.0,3.0394636160707535
2025/05/07 10:41:02.622510228,294.4835745577859,-83.09455397467508,0.0,0.0,0.0,3.0342936114758716
2025/05/07 10:41:02.718992163,299.05150462420283,-83.13085070344829,0.0,0.0,0.0,3.0291613031567466
2025/05/07 10:41:02.819006983,303.60975949950046,-83.16689569295295,0.0,0.0,0.0,3.024066333433097
2025/05/07 10:41:02.918971109,308.1569940952472,-83.20268835766807,0.0,0.0,0.0,3.0190083582151064
2025/05/07 10:41:03.21716716,312.6919452674668,-83.23822825024325,0.0,0.0,0.0,3.0139870461180642
2025/05/07 10:41:03.118840849,317.21342760855856,-83.27351505374716,0.0,0.0,0.0,3.0090020776212967
2025/05/07 10:41:03.219300957,321.72032945175226,-83.30854857434521,0.0,0.0,0.0,3.0040531442855984
2025/05/07 10:41:03.319191818,312.9671649953716,-25.897506239421425,0.0,0.0,0.0,-0.4176404868090815
2025/05/07 10:41:03.419349622,315.15477966016783,-21.72538403409975,0.0,0.0,0.0,-1.7301182507834683
2025/05/07 10:41:03.518983127,319.6117604741822,-21.77629827652676,0.0,0.0,0.0,-1.7347544794744651
2025/05/07 10:41:03.619059400,324.05037946959936,-21.82688991999214,0.0,0.0,0.0,-1.7393593448018239
2025/05/07 10:41:03.723804504,328.46984046310666,-21.8771561952403,0.0,0.0,0.0,-1.743933239326082
2025/05/07 10:41:03.818921705,332.86940093114913,-21.927094630266225,0.0,0.0,0.0,-1.748476535551458
2025/05/07 10:41:03.919432574,337.24836922766553,-21.976703034157968,0.0,0.0,0.0,-1.7529895872021373
2025/05/07 10:41:04.19151420,341.60610194176127,-22.025979481814883,0.0,0.0,0.0,-1.7574727304311881
2025/05/07 10:41:04.122479434,345.9414692028953,-22.074922299382344,0.0,0.0,0.0,-1.7619262849579036
2025/05/07 10:41:04.218972099,350.2540365382196,-22.12353005042909,0.0,0.0,0.0,-1.7663505551393388
2025/05/07 10:41:04.320103793,335.6076441535966,19.701261417308864,0.0,0.0,0.0,-13.241504082619695
2025/05/07 10:41:04.418836367,336.99482938331624,26.40069001769154,0.0,0.0,0.0,-13.211239516684328
2025/05/07 10:41:04.521187741,341.23666030209046,26.3128756152153,0.0,0.0,0.0,-13.21515612441775
2025/05/07 10:41:04.622635681,345.4542695849085,26.22563345844974,0.0,0.0,0.0,-13.219055511145429
2025/05/07 10:41:04.719647468,349.6472879405242,26.138967570791976,0.0,0.0,0.0,-13.222937999454455
2025/05/07 10:41:04.820974699,353.81537743160345,26.05288149717677,0.0,0.0,0.0,-13.22680388504891
2025/05/07 10:41:04.918937215,357.95822981345975,25.967378330349966,0.0,0.0,0.0,-13.230653438575585
2025/05/07 10:41:05.20167911,362.07556495624254,25.882460735764187,0.0,0.0,0.0,-13.234486907351924
2025/05/07 10:41:05.122424955,366.1671293463847,25.798130975206874,0.0,0.0,0.0,-13.238304516987224
2025/05/07 10:41:05.218982357,370.2326946634143,25.714390929214098,0.0,0.0,0.0,-13.24210647290918
2025/05/07 10:41:05.319531342,374.2720564282449,25.631242118424407,0.0,0.0,0.0,-13.24589296180502
2025/05/07 10:41:05.418864572,359.81314319065694,9.277311125960216,0.0,0.0,0.0,-20.882524271980703
2025/05/07 10:41:05.521031725,363.79897234763996,9.169120551532027,0.0,0.0,0.0,-20.886065894087324
2025/05/07 10:41:05.619174896,367.75811920955977,9.061702031518138,0.0,0.0,0.0,-20.889600239485947
2025/05/07 10:41:05.718983284,371.6904624608401,8.95505663126458,0.0,0.0,0.0,-20.893127403141346
2025/05/07 10:41:05.818758256,375.5958988208334,8.84918502476615,0.0,0.0,0.0,-20.89664746176582
2025/05/07 10:41:05.924151552,379.47434205234345,8.744087517106989,0.0,0.0,0.0,-20.900160475237097
2025/05/07 10:41:06.20572576,383.32572202005593,8.639764065676063,0.0,0.0,0.0,-20.90366648793247
2025/05/07 10:41:06.120097973,387.14998379647056,8.53621430039808,0.0,0.0,0.0,-20.907165529977863
2025/05/07 10:41:06.220903566,390.94708681294816,8.433437542889381,0.0,0.0,0.0,-20.910657618421
2025/05/07 10:41:06.319390391,394.7170040535453,8.331432824578837,0.0,0.0,0.0,-20.91414275833154
2025/05/07 10:41:06.419399425,387.83035145031573,3.352177500890651,0.0,0.0,0.0,-24.986990872758533
2025/05/07 10:41:06.518853587,391.54550368868377,3.238654573392314,0.0,0.0,0.0,-24.990387824806298
2025/05/07 10:41:06.619542108,395.2334656303301,3.125996205438671,0.0,0.0,0.0,-24.993781650217908
2025/05/07 10:41:06.718998573,398.8942571881367,3.0142003434644318,0.0,0.0,0.0,-24.99717227953868
2025/05/07 10:41:06.818898914,402.52790836798897,2.903264685197187,0.0,0.0,0.0,-25.00055963469965
2025/05/07 10:41:06.919306727,406.1344586785111,2.793186695045875,0.0,0.0,0.0,-25.003943629875224
2025/05/07 10:41:07.20761162,409.7139565707687,2.6839636187010596,0.0,0.0,0.0,-25.007324172289167
2025/05/07 10:41:07.119039234,413.2664589064159,2.5755924970117507,0.0,0.0,0.0,-25.010701162965645
2025/05/07 10:41:07.219248170,416.79203045291507,2.468070179144485,0.0,0.0,0.0,-25.014074497427767
2025/05/07 10:41:07.319592693,407.90560136061737,-12.618429911978344,0.0,0.0,0.0,-23.531856613595675
2025/05/07 10:41:07.419298750,411.3776583252856,-12.720020222835794,0.0,0.0,0.0,-23.535236594972293
2025/05/07 10:41:07.518858020,414.8230206213915,-12.82080550067345,0.0,0.0,0.0,-23.538611351119886
2025/05/07 10:41:07.618920857,418.24178009081044,-12.920789423589916,0.0,0.0,0.0,-23.541980776716194
2025/05/07 10:41:07.720530103,421.6340343183404,-13.019975798052801,0.0,0.0,0.0,-23.545344763896104
2025/05/07 10:41:07.820741681,424.9998862631052,-13.11836854983398,0.0,0.0,0.0,-23.54870320268691
2025/05/07 10:41:07.918903682,428.339443908928,-13.215971715442862,0.0,0.0,0.0,-23.55205598140931
2025/05/07 10:41:08.18917116,431.6528199326583,-13.312789433951963,0.0,0.0,0.0,-23.555402987050076
2025/05/07 10:41:08.118984859,434.94013138959247,-13.408825939292539,0.0,0.0,0.0,-23.55874410560697
2025/05/07 10:41:08.218882431,438.2014994151345,-13.504085552982936,0.0,0.0,0.0,-23.56207922240948
2025/05/07 10:41:08.319684710,439.5210765337949,2.7127576788849104,0.0,0.0,0.0,-16.595726570980062
2025/05/07 10:41:08.419027982,442.7314140078357,2.6377780590646696,0.0,0.0,0.0,-16.599062218960263
2025/05/07 10:41:08.518856138,445.91618939797416,2.5634108050154927,0.0,0.0,0.0,-16.602386408018248
2025/05/07 10:41:08.620954212,449.0755374946714,2.489652138962192,0.0,0.0,0.0,-16.605699096129932
2025/05/07 10:41:08.719782791,452.209595893425,2.416498242931796,0.0,0.0,0.0,-16.609000241582045
2025/05/07 10:41:08.824615815,455.31850477812134,2.3439452626510064,0.0,0.0,0.0,-16.612289803114635
2025/05/07 10:41:08.918934385,458.4024067157019,2.271989311304498,0.0,0.0,0.0,-16.615567740052803
2025/05/07 10:41:09.19211077,461.4614464616355,2.2006264730950527,0.0,0.0,0.0,-16.618834012429538
2025/05/07 10:41:09.118907600,464.4957707755759,2.1298528065698994,0.0,0.0,0.0,-16.622088581091937
2025/05/07 10:41:09.218988297,467.5055282468106,2.0596643477756467,0.0,0.0,0.0,-16.625331407802804
2025/05/07 10:41:09.322576435,460.4666378407862,-4.363143719591284,0.0,0.0,0.0,5.1204764280646415
2025/05/07 10:41:09.420198310,463.4289681509182,-4.369632171102877,0.0,0.0,0.0,4.901674067689885
2025/05/07 10:41:09.519276655,466.3666702587962,-4.385216207095993,0.0,0.0,0.0,4.898587890337969
2025/05/07 10:41:09.624394943,469.28040901204673,-4.40066807970209,0.0,0.0,0.0,4.895527010830215
2025/05/07 10:41:09.718894628,472.1703398782508,-4.415988897414345,0.0,0.0,0.0,4.892491253668676
2025/05/07 10:41:09.821685327,475.0366192858399,-4.431179759627401,0.0,0.0,0.0,4.889480444064859
2025/05/07 10:41:09.919075206,477.8794045052235,-4.446241756753879,0.0,0.0,0.0,4.886494407948723
2025/05/07 10:41:10.24573735,480.6988535363832,-4.461175970259909,0.0,0.0,0.0,4.883532971978912
2025/05/07 10:41:10.118894508,483.49512500260965,-4.475983472767053,0.0,0.0,0.0,4.880595963552678
2025/05/07 10:41:10.218865620,486.26837805006414,-4.490665328074238,0.0,0.0,0.0,4.877683210814837
2025/05/07 10:41:10.322189609,472.42281298732775,-33.922127491391464,0.0,0.0,0.0,16.890401215185562
2025/05/07 10:41:10.419324032,475.1505152776269,-33.90921460064157,0.0,0.0,0.0,16.887667368220274
2025/05/07 10:41:10.518917131,477.8556787278919,-33.89640833364566,0.0,0.0,0.0,16.8849637527217
2025/05/07 10:41:10.618837364,480.5384636793813,-33.88370804318329,0.0,0.0,0.0,16.882290094904683
2025/05/07 10:41:10.730086707,483.19903057140726,-33.87111307353104,0.0,0.0,0.0,16.87964612308166
2025/05/07 10:41:10.818927372,485.83753987016627,-33.8586227612341,0.0,0.0,0.0,16.877031567676774
2025/05/07 10:41:10.919252895,488.45415200157873,-33.84623643587071,0.0,0.0,0.0,16.874446161237607
2025/05/07 10:41:11.22740713,491.04902728803887,-33.833953420746894,0.0,0.0,0.0,16.871889638442546
2025/05/07 10:41:11.118931458,493.6223258887291,-33.82177303355417,0.0,0.0,0.0,16.869361736112864
2025/05/07 10:41:11.219017790,496.17420774350853,-33.80969458701477,0.0,0.0,0.0,16.86686219321322
2025/05/07 10:41:11.319042538,463.37994471518664,37.846436574172074,0.0,0.0,0.0,25.298388195593215
2025/05/07 10:41:11.419720166,465.88933058617346,37.87587714317529,0.0,0.0,0.0,25.296077298009692
2025/05/07 10:41:11.519914622,468.377778860583,37.905070540179544,0.0,0.0,0.0,25.293797801502357
2025/05/07 10:41:11.622156419,470.8454480946794,37.93401861000242,0.0,0.0,0.0,25.291549390002707
2025/05/07 10:41:11.719352011,473.29249639073976,37.96272319594559,0.0,0.0,0.0,25.289331750504054
2025/05/07 10:41:11.822294838,475.71908135835855,37.99118613913747,0.0,0.0,0.0,25.287144573056146
2025/05/07 10:41:11.918977850,478.1253600780715,38.01940927780683,0.0,0.0,0.0,25.284987550752923
2025/05/07 10:41:12.19351034,480.51148906733863,38.047394446664796,0.0,0.0,0.0,25.28286037972683
2025/05/07 10:41:12.118934157,482.87762424866867,38.07514347632235,0.0,0.0,0.0,25.280762759132227
2025/05/07 10:41:12.222314892,485.22392091979344,38.1026581927541,0.0,0.0,0.0,25.278694391136643
2025/05/07 10:41:12.319626115,451.2945663166466,-12.056972399414642,0.0,0.0,0.0,27.773751631193903
2025/05/07 10:41:12.418938123,449.8409833781722,-15.595363715276658,0.0,0.0,0.0,27.813104921942795
2025/05/07 10:41:12.518869645,452.1286261208882,-15.563581470584348,0.0,0.0,0.0,27.811176826602473
2025/05/07 10:41:12.619008180,454.3970452942317,-15.53206904721738,0.0,0.0,0.0,27.80927782362579
2025/05/07 10:41:12.718942267,456.6463926857053,-15.50082430477343,0.0,0.0,0.0,27.807407612905244
2025/05/07 10:41:12.818922854,458.8768193167938,-15.469845112020698,0.0,0.0,0.0,27.805565897507723
2025/05/07 10:41:12.919225871,461.0884754248838,-15.439129347335268,0.0,0.0,0.0,27.803752383654103
2025/05/07 10:41:13.18960101,463.2815104465014,-15.408674899040081,0.0,0.0,0.0,27.80196678069177
2025/05/07 10:41:13.119076936,465.4560730018346,-15.378479665763171,0.0,0.0,0.0,27.80020880107338
2025/05/07 10:41:13.218946370,467.6123108804792,-15.348541556691908,0.0,0.0,0.0,27.79847816033248
2025/05/07 10:41:13.318866491,421.00035847737047,4.623127254427014,0.0,0.0,0.0,19.725792340460853
2025/05/07 10:41:13.419471589,422.84983579369214,5.768266820218441,0.0,0.0,0.0,19.594740794230184
2025/05/07 10:41:13.518846401,424.95212496260297,5.7833306601526955,0.0,0.0,0.0,19.592896147673823
2025/05/07 10:41:13.621920570,427.0366708311723,5.798266129768134,0.0,0.0,0.0,19.591075157117917
2025/05/07 10:41:13.719531519,429.10361686989353,5.8130742693348525,0.0,0.0,0.0,19.589277597676347
2025/05/07 10:41:13.818889529,431.1531056551522,5.827756113621901,0.0,0.0,0.0,19.587503246665857
2025/05/07 10:41:13.922950119,433.18527886182784,5.842312691817877,0.0,0.0,0.0,19.585751883587307
2025/05/07 10:41:14.18901846,435.20027725665227,5.856745027337151,0.0,0.0,0.0,19.58402329010723
2025/05/07 10:41:14.120130717,437.19824069238456,5.871054137767765,0.0,0.0,0.0,19.58231725004034
2025/05/07 10:41:14.218847723,439.1793081026086,5.885241034739737,0.0,0.0,0.0,19.580633549329683
2025/05/07 10:41:14.320375281,395.8431419163762,11.837486221658805,0.0,0.0,0.0,7.514932386525335
2025/05/07 10:41:14.418888280,397.7908719913822,11.831958903639466,0.0,0.0,0.0,7.512971540666881
2025/05/07 10:41:14.518891047,399.7221169330356,11.826478713711134,0.0,0.0,0.0,7.5110291326294085
2025/05/07 10:41:14.619697090,401.6370119620742,11.821045249173874,0.0,0.0,0.0,7.509105013831809
2025/05/07 10:41:14.721963759,403.53569136347727,11.815658111044337,0.0,0.0,0.0,7.5071990367835655
2025/05/07 10:41:14.819455771,405.41828848476854,11.810316903998043,0.0,0.0,0.0,7.505311055074833
2025/05/07 10:41:14.922167553,407.2849357348202,11.805021236322029,0.0,0.0,0.0,7.503440923376499
2025/05/07 10:41:15.20255018,409.13576458303703,11.799770719882494,0.0,0.0,0.0,7.501588497430023
2025/05/07 10:41:15.119043125,410.97090555904686,11.794564970065231,0.0,0.0,0.0,7.499753634046183
2025/05/07 10:41:15.225535991,412.79048825274396,11.789403605732637,0.0,0.0,0.0,7.4979361910973195
2025/05/07 10:41:15.319023448,368.2679118225857,2.208738587815006,0.0,0.0,0.0,-7.529902896098013
2025/05/07 10:41:15.419082515,370.05656161157947,2.181305667735918,0.0,0.0,0.0,-7.532125156815179
2025/05/07 10:41:15.518847849,371.830037945048,2.1541070902516495,0.0,0.0,0.0,-7.534333844374487
2025/05/07 10:41:15.635674148,373.5884666478059,2.127140876690732,0.0,0.0,0.0,-7.536529036371214
2025/05/07 10:41:15.719206622,375.3319726104657,2.1004050640322642,0.0,0.0,0.0,-7.5387108103842735
2025/05/07 10:41:15.819337717,377.0606797914692,2.0738977049004785,0.0,0.0,0.0,-7.540879243969386
2025/05/07 10:41:15.918863855,378.7747112193166,2.0476168674426023,0.0,0.0,0.0,-7.543034414645063
2025/05/07 10:41:16.19323832,380.4741889950981,2.0215606352796174,0.0,0.0,0.0,-7.545176399887901
2025/05/07 10:41:16.118898753,382.15923429520967,1.9957271074075367,0.0,0.0,0.0,-7.547305277117498
2025/05/07 10:41:16.218948122,383.82996737432205,1.970114398110062,0.0,0.0,0.0,-7.549421123691748
2025/05/07 10:41:16.319542343,344.4378455301959,-9.390013278193424,0.0,0.0,0.0,-20.13460384508784
2025/05/07 10:41:16.418992064,346.07995732723606,-9.432501822030972,0.0,0.0,0.0,-20.137091241818222
2025/05/07 10:41:16.523513600,347.70811515013145,-9.4746270912119,0.0,0.0,0.0,-20.13956825764939
2025/05/07 10:41:16.618868899,349.32243557552084,-9.516392166352862,0.0,0.0,0.0,-20.142034926735985
2025/05/07 10:41:16.719587842,350.92303427604577,-9.557800103128047,0.0,0.0,0.0,-20.144491283857047
2025/05/07 10:41:16.818859711,352.51002602436097,-9.598853932455658,0.0,0.0,0.0,-20.146937364399996
2025/05/07 10:41:16.919940644,354.0835246972545,-9.63955666064074,0.0,0.0,0.0,-20.14937320433812
2025/05/07 10:41:17.19221573,355.64364327990427,-9.679911269496793,0.0,0.0,0.0,-20.151798840212223
2025/05/07 10:41:17.118829836,357.1904938702233,-9.71992071650724,0.0,0.0,0.0,-20.15421430911263
2025/05/07 10:41:17.218903697,358.7241876833678,-9.759587934992323,0.0,0.0,0.0,-20.156619648658996
2025/05/07 10:41:17.319399996,333.01547735433394,-38.5673913884746,0.0,0.0,0.0,-27.230715060296966
2025/05/07 10:41:17.421416195,331.90277424919617,-43.47197448640896,0.0,0.0,0.0,-27.10705134655475
2025/05/07 10:41:17.518915880,333.39740336569605,-43.51949901452542,0.0,0.0,0.0,-27.109663004215392
2025/05/07 10:41:17.619295132,334.87931396607974,-43.56661729031594,0.0,0.0,0.0,-27.112265799964156
2025/05/07 10:41:17.721552459,336.34861290452454,-43.613332771509455,0.0,0.0,0.0,-27.114859753966147
2025/05/07 10:41:17.819395840,337.80540618131647,-43.65964888728246,0.0,0.0,0.0,-27.117444887153116
2025/05/07 10:41:17.918686516,-0.0,0.0,0.0,0.0,0.0,0.0
2025/05/07 10:41:17.919194978,339.24979894791545,-43.70556903846657,0.0,0.0,0.0,-27.120021221205196
2025/05/07 10:41:17.968990309,-0.0,0.0,0.0,0.0,0.0,0.0
2025/05/07 10:41:18.18923731,340.68189551204745,-43.75109659776083,0.0,0.0,0.0,-27.122588778527142
2025/05/07 10:41:18.19266246,-0.0,0.0,0.0,0.0,0.0,0.0
2025/05/07 10:41:18.118153124,-0.0,0.0,0.0,0.0,0.0,0.0
2025/05/07 10:41:18.119776699,342.1017993428655,-43.79623490991835,0.0,0.0,0.0,-27.125147582228337
2025/05/07 10:41:18.218692239,-0.0,0.0,0.0,0.0,0.0,0.0
2025/05/07 10:41:18.218936968,343.5096130761262,-43.840987291914765,0.0,0.0,0.0,-27.12769765610163
2025/05/07 10:41:18.317876130,-0.0,0.0,0.0,0.0,0.0,0.0
2025/05/07 10:41:18.326062709,323.4058737126795,-37.083792379481785,0.0,0.0,0.0,-33.83443299062445
2025/05/07 10:41:18.368624531,-0.0,0.0,0.0,0.0,0.0,0.0
2025/05/07 10:41:18.419756769,324.7895516304891,-37.13534321856949,0.0,0.0,0.0,-33.83719368957321
2025/05/07 10:41:18.468662997,-0.0,0.0,0.0,0.0,0.0,0.0
2025/05/07 10:41:18.519374517,-0.0,0.0,0.0,0.0,0.0,0.0
2025/05/07 10:41:18.519997308,326.1614446106014,-37.18645308326197,0.0,0.0,0.0,-33.83994661012561
2025/05/07 10:41:18.619239352,327.5216519896529,-37.237125734638255,0.0,0.0,0.0,-33.842691762895775
2025/05/07 10:41:18.619305094,-0.0,0.0,0.0,0.0,0.0,0.0
2025/05/07 10:41:18.718833672,328.87027229752806,-37.28736490237662,0.0,0.0,0.0,-33.845429159354666
2025/05/07 10:41:18.719349586,-0.0,0.0,0.0,0.0,0.0,0.0
2025/05/07 10:41:18.818827128,-0.0,0.0,0.0,0.0,0.0,0.0
2025/05/07 10:41:18.819207600,330.2074032627827,-37.337174285021334,0.0,0.0,0.0,-33.84815881181064
2025/05/07 10:41:18.871052531,-0.0,0.0,0.0,0.0,0.0,0.0
2025/05/07 10:41:18.920831421,-0.0,0.0,0.0,0.0,0.0,0.0
2025/05/07 10:41:18.924076291,331.5331418179966,-37.38655755016561,0.0,0.0,0.0,-33.85088073338323
2025/05/07 10:41:18.971811007,-0.0,0.0,0.0,0.0,0.0,0.0
2025/05/07 10:41:18.984698156,-0.0,0.0,0.0,0.0,0.0,0.0
2025/05/07 10:41:19.20563446,332.84758410520544,-37.43551833471991,0.0,0.0,0.0,-33.853594937984084
2025/05/07 10:41:19.33280296,-0.0,0.0,0.0,0.0,0.0,0.0
2025/05/07 10:41:19.120193573,334.1508254813531,-37.48406024511226,0.0,0.0,0.0,-33.85630144029445
2025/05/07 10:41:19.133683918,-0.0,0.0,0.0,0.0,0.0,0.0
2025/05/07 10:41:19.178878690,-0.0,0.0,0.0,0.0,0.0,0.0
2025/05/07 10:41:19.219740901,335.4429605236729,-37.53218685752305,0.0,0.0,0.0,-33.85900025574179
2025/05/07 10:41:19.229731689,-0.0,0.0,0.0,0.0,0.0,0.0
2025/05/07 10:41:19.280573480,-0.0,0.0,0.0,0.0,0.0,0.0
2025/05/07 10:41:19.319218789,318.83140197101244,-16.62481645815475,0.0,0.0,0.0,-44.74637958731631
2025/05/07 10:41:19.380523660,-0.0,0.0,0.0,0.0,0.0,0.0
2025/05/07 10:41:19.418733179,320.1011273603059,-16.683550282788712,0.0,0.0,0.0,-44.749452972646054
2025/05/07 10:41:19.480795013,-0.0,0.0,0.0,0.0,0.0,0.0
2025/05/07 10:41:19.518731619,321.3600295686874,-16.741781155104768,0.0,0.0,0.0,-44.75251992686487
2025/05/07 10:41:19.531357553,-0.0,0.0,0.0,0.0,0.0,0.0
2025/05/07 10:41:19.581352498,-0.0,0.0,0.0,0.0,0.0,0.0
2025/05/07 10:41:19.624250367,322.60820007537023,-16.799513371840785,0.0,0.0,0.0,-44.75558044644424
2025/05/07 10:41:19.631682374,-0.0,0.0,0.0,0.0,0.0,0.0
2025/05/07 10:41:19.719410148,323.84572960740326,-16.85675119356479,0.0,0.0,0.0,-44.75863452888181
2025/05/07 10:41:19.731923017,-0.0,0.0,0.0,0.0,0.0,0.0
2025/05/07 10:41:19.782810546,-0.0,0.0,0.0,0.0,0.0,0.0
2025/05/07 10:41:19.819240058,325.07270814507393,-16.91349884494349,0.0,0.0,0.0,-44.7616821726776
2025/05/07 10:41:19.882415102,-0.0,0.0,0.0,0.0,0.0,0.0
2025/05/07 10:41:19.919077156,326.2892249273487,-16.96976051505817,0.0,0.0,0.0,-44.764723377306616
2025/05/07 10:41:19.933293994,-0.0,0.0,0.0,0.0,0.0,0.0
2025/05/07 10:41:19.983133731,-0.0,0.0,0.0,0.0,0.0,0.0
2025/05/07 10:41:20.19568434,327.49536845731564,-17.025540357647987,0.0,0.0,0.0,-44.76775814319654
2025/05/07 10:41:20.33990466,-0.0,0.0,0.0,0.0,0.0,0.0
2025/05/07 10:41:20.118980826,328.69122650756594,-17.08084249138193,0.0,0.0,0.0,-44.770786471702486
2025/05/07 10:41:20.133807442,-0.0,0.0,0.0,0.0,0.0,0.0
2025/05/07 10:41:20.185658985,-0.0,0.0,0.0,0.0,0.0,0.0
2025/05/07 10:41:20.219159452,329.87688612562226,-17.135671000150705,0.0,0.0,0.0,-44.77380836508372
2025/05/07 10:41:20.235014942,-0.0,0.0,0.0,0.0,0.0,0.0
2025/05/07 10:41:20.285411187,-0.0,0.0,0.0,0.0,0.0,0.0
2025/05/07 10:41:20.322169511,308.55243465710373,-3.984724668841465,0.0,0.0,0.0,-56.069252374988615
2025/05/07 10:41:20.385906584,-0.0,0.0,0.0,0.0,0.0,0.0
2025/05/07 10:41:20.419863897,309.71739962838797,-4.049513015676157,0.0,0.0,0.0,-56.07267800388625
2025/05/07 10:41:20.436569933,-0.0,0.0,0.0,0.0,0.0,0.0
2025/05/07 10:41:20.519398010,310.87242772850146,-4.113746236009331,0.0,0.0,0.0,-56.076098250645465
2025/05/07 10:41:20.536190051,-0.0,0.0,0.0,0.0,0.0,0.0
2025/05/07 10:41:20.620081012,312.0176031189389,-4.1774290775833185,0.0,0.0,0.0,-56.07951310201938
2025/05/07 10:41:20.636891066,-0.0,0.0,0.0,0.0,0.0,0.0
2025/05/07 10:41:20.687899894,-0.0,0.0,0.0,0.0,0.0,0.0
2025/05/07 10:41:20.718912420,313.153009263214,-4.24056624793095,0.0,0.0,0.0,-56.0829225458859
2025/05/07 10:41:20.738536186,-0.0,0.0,0.0,0.0,0.0,0.0
2025/05/07 10:41:20.788727219,-0.0,0.0,0.0,0.0,0.0,0.0
2025/05/07 10:41:20.820921887,314.2787289321627,-4.303162414719438,0.0,0.0,0.0,-56.08632657122012
2025/05/07 10:41:20.888031227,-0.0,0.0,0.0,0.0,0.0,0.0
2025/05/07 10:41:20.919253896,315.39484420924,-4.365222206048102,0.0,0.0,0.0,-56.08972516807056
2025/05/07 10:41:20.939178387,-0.0,0.0,0.0,0.0,0.0,0.0
2025/05/07 10:41:20.989783839,-0.0,0.0,0.0,0.0,0.0,0.0
2025/05/07 10:41:21.19447046,316.501436495776,-4.42675021080073,0.0,0.0,0.0,-56.093118327528984
2025/05/07 10:41:21.41728998,-0.0,0.0,0.0,0.0,0.0,0.0
2025/05/07 10:41:21.119293092,317.598586516225,-4.487750978912416,0.0,0.0,0.0,-56.09650604171039
2025/05/07 10:41:21.139727995,-0.0,0.0,0.0,0.0,0.0,0.0
2025/05/07 10:41:21.190963633,-0.0,0.0,0.0,0.0,0.0,0.711723804473877
2025/05/07 10:41:21.195039875,-0.0,0.0,0.0,0.0,0.0,18.049449920654297
2025/05/07 10:41:21.198720591,-0.0,0.0,0.0,0.0,0.0,46.945655822753906
2025/05/07 10:41:21.202688745,-0.0,0.0,0.0,0.0,0.0,64.28338623046875
2025/05/07 10:41:21.207087167,-0.0,0.0,0.0,0.0,0.0,81.62110900878906
2025/05/07 10:41:21.210353545,-0.0,0.0,0.0,0.0,0.0,104.73807525634766
2025/05/07 10:41:21.214784551,-0.0,0.0,0.0,0.0,0.0,110.51731872558594
2025/05/07 10:41:21.219041566,-0.0,0.0,0.0,0.0,0.0,139.4135284423828
2025/05/07 10:41:21.222458922,-0.0,0.0,0.0,0.0,0.0,156.75125122070312
2025/05/07 10:41:21.224531311,318.6863743233627,-4.548229021735022,0.0,0.0,0.0,-56.09988830372445
2025/05/07 10:41:21.226789197,-0.0,0.0,0.0,0.0,0.0,168.3097381591797
2025/05/07 10:41:21.231147827,-0.0,0.0,0.0,0.0,0.0,185.6474609375
2025/05/07 10:41:21.234364711,-0.0,0.0,0.0,0.0,0.0,202.9851837158203
2025/05/07 10:41:21.238829413,-0.0,0.0,0.0,0.0,0.0,226.10215759277344
2025/05/07 10:41:21.243084518,-0.0,0.0,0.0,0.0,0.0,249.2191162109375
2025/05/07 10:41:21.246466602,-0.0,0.0,0.0,0.0,0.0,272.3360900878906
2025/05/07 10:41:21.250622822,-0.0,0.0,0.0,0.0,0.0,289.6737976074219
2025/05/07 10:41:21.255042415,-0.0,0.0,0.0,0.0,0.0,307.01153564453125
2025/05/07 10:41:21.258599146,-0.0,0.0,0.0,0.0,0.0,318.57000732421875
2025/05/07 10:41:21.262862438,-0.0,0.0,0.0,0.0,0.0,335.9077453613281
2025/05/07 10:41:21.267291968,-0.0,0.0,0.0,0.0,0.0,341.68701171875
2025/05/07 10:41:21.270496086,-0.0,0.0,0.0,0.0,0.0,353.2454833984375
2025/05/07 10:41:21.274930745,-0.0,0.0,0.0,0.0,0.0,370.5832214355469
2025/05/07 10:41:21.280136212,-0.0,0.0,0.0,0.0,0.0,382.14166259765625
2025/05/07 10:41:21.283033053,-0.0,0.0,0.0,0.0,0.0,393.7001953125
2025/05/07 10:41:21.291352362,-0.0,0.0,0.0,0.0,0.0,399.4794006347656
2025/05/07 10:41:21.294504497,-0.0,0.0,0.0,0.0,0.0,411.03790283203125
2025/05/07 10:41:21.298787956,-0.0,0.0,0.0,0.0,0.0,416.8171081542969
2025/05/07 10:41:21.306395141,-0.0,0.0,0.0,0.0,0.0,428.3756103515625
2025/05/07 10:41:21.319463123,-0.0,0.0,0.0,0.0,0.0,439.93408203125
2025/05/07 10:41:21.320318449,298.0252818830865,-43.442027934239825,0.0,0.0,0.0,-66.86480064028116
2025/05/07 10:41:21.419001367,-0.0,0.0,0.0,0.0,0.0,439.93408203125
2025/05/07 10:41:21.419104411,299.0940088458225,-43.51106443166227,0.0,0.0,0.0,-66.8685781418722
2025/05/07 10:41:21.469746953,-0.0,0.0,0.0,0.0,0.0,439.93408203125
2025/05/07 10:41:21.518879564,300.15361464741477,-43.57950977400039,0.0,0.0,0.0,-66.8723509999713
2025/05/07 10:41:21.520574189,-0.0,0.0,0.0,0.0,0.0,439.93408203125
2025/05/07 10:41:21.620141056,301.2041766647827,-43.64736902091608,0.0,0.0,0.0,-66.87611919638763
2025/05/07 10:41:21.620247145,-0.0,0.0,0.0,0.0,0.0,439.93408203125
2025/05/07 10:41:21.719839626,-0.0,0.0,0.0,0.0,0.0,439.93408203125
2025/05/07 10:41:21.720245612,302.2457716291926,-43.714647189071236,0.0,0.0,0.0,-66.87988271407384
2025/05/07 10:41:21.770590301,-0.0,0.0,0.0,0.0,0.0,439.93408203125
2025/05/07 10:41:21.818929877,303.2784756313846,-43.78134925245867,0.0,0.0,0.0,-66.88364153710218
2025/05/07 10:41:21.831084008,-0.0,0.0,0.0,0.0,0.0,445.7133483886719
2025/05/07 10:41:21.859416714,-0.0,0.0,0.0,0.0,0.0,457.2718200683594
2025/05/07 10:41:21.887215611,-0.0,0.0,0.0,0.0,0.0,463.0510559082031
2025/05/07 10:41:21.918848308,304.3023641265606,-43.84748014278765,0.0,0.0,0.0,-66.88739565063517
2025/05/07 10:41:21.938515805,-0.0,0.0,0.0,0.0,0.0,474.6095275878906
2025/05/07 10:41:22.19482761,305.31751193943177,-43.91304474979129,0.0,0.0,0.0,-66.89114504090297
2025/05/07 10:41:22.37893841,-0.0,0.0,0.0,0.0,0.0,474.6095275878906
2025/05/07 10:41:22.70239152,-0.0,0.0,0.0,0.0,0.0,486.16802978515625
2025/05/07 10:41:22.95418136,-0.0,0.0,0.0,0.0,0.0,491.9472961425781
2025/05/07 10:41:22.110532626,-0.0,0.0,0.0,0.0,0.0,503.5057678222656
2025/05/07 10:41:22.118959233,306.3239932691668,-43.97804792161362,0.0,0.0,0.0,-66.89488969517662
2025/05/07 10:41:22.119092064,-0.0,0.0,0.0,0.0,0.0,509.2850341796875
2025/05/07 10:41:22.126614506,-0.0,0.0,0.0,0.0,0.0,532.4019775390625
2025/05/07 10:41:22.130901815,-0.0,0.0,0.0,0.0,0.0,538.1812133789062
2025/05/07 10:41:22.134259281,-0.0,0.0,0.0,0.0,0.0,549.73974609375
2025/05/07 10:41:22.138685620,-0.0,0.0,0.0,0.0,0.0,567.0774536132812
2025/05/07 10:41:22.142894577,-0.0,0.0,0.0,0.0,0.0,578.6359252929688
2025/05/07 10:41:22.147184216,-0.0,0.0,0.0,0.0,0.0,595.9736328125
2025/05/07 10:41:22.150503697,-0.0,0.0,0.0,0.0,0.0,607.5321655273438
2025/05/07 10:41:22.155030562,-0.0,0.0,0.0,0.0,0.0,624.869873046875
2025/05/07 10:41:22.159339913,-0.0,0.0,0.0,0.0,0.0,630.6490478515625
2025/05/07 10:41:22.162596482,-0.0,0.0,0.0,0.0,0.0,653.7660522460938
2025/05/07 10:41:22.167212428,-0.0,0.0,0.0,0.0,0.0,659.5452880859375
2025/05/07 10:41:22.171360152,-0.0,0.0,0.0,0.0,0.0,676.8829956054688
2025/05/07 10:41:22.174621365,-0.0,0.0,0.0,0.0,0.0,688.4414672851562
2025/05/07 10:41:22.178907047,-0.0,0.0,0.0,0.0,0.0,700.0
2025/05/07 10:41:22.218991234,307.3218816943627,-44.04249446511277,0.0,0.0,0.0,-66.8986296017444
2025/05/07 10:41:22.229341441,-0.0,0.0,0.0,0.0,0.0,700.0
2025/05/07 10:41:22.322982106,285.46921963901826,-113.54682826540967,0.0,0.0,0.0,-77.68244134758447
2025/05/07 10:41:22.330386398,-0.0,0.0,0.0,0.0,0.0,700.0
2025/05/07 10:41:22.380725721,-0.0,0.0,0.0,0.0,0.0,700.0
2025/05/07 10:41:22.418845611,285.4583798148114,-116.25535222672099,0.0,0.0,0.0,-77.56749832027486
2025/05/07 10:41:22.431820276,-0.0,0.0,0.0,0.0,0.0,700.0
2025/05/07 10:41:22.518997682,286.4303190076409,-116.32701283478859,0.0,0.0,0.0,-77.57164217340699
2025/05/07 10:41:22.530772866,-0.0,0.0,0.0,0.0,0.0,700.0
2025/05/07 10:41:22.581247541,-0.0,0.0,0.0,0.0,0.0,700.0
2025/05/07 10:41:22.618910441,287.393958651284,-116.39806066301422,0.0,0.0,0.0,-77.57578191794032
2025/05/07 10:41:22.631343603,-0.0,0.0,0.0,0.0,0.0,700.0
2025/05/07 10:41:22.719057657,288.3493692514146,-116.46850095903777,0.0,0.0,0.0,-77.57991753444068
2025/05/07 10:41:22.731879140,-0.0,0.0,0.0,0.0,0.0,700.0
2025/05/07 10:41:22.818940150,289.29662072257673,-116.53833892575734,0.0,0.0,0.0,-77.58404900457299
2025/05/07 10:41:22.830978483,-0.0,0.0,0.0,0.0,0.0,700.0
2025/05/07 10:41:22.881369090,-0.0,0.0,0.0,0.0,0.0,700.0
2025/05/07 10:41:22.921436672,290.2357823929541,-116.60757972172361,0.0,0.0,0.0,-77.58817631107631
2025/05/07 10:41:22.932238630,-0.0,0.0,0.0,0.0,0.0,700.0
2025/05/07 10:41:23.11002088,-0.0,0.0,0.0,0.0,0.0,676.8829956054688
2025/05/07 10:41:23.14292013,-0.0,0.0,0.0,0.0,0.0,642.2075805664062
2025/05/07 10:41:23.18585334,-0.0,0.0,0.0,0.0,0.0,613.3113403320312
2025/05/07 10:41:23.18878195,291.1669230090386,-116.6762284615022,0.0,0.0,0.0,-77.5922994377388
2025/05/07 10:41:23.22923722,-0.0,0.0,0.0,0.0,0.0,584.4151611328125
2025/05/07 10:41:23.27191126,-0.0,0.0,0.0,0.0,0.0,549.73974609375
2025/05/07 10:41:23.30453428,-0.0,0.0,0.0,0.0,0.0,509.2850341796875
2025/05/07 10:41:23.34916550,-0.0,0.0,0.0,0.0,0.0,463.0510559082031
2025/05/07 10:41:23.39313532,-0.0,0.0,0.0,0.0,0.0,416.8171081542969
2025/05/07 10:41:23.42451219,-0.0,0.0,0.0,0.0,0.0,364.803955078125
2025/05/07 10:41:23.46671050,-0.0,0.0,0.0,0.0,0.0,231.8813934326172
2025/05/07 10:41:23.51336569,-0.0,0.0,0.0,0.0,0.0,0.0
2025/05/07 10:41:23.54636335,-0.0,0.0,0.0,0.0,0.0,-35.409664154052734
2025/05/07 10:41:23.59027070,-0.0,0.0,0.0,0.0,0.0,0.0
2025/05/07 10:41:23.109521358,-0.0,0.0,0.0,0.0,0.0,0.0
2025/05/07 10:41:23.119740503,292.09011074036675,-116.74429021601445,0.0,0.0,0.0,-77.59641836937344
2025/05/07 10:41:23.208900232,-0.0,0.0,0.0,0.0,0.0,0.0
2025/05/07 10:41:23.218825187,293.00541318413013,-116.81177001296109,0.0,0.0,0.0,-77.60053309179489
2025/05/07 10:41:23.308785770,-0.0,0.0,0.0,0.0,0.0,0.0
2025/05/07 10:41:23.318949974,281.1813984361093,-94.90842455821189,0.0,0.0,0.0,-80.67895257894783
2025/05/07 10:41:23.359462372,-0.0,0.0,0.0,0.0,0.0,0.0
2025/05/07 10:41:23.422551073,282.08095894240256,-94.97701471537151,0.0,0.0,0.0,-80.68317871312115
2025/05/07 10:41:23.459169466,-0.0,0.0,0.0,0.0,0.0,0.0
2025/05/07 10:41:23.495057869,-0.0,0.0,0.0,0.0,0.0,12.270207405090332
2025/05/07 10:41:23.500246112,-0.0,0.0,0.0,0.0,0.0,29.607933044433594
2025/05/07 10:41:23.502714225,-0.0,0.0,0.0,0.0,0.0,58.5041389465332
2025/05/07 10:41:23.507162762,-0.0,0.0,0.0,0.0,0.0,81.62110900878906
2025/05/07 10:41:23.510473834,-0.0,0.0,0.0,0.0,0.0,93.17959594726562
2025/05/07 10:41:23.514709924,-0.0,0.0,0.0,0.0,0.0,110.51731872558594
2025/05/07 10:41:23.519095638,282.9728350266197,-95.04501813334092,0.0,0.0,0.0,-80.68740076267107
2025/05/07 10:41:23.519168546,-0.0,0.0,0.0,0.0,0.0,139.4135284423828
2025/05/07 10:41:23.522480307,-0.0,0.0,0.0,0.0,0.0,150.9720001220703
2025/05/07 10:41:23.527402360,-0.0,0.0,0.0,0.0,0.0,168.3097381591797
2025/05/07 10:41:23.531131442,-0.0,0.0,0.0,0.0,0.0,185.6474609375
2025/05/07 10:41:23.534628784,-0.0,0.0,0.0,0.0,0.0,202.9851837158203
2025/05/07 10:41:23.539040871,-0.0,0.0,0.0,0.0,0.0,231.8813934326172
2025/05/07 10:41:23.543360841,-0.0,0.0,0.0,0.0,0.0,249.2191162109375
2025/05/07 10:41:23.546638108,-0.0,0.0,0.0,0.0,0.0,272.3360900878906
2025/05/07 10:41:23.551018474,-0.0,0.0,0.0,0.0,0.0,295.45306396484375
2025/05/07 10:41:23.554244762,-0.0,0.0,0.0,0.0,0.0,307.01153564453125
2025/05/07 10:41:23.558568953,-0.0,0.0,0.0,0.0,0.0,324.3492736816406
2025/05/07 10:41:23.562952180,-0.0,0.0,0.0,0.0,0.0,335.9077453613281
2025/05/07 10:41:23.567273912,-0.0,0.0,0.0,0.0,0.0,341.68701171875
2025/05/07 10:41:23.570464278,-0.0,0.0,0.0,0.0,0.0,353.2454833984375
2025/05/07 10:41:23.574829066,-0.0,0.0,0.0,0.0,0.0,364.803955078125
2025/05/07 10:41:23.579331676,-0.0,0.0,0.0,0.0,0.0,370.5832214355469
2025/05/07 10:41:23.582485439,-0.0,0.0,0.0,0.0,0.0,382.14166259765625
2025/05/07 10:41:23.586838081,-0.0,0.0,0.0,0.0,0.0,393.7001953125
2025/05/07 10:41:23.591131248,-0.0,0.0,0.0,0.0,0.0,399.4794006347656
2025/05/07 10:41:23.603133415,-0.0,0.0,0.0,0.0,0.0,411.03790283203125
2025/05/07 10:41:23.627231950,283.85709203020554,-95.11243983832283,0.0,0.0,0.0,-80.6916187141929
2025/05/07 10:41:23.703958871,-0.0,0.0,0.0,0.0,0.0,411.03790283203125
2025/05/07 10:41:23.718962458,284.73379474515133,-95.17928481362955,0.0,0.0,0.0,-80.6958325552241
2025/05/07 10:41:23.754649808,-0.0,0.0,0.0,0.0,0.0,416.8171081542969
2025/05/07 10:41:23.786868479,-0.0,0.0,0.0,0.0,0.0,428.3756103515625
2025/05/07 10:41:23.798873496,-0.0,0.0,0.0,0.0,0.0,439.93408203125
2025/05/07 10:41:23.803510761,-0.0,0.0,0.0,0.0,0.0,445.7133483886719
2025/05/07 10:41:23.806587787,-0.0,0.0,0.0,0.0,0.0,457.2718200683594
2025/05/07 10:41:23.810817910,-0.0,0.0,0.0,0.0,0.0,463.0510559082031
2025/05/07 10:41:23.818408075,-0.0,0.0,0.0,0.0,0.0,474.6095275878906
2025/05/07 10:41:23.819154996,285.60300741849073,-95.24555800001079,0.0,0.0,0.0,-80.70004227422167
2025/05/07 10:41:23.827184511,-0.0,0.0,0.0,0.0,0.0,486.16802978515625
2025/05/07 10:41:23.839086111,-0.0,0.0,0.0,0.0,0.0,491.9472961425781
2025/05/07 10:41:23.846628241,-0.0,0.0,0.0,0.0,0.0,503.5057678222656
2025/05/07 10:41:23.855343190,-0.0,0.0,0.0,0.0,0.0,509.2850341796875
2025/05/07 10:41:23.870598367,-0.0,0.0,0.0,0.0,0.0,520.843505859375
2025/05/07 10:41:23.918929141,286.4647937567085,-95.31126429603025,0.0,0.0,0.0,-80.70424786054143
2025/05/07 10:41:23.921115947,-0.0,0.0,0.0,0.0,0.0,520.843505859375
2025/05/07 10:41:24.20915319,287.3192169301571,-95.37640855840046,0.0,0.0,0.0,-80.70844930441366
2025/05/07 10:41:24.21249340,-0.0,0.0,0.0,0.0,0.0,520.843505859375
2025/05/07 10:41:24.118882248,288.1663395774222,-95.44099560237686,0.0,0.0,0.0,-80.71264659692572
2025/05/07 10:41:24.120841749,-0.0,0.0,0.0,0.0,0.0,520.843505859375
2025/05/07 10:41:24.221463287,289.00622380966365,-95.50503020205113,0.0,0.0,0.0,-80.71683972999996
2025/05/07 10:41:24.221670218,-0.0,0.0,0.0,0.0,0.0,520.843505859375
2025/05/07 10:41:24.278330352,-0.0,0.0,0.0,0.0,0.0,532.4019775390625
2025/05/07 10:41:24.298884807,-0.0,0.0,0.0,0.0,0.0,538.1812133789062
2025/05/07 10:41:24.306511659,-0.0,0.0,0.0,0.0,0.0,549.73974609375
2025/05/07 10:41:24.315121273,-0.0,0.0,0.0,0.0,0.0,561.2981567382812
2025/05/07 10:41:24.319228359,281.84758192672757,-38.78747737286993,0.0,0.0,0.0,-77.03013141172755
2025/05/07 10:41:24.323011945,-0.0,0.0,0.0,0.0,0.0,567.0774536132812
2025/05/07 10:41:24.339502154,-0.0,0.0,0.0,0.0,0.0,578.6359252929688
2025/05/07 10:41:24.367268848,-0.0,0.0,0.0,0.0,0.0,584.4151611328125
2025/05/07 10:41:24.417704874,-0.0,0.0,0.0,0.0,0.0,584.4151611328125
2025/05/07 10:41:24.419148270,282.67335827165675,-38.84787101460488,0.0,0.0,0.0,-77.0341737556977
2025/05/07 10:41:24.468516089,-0.0,0.0,0.0,0.0,0.0,584.4151611328125
2025/05/07 10:41:24.518376265,-0.0,0.0,0.0,0.0,0.0,584.4151611328125
2025/05/07 10:41:24.518855572,283.4920778414626,-38.90774741123964,0.0,0.0,0.0,-77.03821176382505
2025/05/07 10:41:24.568634848,-0.0,0.0,0.0,0.0,0.0,584.4151611328125
2025/05/07 10:41:24.619461239,284.3038006936376,-38.96711099483042,0.0,0.0,0.0,-77.04224543411075
2025/05/07 10:41:24.668639495,-0.0,0.0,0.0,0.0,0.0,584.4151611328125
2025/05/07 10:41:24.679123806,-0.0,0.0,0.0,0.0,0.0,595.9736328125
2025/05/07 10:41:24.718876388,285.10858637939447,-39.02596615951965,0.0,0.0,0.0,-77.04627476524443
2025/05/07 10:41:24.779780522,-0.0,0.0,0.0,0.0,0.0,595.9736328125
2025/05/07 10:41:24.819015211,285.90649394779655,-39.0843172619114,0.0,0.0,0.0,-77.05029975658297
2025/05/07 10:41:24.830224777,-0.0,0.0,0.0,0.0,0.0,595.9736328125
2025/05/07 10:41:24.880636891,-0.0,0.0,0.0,0.0,0.0,595.9736328125
2025/05/07 10:41:24.919011017,286.69758194988924,-39.14216862135395,0.0,0.0,0.0,-77.05432040813533
2025/05/07 10:41:24.930992848,-0.0,0.0,0.0,0.0,0.0,595.9736328125
2025/05/07 10:41:25.19125565,287.4819084427964,-39.19952452027205,0.0,0.0,0.0,-77.05833672054658
2025/05/07 10:41:25.31298502,-0.0,0.0,0.0,0.0,0.0,595.9736328125
2025/05/07 10:41:25.121711512,288.25953099376113,-39.256389204477166,0.0,0.0,0.0,-77.06234869508086
2025/05/07 10:41:25.130453372,-0.0,0.0,0.0,0.0,0.0,595.9736328125
2025/05/07 10:41:25.151699516,-0.0,0.0,0.0,0.0,0.0,607.5321655273438
2025/05/07 10:41:25.201184511,-0.0,0.0,0.0,0.0,0.0,607.5321655273438
2025/05/07 10:41:25.219013921,289.03050668422816,-39.312766883446024,0.0,0.0,0.0,-77.06635633360524
2025/05/07 10:41:25.287055394,-0.0,0.0,0.0,0.0,0.0,613.3113403320312
2025/05/07 10:41:25.318935544,273.21047479974976,-43.948668717463484,0.0,0.0,0.0,-70.28277061863353
2025/05/07 10:41:25.337407946,-0.0,0.0,0.0,0.0,0.0,613.3113403320312
2025/05/07 10:41:25.351374383,-0.0,0.0,0.0,0.0,0.0,624.869873046875
2025/05/07 10:41:25.402875740,-0.0,0.0,0.0,0.0,0.0,624.869873046875
2025/05/07 10:41:25.423545005,273.96862788244835,-43.99981727632867,0.0,0.0,0.0,-70.28649778663778
2025/05/07 10:41:25.430755064,-0.0,0.0,0.0,0.0,0.0,630.6490478515625
2025/05/07 10:41:25.466998392,-0.0,0.0,0.0,0.0,0.0,642.2075805664062
2025/05/07 10:41:25.502827226,-0.0,0.0,0.0,0.0,0.0,653.7660522460938
2025/05/07 10:41:25.520644409,274.72029990359096,-44.05052786472264,0.0,0.0,0.0,-70.29022038202413
2025/05/07 10:41:25.543098759,-0.0,0.0,0.0,0.0,0.0,659.5452880859375
2025/05/07 10:41:25.587379593,-0.0,0.0,0.0,0.0,0.0,671.103759765625
2025/05/07 10:41:25.623697499,275.465546062756,-44.10080423610815,0.0,0.0,0.0,-70.2939384135568
2025/05/07 10:41:25.679445122,-0.0,0.0,0.0,0.0,0.0,676.8829956054688
2025/05/07 10:41:25.719101037,276.20442109322727,-44.15065011184298,0.0,0.0,0.0,-70.29765189044645
2025/05/07 10:41:25.726692001,-0.0,0.0,0.0,0.0,0.0,688.4414672851562
2025/05/07 10:41:25.819304967,261.1822768049052,-70.69775352478702,0.0,0.0,0.0,-68.12850474666443
2025/05/07 10:41:25.826335189,-0.0,0.0,0.0,0.0,0.0,688.4414672851562
2025/05/07 10:41:25.827335972,-0.0,0.0,0.0,0.0,0.0,700.0
2025/05/07 10:41:25.918975927,259.4942245280499,-74.87061360076987,0.0,0.0,0.0,-67.97044266857306
2025/05/07 10:41:25.935587230,-0.0,0.0,0.0,0.0,0.0,700.0
2025/05/07 10:41:25.983704699,-0.0,0.0,0.0,0.0,0.0,700.0
2025/05/07 10:41:26.19182825,260.214402450451,-74.91785257698025,0.0,0.0,0.0,-67.97404939678688
2025/05/07 10:41:26.83095564,-0.0,0.0,0.0,0.0,0.0,700.0
2025/05/07 10:41:26.119520890,260.9284228031133,-74.96468748799076,0.0,0.0,0.0,-67.977651536625
2025/05/07 10:41:26.134415855,-0.0,0.0,0.0,0.0,0.0,700.0
2025/05/07 10:41:26.184436896,-0.0,0.0,0.0,0.0,0.0,700.0
2025/05/07 10:41:26.223989649,261.63633805176903,-75.01112179700205,0.0,0.0,0.0,-67.98124910075762
2025/05/07 10:41:26.284753214,-0.0,0.0,0.0,0.0,0.0,700.0
2025/05/07 10:41:26.318938612,262.33820021848237,-75.05715893756542,0.0,0.0,0.0,-67.98484210220151
2025/05/07 10:41:26.335596931,-0.0,0.0,0.0,0.0,0.0,700.0
2025/05/07 10:41:26.419339738,263.0340608853563,-75.10280231386618,0.0,0.0,0.0,-67.98843055431165
2025/05/07 10:41:26.435785022,-0.0,0.0,0.0,0.0,0.0,700.0
2025/05/07 10:41:26.519400176,263.72397119815577,-75.14805530092713,0.0,0.0,0.0,-67.99201447076727
2025/05/07 10:41:26.536583824,-0.0,0.0,0.0,0.0,0.0,700.0
2025/05/07 10:41:26.585413300,-0.0,0.0,0.0,0.0,0.0,700.0
2025/05/07 10:41:26.620019027,264.4079818699487,-75.19292124491206,0.0,0.0,0.0,-67.99559386556344
2025/05/07 10:41:26.685653752,-0.0,0.0,0.0,0.0,0.0,700.0
2025/05/07 10:41:26.786930607,-0.0,0.0,0.0,0.0,0.0,700.0
2025/05/07 10:41:26.842329135,-0.0,0.0,0.0,0.0,0.0,700.0
2025/05/07 10:41:26.937825447,-0.0,0.0,0.0,0.0,0.0,700.0
2025/05/07 10:41:27.39321700,-0.0,0.0,0.0,0.0,0.0,700.0
2025/05/07 10:41:27.140078253,-0.0,0.0,0.0,0.0,0.0,700.0
2025/05/07 10:41:27.190872213,-0.0,0.0,0.0,0.0,0.0,700.0
2025/05/07 10:41:27.241747161,-0.0,0.0,0.0,0.0,0.0,700.0
2025/05/07 10:41:27.291745622,-0.0,0.0,0.0,0.0,0.0,700.0
2025/05/07 10:41:27.391393543,-0.0,0.0,0.0,0.0,0.0,700.0
2025/05/07 10:41:27.491825490,-0.0,0.0,0.0,0.0,0.0,700.0
2025/05/07 10:41:27.542388803,-0.0,0.0,0.0,0.0,0.0,700.0
2025/05/07 10:41:27.642824224,-0.0,0.0,0.0,0.0,0.0,700.0
2025/05/07 10:41:27.742159407,-0.0,0.0,0.0,0.0,0.0,700.0
2025/05/07 10:41:27.841931498,-0.0,0.0,0.0,0.0,0.0,700.0
2025/05/07 10:41:27.943550610,-0.0,0.0,0.0,0.0,0.0,700.0
2025/05/07 10:41:28.44163937,-0.0,0.0,0.0,0.0,0.0,700.0
2025/05/07 10:41:28.142646790,-0.0,0.0,0.0,0.0,0.0,700.0
2025/05/07 10:41:28.242613159,-0.0,0.0,0.0,0.0,0.0,700.0
2025/05/07 10:41:28.342344993,-0.0,0.0,0.0,0.0,0.0,700.0
2025/05/07 10:41:28.392384474,-0.0,0.0,0.0,0.0,0.0,700.0
2025/05/07 10:41:28.492287340,-0.0,0.0,0.0,0.0,0.0,700.0
2025/05/07 10:41:28.592313435,-0.0,0.0,0.0,0.0,0.0,700.0
2025/05/07 10:41:28.691989201,-0.0,0.0,0.0,0.0,0.0,700.0
2025/05/07 10:41:28.742282969,-0.0,0.0,0.0,0.0,0.0,700.0
2025/05/07 10:41:28.842993965,-0.0,0.0,0.0,0.0,0.0,700.0
2025/05/07 10:41:28.893724435,-0.0,0.0,0.0,0.0,0.0,700.0
2025/05/07 10:41:28.945408541,-0.0,0.0,0.0,0.0,0.0,700.0
2025/05/07 10:41:29.43813004,-0.0,0.0,0.0,0.0,0.0,700.0
2025/05/07 10:41:29.143617645,-0.0,0.0,0.0,0.0,0.0,700.0
2025/05/07 10:41:29.242897302,-0.0,0.0,0.0,0.0,0.0,700.0
2025/05/07 10:41:29.292967063,-0.0,0.0,0.0,0.0,0.0,700.0
2025/05/07 10:41:29.343703250,-0.0,0.0,0.0,0.0,0.0,700.0
2025/05/07 10:41:29.443823950,-0.0,0.0,0.0,0.0,0.0,700.0
2025/05/07 10:41:29.543617047,-0.0,0.0,0.0,0.0,0.0,700.0
2025/05/07 10:41:29.644880779,-0.0,0.0,0.0,0.0,0.0,700.0
2025/05/07 10:41:29.744577944,-0.0,0.0,0.0,0.0,0.0,700.0
2025/05/07 10:41:29.844995457,-0.0,0.0,0.0,0.0,0.0,700.0
2025/05/07 10:41:29.895163237,-0.0,0.0,0.0,0.0,0.0,700.0
2025/05/07 10:41:29.946777789,-0.0,0.0,0.0,0.0,0.0,700.0
2025/05/07 10:41:29.997444377,-0.0,0.0,0.0,0.0,0.0,700.0
2025/05/07 10:41:30.103307958,-0.0,0.0,0.0,0.0,0.0,700.0
2025/05/07 10:41:30.196449129,-0.0,0.0,0.0,0.0,0.0,700.0
2025/05/07 10:41:30.295993959,-0.0,0.0,0.0,0.0,0.0,700.0
2025/05/07 10:41:30.346899783,-0.0,0.0,0.0,0.0,0.0,700.0
2025/05/07 10:41:30.397561501,-0.0,0.0,0.0,0.0,0.0,700.0
2025/05/07 10:41:30.497354387,-0.0,0.0,0.0,0.0,0.0,700.0
2025/05/07 10:41:30.547890552,-0.0,0.0,0.0,0.0,0.0,700.0
2025/05/07 10:41:30.598276418,-0.0,0.0,0.0,0.0,0.0,700.0
2025/05/07 10:41:30.648863902,-0.0,0.0,0.0,0.0,0.0,700.0
2025/05/07 10:41:30.748828093,-0.0,0.0,0.0,0.0,0.0,700.0
2025/05/07 10:41:30.798668523,-0.0,0.0,0.0,0.0,0.0,700.0
2025/05/07 10:41:30.848824301,-0.0,0.0,0.0,0.0,0.0,700.0
2025/05/07 10:41:30.900874804,-0.0,0.0,0.0,0.0,0.0,700.0
2025/05/07 10:41:31.267301,-0.0,0.0,0.0,0.0,0.0,700.0
2025/05/07 10:41:31.100731503,-0.0,0.0,0.0,0.0,0.0,700.0
2025/05/07 10:41:31.199770948,-0.0,0.0,0.0,0.0,0.0,700.0
2025/05/07 10:41:31.299203776,-0.0,0.0,0.0,0.0,0.0,700.0
2025/05/07 10:41:31.350004079,-0.0,0.0,0.0,0.0,0.0,700.0
2025/05/07 10:41:31.400771039,-0.0,0.0,0.0,0.0,0.0,700.0
2025/05/07 10:41:31.455115471,-0.0,0.0,0.0,0.0,0.0,700.0
2025/05/07 10:41:31.554788507,-0.0,0.0,0.0,0.0,0.0,700.0
2025/05/07 10:41:31.654199405,-0.0,0.0,0.0,0.0,0.0,700.0
2025/05/07 10:41:31.756376246,-0.0,0.0,0.0,0.0,0.0,700.0
2025/05/07 10:41:31.803487303,-0.0,0.0,0.0,0.0,0.0,676.8829956054688
2025/05/07 10:41:31.807050070,-0.0,0.0,0.0,0.0,0.0,659.5452880859375
2025/05/07 10:41:31.811656445,-0.0,0.0,0.0,0.0,0.0,642.2075805664062
2025/05/07 10:41:31.815435200,-0.0,0.0,0.0,0.0,0.0,613.3113403320312
2025/05/07 10:41:31.820164373,-0.0,0.0,0.0,0.0,0.0,595.9736328125
2025/05/07 10:41:31.824068887,-0.0,0.0,0.0,0.0,0.0,578.6359252929688
2025/05/07 10:41:31.828087690,-0.0,0.0,0.0,0.0,0.0,549.73974609375
2025/05/07 10:41:31.832480131,-0.0,0.0,0.0,0.0,0.0,520.843505859375
2025/05/07 10:41:31.835941417,-0.0,0.0,0.0,0.0,0.0,491.9472961425781
2025/05/07 10:41:31.841569709,-0.0,0.0,0.0,0.0,0.0,463.0510559082031
2025/05/07 10:41:31.844014873,-0.0,0.0,0.0,0.0,0.0,439.93408203125
2025/05/07 10:41:31.847568853,-0.0,0.0,0.0,0.0,0.0,399.4794006347656
2025/05/07 10:41:31.851313505,-0.0,0.0,0.0,0.0,0.0,364.803955078125
2025/05/07 10:41:31.855905816,-0.0,0.0,0.0,0.0,0.0,324.3492736816406
2025/05/07 10:41:31.860252131,-0.0,0.0,0.0,0.0,0.0,289.6737976074219
2025/05/07 10:41:31.864194651,-0.0,0.0,0.0,0.0,0.0,249.2191162109375
2025/05/07 10:41:31.868687539,-0.0,0.0,0.0,0.0,0.0,214.54367065429688
2025/05/07 10:41:31.871776576,-0.0,0.0,0.0,0.0,0.0,179.86822509765625
2025/05/07 10:41:31.875054991,-0.0,0.0,0.0,0.0,0.0,150.9720001220703
2025/05/07 10:41:31.879609157,-0.0,0.0,0.0,0.0,0.0,122.07579803466797
2025/05/07 10:41:31.884120547,-0.0,0.0,0.0,0.0,0.0,93.17959594726562
2025/05/07 10:41:31.887307990,-0.0,0.0,0.0,0.0,0.0,75.84186553955078
2025/05/07 10:41:31.891159029,-0.0,0.0,0.0,0.0,0.0,35.38717269897461
2025/05/07 10:41:31.894430159,-0.0,0.0,0.0,0.0,0.0,0.711723804473877
2025/05/07 10:41:31.899141365,-0.0,0.0,0.0,0.0,0.0,0.0
2025/05/07 10:41:31.953182691,-0.0,0.0,0.0,0.0,0.0,0.0
2025/05/07 10:41:32.52551034,-0.0,0.0,0.0,0.0,0.0,0.0
2025/05/07 10:41:32.152508747,-0.0,0.0,0.0,0.0,0.0,0.0
2025/05/07 10:41:32.252745347,-0.0,0.0,0.0,0.0,0.0,0.0
2025/05/07 10:41:32.352543654,-0.0,0.0,0.0,0.0,0.0,0.0
2025/05/07 10:41:32.452308890,-0.0,0.0,0.0,0.0,0.0,0.0
2025/05/07 10:41:32.502701076,-0.0,0.0,0.0,0.0,0.0,0.0
2025/05/07 10:41:32.604780203,-0.0,0.0,0.0,0.0,0.0,0.0
2025/05/07 10:41:32.705057806,-0.0,0.0,0.0,0.0,0.0,0.0
2025/05/07 10:41:32.804383462,-0.0,0.0,0.0,0.0,0.0,0.0
2025/05/07 10:41:32.854887394,-0.0,0.0,0.0,0.0,0.0,0.0
2025/05/07 10:41:32.905469411,-0.0,0.0,0.0,0.0,0.0,0.0
2025/05/07 10:41:33.6568618,-0.0,0.0,0.0,0.0,0.0,0.0
2025/05/07 10:41:33.105936498,-0.0,0.0,0.0,0.0,0.0,0.0
2025/05/07 10:41:33.156366889,-0.0,0.0,0.0,0.0,0.0,0.0
2025/05/07 10:41:33.206082664,-0.0,0.0,0.0,0.0,0.0,0.0
2025/05/07 10:41:33.256557193,-0.0,0.0,0.0,0.0,0.0,0.0
2025/05/07 10:41:33.356950688,-0.0,0.0,0.0,0.0,0.0,0.0
2025/05/07 10:41:33.406821246,-0.0,0.0,0.0,0.0,0.0,0.0
2025/05/07 10:41:33.457465402,-0.0,0.0,0.0,0.0,0.0,0.0
2025/05/07 10:41:33.556830877,-0.0,0.0,0.0,0.0,0.0,0.0
2025/05/07 10:41:33.608015316,-0.0,0.0,0.0,0.0,0.0,0.0
2025/05/07 10:41:33.658410555,-0.0,0.0,0.0,0.0,0.0,0.0
