time,data
2025/05/07 10:29:52.308511526,45.03501945525292
2025/05/07 10:29:52.418428424,45.03501945525292
2025/05/07 10:29:52.548074272,45.03501945525292
2025/05/07 10:29:52.672127674,45.03501945525292
2025/05/07 10:29:52.802022745,45.03501945525292
2025/05/07 10:29:52.982798028,45.03501945525292
2025/05/07 10:29:53.117750691,45.03501945525292
2025/05/07 10:29:53.247677171,45.03501945525292
2025/05/07 10:29:53.362140094,45.03501945525292
2025/05/07 10:29:53.479464255,45.03501945525292
2025/05/07 10:29:53.615596752,45.03501945525292
2025/05/07 10:29:53.738972608,45.03501945525292
2025/05/07 10:29:53.881788902,45.03501945525292
2025/05/07 10:29:54.13334105,45.03501945525292
2025/05/07 10:29:54.116705853,45.03501945525292
2025/05/07 10:29:54.234829627,45.03501945525292
2025/05/07 10:29:54.348176559,45.03501945525292
2025/05/07 10:29:54.467288283,45.03501945525292
2025/05/07 10:29:54.580525067,45.03501945525292
2025/05/07 10:29:54.684850886,45.03501945525292
2025/05/07 10:29:54.809524668,45.03501945525292
2025/05/07 10:29:54.922426307,45.03501945525292
2025/05/07 10:29:55.25415170,45.03501945525292
2025/05/07 10:29:55.150504398,45.03501945525292
2025/05/07 10:29:55.250830720,45.03501945525292
2025/05/07 10:29:55.372556999,45.03501945525292
2025/05/07 10:29:55.492342726,45.03501945525292
2025/05/07 10:29:55.612835380,45.03501945525292
2025/05/07 10:29:55.761863172,45.03501945525292
2025/05/07 10:29:55.857259395,45.03501945525292
2025/05/07 10:29:55.979900864,45.03501945525292
2025/05/07 10:29:56.72500133,45.03501945525292
2025/05/07 10:29:56.180826955,45.03501945525292
2025/05/07 10:29:56.299144190,45.03501945525292
2025/05/07 10:29:56.420394635,45.03501945525292
2025/05/07 10:29:56.531066070,45.03501945525292
2025/05/07 10:29:56.635606334,45.03501945525292
2025/05/07 10:29:56.760722879,45.03501945525292
2025/05/07 10:29:56.876440108,45.03501945525292
2025/05/07 10:29:56.985604905,45.03501945525292
2025/05/07 10:29:57.92730518,45.03501945525292
2025/05/07 10:29:57.209816760,45.03501945525292
2025/05/07 10:29:57.312497939,45.03501945525292
2025/05/07 10:29:57.421371565,45.03501945525292
2025/05/07 10:29:57.528579324,45.03501945525292
2025/05/07 10:29:57.634997677,45.03501945525292
2025/05/07 10:29:57.743810299,45.03501945525292
2025/05/07 10:29:57.849803161,45.03501945525292
2025/05/07 10:29:57.958066845,45.03501945525292
2025/05/07 10:29:58.52564291,45.03501945525292
2025/05/07 10:29:58.158936438,45.03501945525292
2025/05/07 10:29:58.264292247,45.03501945525292
2025/05/07 10:29:58.355819345,45.03501945525292
2025/05/07 10:29:58.461559670,45.03501945525292
2025/05/07 10:29:58.568814214,45.03501945525292
2025/05/07 10:29:58.659281446,45.03501945525292
2025/05/07 10:29:58.764959003,45.03501945525292
2025/05/07 10:29:58.874509624,45.03501945525292
2025/05/07 10:29:58.963633324,45.03501945525292
2025/05/07 10:29:59.69942804,45.03501945525292
2025/05/07 10:29:59.181303436,45.03501945525292
2025/05/07 10:29:59.291689115,45.03501945525292
2025/05/07 10:29:59.404637516,45.03501945525292
2025/05/07 10:29:59.526399419,45.03501945525292
2025/05/07 10:29:59.635867128,45.03501945525292
2025/05/07 10:29:59.726561020,45.03501945525292
2025/05/07 10:29:59.834764761,45.03501945525292
2025/05/07 10:29:59.941183426,45.03501945525292
2025/05/07 10:30:00.32113773,45.03501945525292
2025/05/07 10:30:00.139436184,45.03501945525292
2025/05/07 10:30:00.256577671,45.03501945525292
2025/05/07 10:30:00.365067124,45.03501945525292
2025/05/07 10:30:00.467385337,45.03501945525292
2025/05/07 10:30:00.581176095,45.03501945525292
2025/05/07 10:30:00.691866231,45.03501945525292
2025/05/07 10:30:00.792738788,45.03501945525292
2025/05/07 10:30:00.896444416,45.03501945525292
2025/05/07 10:30:01.2885956,45.03501945525292
2025/05/07 10:30:01.97496744,45.03501945525292
2025/05/07 10:30:01.201081351,45.03501945525292
2025/05/07 10:30:01.309746522,45.03501945525292
2025/05/07 10:30:01.401188141,45.03501945525292
2025/05/07 10:30:01.506412644,45.03501945525292
2025/05/07 10:30:01.613298052,45.03501945525292
2025/05/07 10:30:01.708325345,45.03501945525292
2025/05/07 10:30:01.816862333,45.03501945525292
2025/05/07 10:30:01.929092835,45.03501945525292
2025/05/07 10:30:02.33280967,45.03501945525292
2025/05/07 10:30:02.120360694,45.03501945525292
2025/05/07 10:30:02.235575695,45.03501945525292
2025/05/07 10:30:02.339544809,45.03501945525292
2025/05/07 10:30:02.425229421,45.03501945525292
2025/05/07 10:30:02.536172069,45.03501945525292
2025/05/07 10:30:02.643693164,45.03501945525292
2025/05/07 10:30:02.770506182,45.03501945525292
2025/05/07 10:30:02.877977766,45.03501945525292
2025/05/07 10:30:02.986620531,45.03501945525292
2025/05/07 10:30:03.105356754,45.03501945525292
2025/05/07 10:30:03.209635819,45.03501945525292
2025/05/07 10:30:03.316198908,45.03501945525292
2025/05/07 10:30:03.422632786,45.03501945525292
2025/05/07 10:30:03.514427257,45.03501945525292
2025/05/07 10:30:03.620805180,45.03501945525292
2025/05/07 10:30:03.727789659,45.03501945525292
2025/05/07 10:30:03.808950932,45.03501945525292
2025/05/07 10:30:03.914158226,45.03501945525292
2025/05/07 10:30:04.14316660,45.03501945525292
2025/05/07 10:30:04.121813080,45.03501945525292
2025/05/07 10:30:04.230026241,45.03501945525292
2025/05/07 10:30:04.338470392,45.03501945525292
2025/05/07 10:30:04.443214227,45.03501945525292
2025/05/07 10:30:04.548373689,45.03501945525292
2025/05/07 10:30:04.657244323,45.03501945525292
2025/05/07 10:30:04.756515501,45.03501945525292
2025/05/07 10:30:04.863127930,45.03501945525292
2025/05/07 10:30:04.990476764,45.03501945525292
2025/05/07 10:30:05.100274471,45.03501945525292
2025/05/07 10:30:05.213920655,45.03501945525292
2025/05/07 10:30:05.358301951,45.03501945525292
2025/05/07 10:30:05.464903334,45.03501945525292
2025/05/07 10:30:05.571536667,45.03501945525292
2025/05/07 10:30:05.668273813,45.03501945525292
2025/05/07 10:30:05.770684430,45.03501945525292
2025/05/07 10:30:05.879526472,45.03501945525292
2025/05/07 10:30:05.973636315,45.03501945525292
2025/05/07 10:30:06.78807054,45.03501945525292
2025/05/07 10:30:06.184345764,45.03501945525292
2025/05/07 10:30:06.278365707,45.03501945525292
2025/05/07 10:30:06.384039252,45.03501945525292
2025/05/07 10:30:06.489023595,45.03501945525292
2025/05/07 10:30:06.582189555,45.03501945525292
2025/05/07 10:30:06.688803818,45.03501945525292
2025/05/07 10:30:06.795559879,45.03501945525292
2025/05/07 10:30:06.888542852,45.03501945525292
2025/05/07 10:30:06.997847227,45.03501945525292
2025/05/07 10:30:07.122653113,45.03501945525292
2025/05/07 10:30:07.246263901,45.03501945525292
2025/05/07 10:30:07.344525339,45.03501945525292
2025/05/07 10:30:07.456956992,45.03501945525292
2025/05/07 10:30:07.572618641,45.03501945525292
2025/05/07 10:30:07.700839001,45.03501945525292
2025/05/07 10:30:07.854214945,45.03501945525292
2025/05/07 10:30:07.983913781,45.03501945525292
2025/05/07 10:30:08.88385367,45.03501945525292
2025/05/07 10:30:08.201989586,45.03501945525292
2025/05/07 10:30:08.334061762,45.03501945525292
2025/05/07 10:30:08.454077017,45.03501945525292
2025/05/07 10:30:08.570467316,45.03501945525292
2025/05/07 10:30:08.706264803,45.03501945525292
2025/05/07 10:30:08.821951675,45.03501945525292
2025/05/07 10:30:08.939078835,45.03501945525292
2025/05/07 10:30:09.95652590,45.03501945525292
2025/05/07 10:30:09.225017961,45.03501945525292
2025/05/07 10:30:09.326312655,45.03501945525292
2025/05/07 10:30:09.435847875,45.03501945525292
2025/05/07 10:30:09.544501484,45.03501945525292
2025/05/07 10:30:09.630043766,45.03501945525292
2025/05/07 10:30:09.735570070,45.03501945525292
2025/05/07 10:30:09.841442816,45.03501945525292
2025/05/07 10:30:09.935221795,45.03501945525292
2025/05/07 10:30:10.40131094,45.03501945525292
2025/05/07 10:30:10.145954011,45.03501945525292
2025/05/07 10:30:10.242590772,45.03501945525292
2025/05/07 10:30:10.348472134,45.03501945525292
2025/05/07 10:30:10.453386628,45.03501945525292
2025/05/07 10:30:10.544529211,45.03501945525292
2025/05/07 10:30:10.649471787,45.03501945525292
2025/05/07 10:30:10.755917969,45.03501945525292
2025/05/07 10:30:10.849969410,45.03501945525292
2025/05/07 10:30:10.952700881,45.03501945525292
2025/05/07 10:30:11.59247619,45.03501945525292
2025/05/07 10:30:11.143439708,45.03501945525292
2025/05/07 10:30:11.248539818,45.03501945525292
2025/05/07 10:30:11.357940927,45.03501945525292
2025/05/07 10:30:11.458292415,45.03501945525292
2025/05/07 10:30:11.563678327,45.03501945525292
2025/05/07 10:30:11.669178283,45.03501945525292
2025/05/07 10:30:11.763209713,44.6147859922179
2025/05/07 10:30:11.870096251,41.988326848249024
2025/05/07 10:30:11.974949559,38.73151750972763
2025/05/07 10:30:12.67261134,35.08949416342413
2025/05/07 10:30:12.170476860,31.657587548638134
2025/05/07 10:30:12.276859109,27.42023346303502
2025/05/07 10:30:12.373622055,23.182879377431906
2025/05/07 10:30:12.478440363,19.330739299610894
2025/05/07 10:30:12.586368206,15.268482490272376
2025/05/07 10:30:12.678688709,11.241245136186773
2025/05/07 10:30:12.785241204,7.599221789883269
2025/05/07 10:30:12.890753475,3.9571984435797676
2025/05/07 10:30:12.981845587,1.9260700389105057
2025/05/07 10:30:13.88197147,1.1206225680933861
2025/05/07 10:30:13.193144105,0.7354085603112845
2025/05/07 10:30:13.288529713,0.10505836575875635
2025/05/07 10:30:13.394016026,-0.10505836575875387
2025/05/07 10:30:13.498460154,-0.10505836575875387
2025/05/07 10:30:13.590646553,-0.10505836575875387
2025/05/07 10:30:13.695693130,-0.10505836575875387
2025/05/07 10:30:13.801270754,-0.10505836575875387
2025/05/07 10:30:13.898864872,-0.10505836575875387
2025/05/07 10:30:14.4946798,-0.10505836575875387
2025/05/07 10:30:14.109539523,-0.10505836575875387
2025/05/07 10:30:14.200975682,-0.10505836575875387
2025/05/07 10:30:14.306161987,-0.10505836575875387
2025/05/07 10:30:14.413398661,-0.10505836575875387
2025/05/07 10:30:14.505063164,-0.10505836575875387
2025/05/07 10:30:14.610157871,-0.10505836575875387
2025/05/07 10:30:14.716941462,-0.10505836575875387
2025/05/07 10:30:14.810325003,-0.10505836575875387
2025/05/07 10:30:14.915944363,-0.10505836575875387
2025/05/07 10:30:15.21601541,-0.10505836575875387
2025/05/07 10:30:15.114934138,-0.10505836575875387
2025/05/07 10:30:15.219500531,1.3307392996108964
2025/05/07 10:30:15.324516122,1.3307392996108964
2025/05/07 10:30:15.421301509,1.3307392996108964
2025/05/07 10:30:15.528099603,1.3307392996108964
2025/05/07 10:30:15.633357876,1.3307392996108964
2025/05/07 10:30:15.725519150,1.3307392996108964
2025/05/07 10:30:15.833527068,1.3307392996108964
2025/05/07 10:30:15.937714200,1.3307392996108964
2025/05/07 10:30:16.28398999,1.3307392996108964
2025/05/07 10:30:16.144554085,-0.2801556420233453
2025/05/07 10:30:16.239765241,-0.2801556420233453
2025/05/07 10:30:16.333474282,-0.2801556420233453
2025/05/07 10:30:16.440183863,-0.2801556420233453
2025/05/07 10:30:16.547946434,-0.2801556420233453
2025/05/07 10:30:16.639072725,-0.2801556420233453
2025/05/07 10:30:16.745414988,-0.2801556420233453
2025/05/07 10:30:16.841303825,-0.2801556420233453
2025/05/07 10:30:16.942989028,-0.2801556420233453
2025/05/07 10:30:17.49891503,-0.2801556420233453
2025/05/07 10:30:17.156282852,-0.2801556420233453
2025/05/07 10:30:17.247809626,1.715953307392998
2025/05/07 10:30:17.352808529,4.762645914396887
2025/05/07 10:30:17.459832128,8.404669260700388
2025/05/07 10:30:17.552745672,11.45136186770428
2025/05/07 10:30:17.658858736,12.852140077821012
2025/05/07 10:30:17.767333927,13.062256809338525
2025/05/07 10:30:17.879113507,13.062256809338525
2025/05/07 10:30:17.966384574,11.241245136186773
2025/05/07 10:30:18.74261195,8.82490272373541
2025/05/07 10:30:18.186029339,4.972762645914398
2025/05/07 10:30:18.293550239,2.3463035019455263
2025/05/07 10:30:18.400456927,0.9105058365758759
2025/05/07 10:30:18.505425323,0.3151750972762666
2025/05/07 10:30:18.602719063,-0.10505836575875387
2025/05/07 10:30:18.719837506,-0.10505836575875387
2025/05/07 10:30:18.833137064,-0.10505836575875387
2025/05/07 10:30:18.943096728,-0.10505836575875387
2025/05/07 10:30:19.53601483,-0.10505836575875387
2025/05/07 10:30:19.159612798,-0.10505836575875387
2025/05/07 10:30:19.266840678,2.3463035019455263
2025/05/07 10:30:19.375079144,5.778210116731517
2025/05/07 10:30:19.483935473,8.614785992217902
2025/05/07 10:30:19.600364059,9.630350194552529
2025/05/07 10:30:19.709609767,9.630350194552529
2025/05/07 10:30:19.817181335,9.0
2025/05/07 10:30:19.924385841,8.82490272373541
2025/05/07 10:30:20.18391563,8.82490272373541
2025/05/07 10:30:20.121839669,8.614785992217902
2025/05/07 10:30:20.229212372,7.984435797665368
2025/05/07 10:30:20.337583725,7.984435797665368
2025/05/07 10:30:20.442818076,7.984435797665368
2025/05/07 10:30:20.547195116,10.64591439688716
2025/05/07 10:30:20.654641300,12.2568093385214
2025/05/07 10:30:20.751367047,12.2568093385214
2025/05/07 10:30:20.855418060,12.046692607003893
2025/05/07 10:30:20.963485046,10.64591439688716
2025/05/07 10:30:21.57647253,10.64591439688716
2025/05/07 10:30:21.161389046,10.64591439688716
2025/05/07 10:30:21.266778312,9.420233463035022
2025/05/07 10:30:21.362916828,7.003891050583658
2025/05/07 10:30:21.468409736,4.552529182879377
2025/05/07 10:30:21.573396409,2.941634241245138
2025/05/07 10:30:21.667416339,2.136186770428016
2025/05/07 10:30:21.772745385,1.3307392996108964
2025/05/07 10:30:21.880649793,0.5252918287937742
2025/05/07 10:30:21.972566376,-0.10505836575875387
2025/05/07 10:30:22.77982989,-0.10505836575875387
2025/05/07 10:30:22.184004925,-0.10505836575875387
2025/05/07 10:30:22.277362234,-0.10505836575875387
2025/05/07 10:30:22.381262314,-0.10505836575875387
2025/05/07 10:30:22.490563219,-0.10505836575875387
2025/05/07 10:30:22.580707142,-0.10505836575875387
2025/05/07 10:30:22.683272007,-0.10505836575875387
2025/05/07 10:30:22.790165032,-0.10505836575875387
2025/05/07 10:30:22.886202760,-0.10505836575875387
2025/05/07 10:30:22.991667394,-0.10505836575875387
2025/05/07 10:30:23.102951769,-0.10505836575875387
2025/05/07 10:30:23.213287990,-0.10505836575875387
2025/05/07 10:30:23.318543653,-0.10505836575875387
2025/05/07 10:30:23.420902474,-0.10505836575875387
2025/05/07 10:30:23.518008761,-0.10505836575875387
2025/05/07 10:30:23.622563446,-0.10505836575875387
2025/05/07 10:30:23.727201268,-0.10505836575875387
2025/05/07 10:30:23.825812174,-0.10505836575875387
2025/05/07 10:30:23.948495056,-0.10505836575875387
2025/05/07 10:30:24.61620699,-0.10505836575875387
2025/05/07 10:30:24.167903860,-0.10505836575875387
2025/05/07 10:30:24.258404641,-0.10505836575875387
2025/05/07 10:30:24.365693242,1.9260700389105057
2025/05/07 10:30:24.470984573,4.972762645914398
2025/05/07 10:30:24.561274253,5.3579766536964994
2025/05/07 10:30:24.665131975,5.3579766536964994
2025/05/07 10:30:24.773142928,5.3579766536964994
2025/05/07 10:30:24.867907654,5.3579766536964994
2025/05/07 10:30:24.971764234,5.3579766536964994
2025/05/07 10:30:25.77721653,5.3579766536964994
2025/05/07 10:30:25.170290814,5.3579766536964994
2025/05/07 10:30:25.275506465,3.7470817120622577
2025/05/07 10:30:25.381478030,2.731517509727628
2025/05/07 10:30:25.482607505,2.556420233463036
2025/05/07 10:30:25.584547793,1.715953307392998
2025/05/07 10:30:25.689165026,1.715953307392998
2025/05/07 10:30:25.780062940,1.715953307392998
2025/05/07 10:30:25.889391616,1.715953307392998
2025/05/07 10:30:25.997419774,1.715953307392998
2025/05/07 10:30:26.102822379,1.715953307392998
2025/05/07 10:30:26.193740323,1.715953307392998
2025/05/07 10:30:26.299968755,1.715953307392998
2025/05/07 10:30:26.389514776,1.715953307392998
2025/05/07 10:30:26.493748711,1.715953307392998
2025/05/07 10:30:26.603035255,1.715953307392998
2025/05/07 10:30:26.694932303,1.715953307392998
2025/05/07 10:30:26.801078583,1.715953307392998
2025/05/07 10:30:26.907436916,1.715953307392998
2025/05/07 10:30:26.999544978,1.715953307392998
2025/05/07 10:30:27.104527189,1.715953307392998
2025/05/07 10:30:27.211462210,0.5252918287937742
2025/05/07 10:30:27.303635312,-0.10505836575875387
2025/05/07 10:30:27.409741675,-0.10505836575875387
2025/05/07 10:30:27.507583928,-0.10505836575875387
2025/05/07 10:30:27.608261888,-0.10505836575875387
2025/05/07 10:30:27.710957662,-0.10505836575875387
2025/05/07 10:30:27.817006116,-0.10505836575875387
2025/05/07 10:30:27.914657848,-0.10505836575875387
2025/05/07 10:30:28.18341281,-0.10505836575875387
2025/05/07 10:30:28.130096956,-0.10505836575875387
2025/05/07 10:30:28.218108430,-0.10505836575875387
2025/05/07 10:30:28.322195614,-0.10505836575875387
2025/05/07 10:30:28.427109969,1.3307392996108964
2025/05/07 10:30:28.522492151,1.3307392996108964
2025/05/07 10:30:28.628179247,1.3307392996108964
2025/05/07 10:30:28.734584988,1.3307392996108964
2025/05/07 10:30:28.827703035,1.3307392996108964
2025/05/07 10:30:28.937310048,1.3307392996108964
2025/05/07 10:30:29.42949440,1.3307392996108964
2025/05/07 10:30:29.134956897,1.3307392996108964
2025/05/07 10:30:29.239240772,-0.2801556420233453
2025/05/07 10:30:29.347603986,-0.2801556420233453
2025/05/07 10:30:29.436963355,-0.2801556420233453
2025/05/07 10:30:29.544998990,-0.2801556420233453
2025/05/07 10:30:29.649847696,-0.2801556420233453
2025/05/07 10:30:29.731873304,-0.2801556420233453
2025/05/07 10:30:29.838442512,-0.2801556420233453
2025/05/07 10:30:29.946496467,-0.2801556420233453
2025/05/07 10:30:30.49709133,-0.2801556420233453
2025/05/07 10:30:30.155550722,-0.2801556420233453
2025/05/07 10:30:30.264186779,-0.2801556420233453
2025/05/07 10:30:30.369237336,-0.2801556420233453
2025/05/07 10:30:30.460048685,-0.2801556420233453
2025/05/07 10:30:30.565887999,-0.2801556420233453
2025/05/07 10:30:30.656308091,-0.2801556420233453
2025/05/07 10:30:30.763996753,-0.2801556420233453
2025/05/07 10:30:30.876297680,-0.2801556420233453
2025/05/07 10:30:30.974779317,-0.2801556420233453
2025/05/07 10:30:31.88148151,-0.2801556420233453
2025/05/07 10:30:31.208786825,-0.2801556420233453
2025/05/07 10:30:31.330317890,-0.2801556420233453
2025/05/07 10:30:31.440657124,-0.2801556420233453
2025/05/07 10:30:31.548850518,-0.2801556420233453
2025/05/07 10:30:31.656275823,-0.2801556420233453
2025/05/07 10:30:31.762557629,-0.2801556420233453
2025/05/07 10:30:31.869603208,-0.2801556420233453
2025/05/07 10:30:31.975287290,-0.2801556420233453
2025/05/07 10:30:32.84876772,-0.2801556420233453
2025/05/07 10:30:32.181733665,-0.2801556420233453
2025/05/07 10:30:32.288722363,-0.2801556420233453
2025/05/07 10:30:32.396732949,-0.2801556420233453
2025/05/07 10:30:32.505755464,-0.2801556420233453
2025/05/07 10:30:32.613333195,-0.2801556420233453
2025/05/07 10:30:32.722585032,-0.2801556420233453
2025/05/07 10:30:32.828110066,-0.2801556420233453
2025/05/07 10:30:32.940954066,-0.2801556420233453
2025/05/07 10:30:33.50726002,-0.2801556420233453
2025/05/07 10:30:33.157444588,-0.2801556420233453
2025/05/07 10:30:33.248007655,-0.2801556420233453
2025/05/07 10:30:33.354087371,-0.2801556420233453
2025/05/07 10:30:33.460341187,-0.2801556420233453
2025/05/07 10:30:33.555636535,-0.2801556420233453
2025/05/07 10:30:33.659704637,-0.2801556420233453
2025/05/07 10:30:33.770344200,1.5408560311284065
2025/05/07 10:30:33.876290304,4.972762645914398
2025/05/07 10:30:33.982392141,8.82490272373541
2025/05/07 10:30:34.87806061,13.062256809338525
2025/05/07 10:30:34.181865307,17.299610894941637
2025/05/07 10:30:34.288225274,20.94163424124514
2025/05/07 10:30:34.395463004,25.003891050583658
2025/05/07 10:30:34.500858144,29.03112840466926
2025/05/07 10:30:34.596000275,33.09338521400778
2025/05/07 10:30:34.703392560,36.735408560311285
2025/05/07 10:30:34.811027094,40.37743190661479
2025/05/07 10:30:34.918042821,42.79377431906615
2025/05/07 10:30:35.24386716,43.80933852140078
2025/05/07 10:30:35.132421112,44.194552529182886
2025/05/07 10:30:35.227000443,44.824902723735406
2025/05/07 10:30:35.335913623,45.03501945525292
2025/05/07 10:30:35.440851285,45.03501945525292
2025/05/07 10:30:35.531478493,45.03501945525292
2025/05/07 10:30:35.640270485,45.03501945525292
2025/05/07 10:30:35.748100200,45.03501945525292
2025/05/07 10:30:35.855618358,45.03501945525292
2025/05/07 10:30:35.945703610,45.03501945525292
2025/05/07 10:30:36.53362135,45.03501945525292
2025/05/07 10:30:36.141439939,45.03501945525292
2025/05/07 10:30:36.248781406,45.03501945525292
2025/05/07 10:30:36.355821083,45.03501945525292
2025/05/07 10:30:36.446595508,45.03501945525292
2025/05/07 10:30:36.554402243,45.03501945525292
2025/05/07 10:30:36.657492707,45.03501945525292
2025/05/07 10:30:36.749788175,45.03501945525292
2025/05/07 10:30:36.853692255,45.03501945525292
2025/05/07 10:30:36.959363012,45.03501945525292
2025/05/07 10:30:37.55534292,45.03501945525292
2025/05/07 10:30:37.161523276,45.03501945525292
2025/05/07 10:30:37.267078645,45.03501945525292
2025/05/07 10:30:37.360587982,45.03501945525292
2025/05/07 10:30:37.464120800,45.03501945525292
2025/05/07 10:30:37.568917072,45.03501945525292
2025/05/07 10:30:37.664299547,45.03501945525292
2025/05/07 10:30:37.765652325,45.03501945525292
2025/05/07 10:30:37.874053351,45.03501945525292
2025/05/07 10:30:37.970042305,45.03501945525292
2025/05/07 10:30:38.75335024,45.03501945525292
2025/05/07 10:30:38.181011732,45.03501945525292
2025/05/07 10:30:38.273913005,45.03501945525292
2025/05/07 10:30:38.377154027,45.03501945525292
2025/05/07 10:30:38.482588462,45.03501945525292
2025/05/07 10:30:38.578903927,45.03501945525292
2025/05/07 10:30:38.684388251,45.03501945525292
2025/05/07 10:30:38.788914385,45.03501945525292
2025/05/07 10:30:38.884320898,45.03501945525292
2025/05/07 10:30:38.989402898,45.03501945525292
2025/05/07 10:30:39.96129109,45.03501945525292
2025/05/07 10:30:39.196868454,45.03501945525292
2025/05/07 10:30:39.301872052,45.03501945525292
2025/05/07 10:30:39.402257964,45.03501945525292
2025/05/07 10:30:39.493674136,45.03501945525292
2025/05/07 10:30:39.597752259,45.03501945525292
2025/05/07 10:30:39.704363561,45.03501945525292
2025/05/07 10:30:39.794398002,45.03501945525292
2025/05/07 10:30:39.899804014,45.03501945525292
2025/05/07 10:30:40.5643041,45.03501945525292
2025/05/07 10:30:40.102328048,45.03501945525292
2025/05/07 10:30:40.207801236,45.03501945525292
2025/05/07 10:30:40.314468854,45.03501945525292
2025/05/07 10:30:40.408359213,45.03501945525292
2025/05/07 10:30:40.514129312,45.03501945525292
2025/05/07 10:30:40.618928975,45.03501945525292
2025/05/07 10:30:40.711983446,45.03501945525292
2025/05/07 10:30:40.816766141,45.03501945525292
2025/05/07 10:30:40.924013600,45.03501945525292
2025/05/07 10:30:41.17707350,45.03501945525292
2025/05/07 10:30:41.122482140,45.03501945525292
2025/05/07 10:30:41.230147192,45.03501945525292
2025/05/07 10:30:41.320494100,45.03501945525292
2025/05/07 10:30:41.427212133,45.03501945525292
2025/05/07 10:30:41.532627604,45.03501945525292
2025/05/07 10:30:41.626215669,45.03501945525292
2025/05/07 10:30:41.734940449,45.03501945525292
2025/05/07 10:30:41.840446372,45.03501945525292
2025/05/07 10:30:41.931051459,45.03501945525292
2025/05/07 10:30:42.35344172,45.03501945525292
2025/05/07 10:30:42.141271431,45.03501945525292
2025/05/07 10:30:42.226233620,45.03501945525292
2025/05/07 10:30:42.336373280,45.03501945525292
2025/05/07 10:30:42.444361176,45.03501945525292
2025/05/07 10:30:42.540557333,45.03501945525292
2025/05/07 10:30:42.646028561,45.03501945525292
2025/05/07 10:30:42.752322437,45.03501945525292
2025/05/07 10:30:42.844443944,45.03501945525292
2025/05/07 10:30:42.948730320,45.03501945525292
2025/05/07 10:30:43.56755103,45.03501945525292
2025/05/07 10:30:43.149378203,45.03501945525292
2025/05/07 10:30:43.254048444,45.03501945525292
2025/05/07 10:30:43.361877819,45.03501945525292
2025/05/07 10:30:43.455174038,45.03501945525292
2025/05/07 10:30:43.562417133,45.03501945525292
2025/05/07 10:30:43.668115965,45.03501945525292
2025/05/07 10:30:43.759797780,45.03501945525292
2025/05/07 10:30:43.866759248,45.03501945525292
2025/05/07 10:30:43.970696591,45.03501945525292
2025/05/07 10:30:44.63746246,45.03501945525292
2025/05/07 10:30:44.167987754,45.03501945525292
2025/05/07 10:30:44.274255980,45.03501945525292
2025/05/07 10:30:44.368812996,45.03501945525292
2025/05/07 10:30:44.474669080,45.03501945525292
2025/05/07 10:30:44.580257110,45.03501945525292
2025/05/07 10:30:44.672617192,45.03501945525292
2025/05/07 10:30:44.778638634,45.03501945525292
2025/05/07 10:30:44.885037663,45.03501945525292
2025/05/07 10:30:44.979075303,45.03501945525292
2025/05/07 10:30:45.84998750,45.03501945525292
2025/05/07 10:30:45.191527455,45.03501945525292
2025/05/07 10:30:45.282510333,45.03501945525292
2025/05/07 10:30:45.387806371,45.03501945525292
2025/05/07 10:30:45.494311031,45.03501945525292
2025/05/07 10:30:45.588201839,45.03501945525292
2025/05/07 10:30:45.694929312,45.03501945525292
2025/05/07 10:30:45.799307033,45.03501945525292
2025/05/07 10:30:45.892823074,45.03501945525292
2025/05/07 10:30:46.12664708,45.03501945525292
2025/05/07 10:30:46.104803099,45.03501945525292
2025/05/07 10:30:46.197253282,45.03501945525292
2025/05/07 10:30:46.300916334,45.03501945525292
2025/05/07 10:30:46.405794529,45.03501945525292
2025/05/07 10:30:46.500916457,45.03501945525292
2025/05/07 10:30:46.614692400,45.03501945525292
2025/05/07 10:30:46.741126841,45.03501945525292
2025/05/07 10:30:46.847359947,45.03501945525292
2025/05/07 10:30:46.953774940,45.03501945525292
2025/05/07 10:30:47.57975950,45.03501945525292
2025/05/07 10:30:47.168071251,45.03501945525292
2025/05/07 10:30:47.264117373,45.03501945525292
2025/05/07 10:30:47.367973018,45.03501945525292
2025/05/07 10:30:47.473865908,45.03501945525292
2025/05/07 10:30:47.569561962,45.03501945525292
2025/05/07 10:30:47.675963306,45.03501945525292
2025/05/07 10:30:47.781357499,45.03501945525292
2025/05/07 10:30:47.874503546,45.03501945525292
2025/05/07 10:30:47.980307456,45.03501945525292
2025/05/07 10:30:48.84773696,45.03501945525292
2025/05/07 10:30:48.167792598,45.03501945525292
2025/05/07 10:30:48.273973447,45.03501945525292
2025/05/07 10:30:48.382324176,45.03501945525292
2025/05/07 10:30:48.481727510,45.03501945525292
2025/05/07 10:30:48.587042431,45.03501945525292
2025/05/07 10:30:48.691751314,45.03501945525292
2025/05/07 10:30:48.787490016,45.03501945525292
2025/05/07 10:30:48.895450007,45.03501945525292
2025/05/07 10:30:49.1752419,45.03501945525292
2025/05/07 10:30:49.92633658,45.03501945525292
2025/05/07 10:30:49.199609923,45.03501945525292
2025/05/07 10:30:49.304156080,45.03501945525292
2025/05/07 10:30:49.395883894,45.03501945525292
2025/05/07 10:30:49.499614384,45.03501945525292
2025/05/07 10:30:49.607965385,45.03501945525292
2025/05/07 10:30:49.701015408,45.03501945525292
2025/05/07 10:30:49.805225099,45.03501945525292
2025/05/07 10:30:49.912540148,45.03501945525292
2025/05/07 10:30:50.6574962,45.03501945525292
2025/05/07 10:30:50.112357888,45.03501945525292
2025/05/07 10:30:50.219469206,45.03501945525292
2025/05/07 10:30:50.300300165,45.03501945525292
2025/05/07 10:30:50.407268994,45.03501945525292
2025/05/07 10:30:50.514398240,45.03501945525292
2025/05/07 10:30:50.615676230,45.03501945525292
2025/05/07 10:30:50.720867635,45.03501945525292
2025/05/07 10:30:50.829223943,45.03501945525292
2025/05/07 10:30:50.921799630,45.03501945525292
2025/05/07 10:30:51.27542267,45.03501945525292
2025/05/07 10:30:51.133048311,45.03501945525292
2025/05/07 10:30:51.224646284,45.03501945525292
2025/05/07 10:30:51.334527159,45.03501945525292
2025/05/07 10:30:51.436931563,45.03501945525292
2025/05/07 10:30:51.529252124,45.03501945525292
2025/05/07 10:30:51.635287783,45.03501945525292
2025/05/07 10:30:51.740328893,45.03501945525292
2025/05/07 10:30:51.835095959,45.03501945525292
2025/05/07 10:30:51.938899030,45.03501945525292
2025/05/07 10:30:52.44877418,45.03501945525292
2025/05/07 10:30:52.138855192,45.03501945525292
2025/05/07 10:30:52.243530503,45.03501945525292
2025/05/07 10:30:52.348266150,45.03501945525292
2025/05/07 10:30:52.443734324,45.03501945525292
2025/05/07 10:30:52.537982094,45.03501945525292
2025/05/07 10:30:52.646650564,45.03501945525292
2025/05/07 10:30:52.747905083,45.03501945525292
2025/05/07 10:30:52.855382992,45.03501945525292
2025/05/07 10:30:52.959131769,45.03501945525292
2025/05/07 10:30:53.53787738,45.03501945525292
2025/05/07 10:30:53.159140182,45.03501945525292
2025/05/07 10:30:53.266799025,45.03501945525292
2025/05/07 10:30:53.358333634,45.03501945525292
2025/05/07 10:30:53.464334578,45.03501945525292
2025/05/07 10:30:53.570634722,45.03501945525292
2025/05/07 10:30:53.662374530,45.03501945525292
2025/05/07 10:30:53.767168887,45.03501945525292
2025/05/07 10:30:53.871345136,45.03501945525292
2025/05/07 10:30:53.966927656,45.03501945525292
2025/05/07 10:30:54.72837970,45.03501945525292
2025/05/07 10:30:54.180735060,45.03501945525292
2025/05/07 10:30:54.272824718,45.03501945525292
2025/05/07 10:30:54.376482632,45.03501945525292
2025/05/07 10:30:54.483935588,45.03501945525292
2025/05/07 10:30:54.579087077,45.03501945525292
2025/05/07 10:30:54.683342056,45.03501945525292
2025/05/07 10:30:54.788657927,45.03501945525292
2025/05/07 10:30:54.880783687,45.03501945525292
2025/05/07 10:30:54.983988976,45.03501945525292
2025/05/07 10:30:55.89485888,45.03501945525292
2025/05/07 10:30:55.186449306,45.03501945525292
2025/05/07 10:30:55.290245744,45.03501945525292
2025/05/07 10:30:55.396685417,45.03501945525292
2025/05/07 10:30:55.491852942,45.03501945525292
2025/05/07 10:30:55.596237691,45.03501945525292
2025/05/07 10:30:55.699265530,45.03501945525292
2025/05/07 10:30:55.795204826,45.03501945525292
2025/05/07 10:30:55.899304860,45.03501945525292
2025/05/07 10:30:56.3638461,45.03501945525292
2025/05/07 10:30:56.100169503,45.03501945525292
2025/05/07 10:30:56.202463895,45.03501945525292
2025/05/07 10:30:56.308846108,45.03501945525292
2025/05/07 10:30:56.405004272,45.03501945525292
2025/05/07 10:30:56.509100832,45.03501945525292
2025/05/07 10:30:56.614178549,45.03501945525292
2025/05/07 10:30:56.709825396,45.03501945525292
2025/05/07 10:30:56.814992490,45.03501945525292
2025/05/07 10:30:56.920694563,45.03501945525292
2025/05/07 10:30:57.16390793,45.03501945525292
2025/05/07 10:30:57.118944352,45.03501945525292
2025/05/07 10:30:57.224914814,45.03501945525292
2025/05/07 10:30:57.319123893,45.03501945525292
2025/05/07 10:30:57.423941044,45.03501945525292
2025/05/07 10:30:57.529128915,45.03501945525292
2025/05/07 10:30:57.624073210,45.03501945525292
2025/05/07 10:30:57.727591764,45.03501945525292
2025/05/07 10:30:57.834011816,45.03501945525292
2025/05/07 10:30:57.928718159,45.03501945525292
2025/05/07 10:30:58.37406688,45.03501945525292
2025/05/07 10:30:58.143189091,45.03501945525292
2025/05/07 10:30:58.234912835,45.03501945525292
2025/05/07 10:30:58.338596705,45.03501945525292
2025/05/07 10:30:58.443051171,45.03501945525292
2025/05/07 10:30:58.538980193,45.03501945525292
2025/05/07 10:30:58.641481651,45.03501945525292
2025/05/07 10:30:58.746360709,45.03501945525292
2025/05/07 10:30:58.842544370,45.03501945525292
2025/05/07 10:30:58.946344395,45.03501945525292
2025/05/07 10:30:59.52885885,45.03501945525292
2025/05/07 10:30:59.147944511,45.03501945525292
2025/05/07 10:30:59.253297761,45.03501945525292
2025/05/07 10:30:59.357868231,45.03501945525292
2025/05/07 10:30:59.453910055,45.03501945525292
2025/05/07 10:30:59.559432498,45.03501945525292
2025/05/07 10:30:59.666511708,45.03501945525292
2025/05/07 10:30:59.746804575,45.03501945525292
2025/05/07 10:30:59.850953037,45.03501945525292
2025/05/07 10:30:59.957564604,45.03501945525292
2025/05/07 10:31:00.59576361,45.03501945525292
2025/05/07 10:31:00.163844961,45.03501945525292
2025/05/07 10:31:00.272870936,45.03501945525292
2025/05/07 10:31:00.365597418,45.03501945525292
2025/05/07 10:31:00.472121183,45.03501945525292
2025/05/07 10:31:00.578953612,45.03501945525292
2025/05/07 10:31:00.672185575,45.03501945525292
2025/05/07 10:31:00.777547254,45.03501945525292
2025/05/07 10:31:00.883931983,45.03501945525292
2025/05/07 10:31:00.976633512,45.03501945525292
2025/05/07 10:31:01.84584803,45.03501945525292
2025/05/07 10:31:01.192129381,45.03501945525292
2025/05/07 10:31:01.298639704,45.03501945525292
2025/05/07 10:31:01.389240694,45.03501945525292
2025/05/07 10:31:01.496936350,45.03501945525292
2025/05/07 10:31:01.605024482,45.03501945525292
2025/05/07 10:31:01.694234441,45.03501945525292
2025/05/07 10:31:01.802548899,45.03501945525292
2025/05/07 10:31:01.916768966,45.03501945525292
2025/05/07 10:31:02.21541355,45.03501945525292
2025/05/07 10:31:02.126619076,45.03501945525292
2025/05/07 10:31:02.233667364,45.03501945525292
2025/05/07 10:31:02.342005979,45.03501945525292
2025/05/07 10:31:02.449897304,45.03501945525292
2025/05/07 10:31:02.557746074,45.03501945525292
2025/05/07 10:31:02.651635593,45.03501945525292
2025/05/07 10:31:02.758879492,45.03501945525292
2025/05/07 10:31:02.866179710,45.03501945525292
2025/05/07 10:31:02.956325464,45.03501945525292
2025/05/07 10:31:03.63083865,45.03501945525292
2025/05/07 10:31:03.171345063,45.03501945525292
2025/05/07 10:31:03.263044958,45.03501945525292
2025/05/07 10:31:03.369533312,45.03501945525292
2025/05/07 10:31:03.478679946,45.03501945525292
2025/05/07 10:31:03.585406767,45.03501945525292
2025/05/07 10:31:03.693531832,45.03501945525292
2025/05/07 10:31:03.799683163,45.03501945525292
2025/05/07 10:31:03.907918035,45.03501945525292
2025/05/07 10:31:04.2564792,45.03501945525292
2025/05/07 10:31:04.109276090,45.03501945525292
2025/05/07 10:31:04.214095859,45.03501945525292
2025/05/07 10:31:04.306844691,45.03501945525292
2025/05/07 10:31:04.411682783,45.03501945525292
2025/05/07 10:31:04.501987222,45.03501945525292
2025/05/07 10:31:04.589250301,45.03501945525292
2025/05/07 10:31:04.693365801,45.03501945525292
2025/05/07 10:31:04.786031182,45.03501945525292
2025/05/07 10:31:04.890909164,45.03501945525292
2025/05/07 10:31:04.998887499,45.03501945525292
2025/05/07 10:31:05.90196766,45.03501945525292
2025/05/07 10:31:05.195411431,45.03501945525292
2025/05/07 10:31:05.300243758,45.03501945525292
2025/05/07 10:31:05.395050699,45.03501945525292
2025/05/07 10:31:05.501199078,45.03501945525292
2025/05/07 10:31:05.606753416,45.03501945525292
2025/05/07 10:31:05.708938864,45.03501945525292
2025/05/07 10:31:05.809388189,45.03501945525292
2025/05/07 10:31:05.922219428,45.03501945525292
2025/05/07 10:31:06.27775861,45.03501945525292
2025/05/07 10:31:06.135227088,45.03501945525292
2025/05/07 10:31:06.239597700,45.03501945525292
2025/05/07 10:31:06.345350494,45.03501945525292
2025/05/07 10:31:06.441244725,45.03501945525292
2025/05/07 10:31:06.552611137,45.03501945525292
2025/05/07 10:31:06.659869351,45.03501945525292
2025/05/07 10:31:06.765285034,45.03501945525292
2025/05/07 10:31:06.870881007,45.03501945525292
2025/05/07 10:31:06.976773384,45.03501945525292
2025/05/07 10:31:07.60430166,45.03501945525292
2025/05/07 10:31:07.165325744,45.03501945525292
2025/05/07 10:31:07.273581839,45.03501945525292
2025/05/07 10:31:07.376287681,45.03501945525292
2025/05/07 10:31:07.483189631,45.03501945525292
2025/05/07 10:31:07.591531727,45.03501945525292
2025/05/07 10:31:07.698476075,45.03501945525292
2025/05/07 10:31:07.789018685,45.03501945525292
2025/05/07 10:31:07.894199790,45.03501945525292
2025/05/07 10:31:07.984818652,45.03501945525292
2025/05/07 10:31:08.90488159,45.03501945525292
2025/05/07 10:31:08.197163604,45.03501945525292
2025/05/07 10:31:08.292098227,45.03501945525292
2025/05/07 10:31:08.398064236,45.03501945525292
2025/05/07 10:31:08.505277302,45.03501945525292
2025/05/07 10:31:08.612290381,45.03501945525292
2025/05/07 10:31:08.702681765,45.03501945525292
2025/05/07 10:31:08.808509571,45.03501945525292
2025/05/07 10:31:08.900875742,45.03501945525292
2025/05/07 10:31:09.12983691,45.03501945525292
2025/05/07 10:31:09.118621229,45.03501945525292
2025/05/07 10:31:09.221688941,45.03501945525292
2025/05/07 10:31:09.312673536,45.03501945525292
2025/05/07 10:31:09.418641031,45.03501945525292
2025/05/07 10:31:09.508789454,45.03501945525292
2025/05/07 10:31:09.613153676,45.03501945525292
2025/05/07 10:31:09.719296894,45.03501945525292
2025/05/07 10:31:09.813503506,45.03501945525292
2025/05/07 10:31:09.918366589,45.03501945525292
2025/05/07 10:31:10.25843414,45.03501945525292
2025/05/07 10:31:10.118399827,45.03501945525292
2025/05/07 10:31:10.223371644,45.03501945525292
2025/05/07 10:31:10.331105550,45.03501945525292
2025/05/07 10:31:10.423702222,45.03501945525292
2025/05/07 10:31:10.531775941,45.03501945525292
2025/05/07 10:31:10.637683275,45.03501945525292
2025/05/07 10:31:10.727683630,45.03501945525292
2025/05/07 10:31:10.836123490,45.03501945525292
2025/05/07 10:31:10.941369269,45.03501945525292
2025/05/07 10:31:11.31864127,45.03501945525292
2025/05/07 10:31:11.136104027,45.03501945525292
2025/05/07 10:31:11.242612288,45.03501945525292
2025/05/07 10:31:11.335885261,45.03501945525292
2025/05/07 10:31:11.440512044,45.03501945525292
2025/05/07 10:31:11.548909085,45.03501945525292
2025/05/07 10:31:11.641506765,45.03501945525292
2025/05/07 10:31:11.746340270,45.03501945525292
2025/05/07 10:31:11.854649871,45.03501945525292
2025/05/07 10:31:11.946194226,45.03501945525292
2025/05/07 10:31:12.53597843,45.03501945525292
2025/05/07 10:31:12.157520561,45.03501945525292
2025/05/07 10:31:12.250969506,45.03501945525292
2025/05/07 10:31:12.356572522,45.03501945525292
2025/05/07 10:31:12.465119539,45.03501945525292
2025/05/07 10:31:12.555770103,45.03501945525292
2025/05/07 10:31:12.660586173,45.03501945525292
2025/05/07 10:31:12.784326776,45.03501945525292
2025/05/07 10:31:12.860318443,45.03501945525292
2025/05/07 10:31:12.964994109,45.03501945525292
2025/05/07 10:31:13.70877992,45.03501945525292
2025/05/07 10:31:13.165981935,45.03501945525292
2025/05/07 10:31:13.272404547,45.03501945525292
2025/05/07 10:31:13.378059935,45.03501945525292
2025/05/07 10:31:13.469192713,45.03501945525292
2025/05/07 10:31:13.574104905,45.03501945525292
2025/05/07 10:31:13.679243422,45.03501945525292
2025/05/07 10:31:13.774365491,45.03501945525292
2025/05/07 10:31:13.879812587,45.03501945525292
2025/05/07 10:31:13.986974216,45.03501945525292
2025/05/07 10:31:14.79039791,45.03501945525292
2025/05/07 10:31:14.182187356,45.03501945525292
2025/05/07 10:31:14.288711185,45.03501945525292
2025/05/07 10:31:14.384873050,45.03501945525292
2025/05/07 10:31:14.488922787,45.03501945525292
2025/05/07 10:31:14.595559483,45.03501945525292
2025/05/07 10:31:14.689353828,45.03501945525292
2025/05/07 10:31:14.793737507,45.03501945525292
2025/05/07 10:31:14.902908662,45.03501945525292
2025/05/07 10:31:14.993082560,45.03501945525292
2025/05/07 10:31:15.99589687,45.03501945525292
2025/05/07 10:31:15.204859732,45.03501945525292
2025/05/07 10:31:15.298131491,45.03501945525292
2025/05/07 10:31:15.402756037,45.03501945525292
2025/05/07 10:31:15.507675544,45.03501945525292
2025/05/07 10:31:15.602167097,45.03501945525292
2025/05/07 10:31:15.705895656,45.03501945525292
2025/05/07 10:31:15.812963864,45.03501945525292
2025/05/07 10:31:15.908178081,45.03501945525292
2025/05/07 10:31:16.12426942,45.03501945525292
2025/05/07 10:31:16.117876265,45.03501945525292
2025/05/07 10:31:16.212018827,45.03501945525292
2025/05/07 10:31:16.318398180,45.03501945525292
2025/05/07 10:31:16.424592520,45.03501945525292
2025/05/07 10:31:16.516453282,45.03501945525292
2025/05/07 10:31:16.620988435,45.03501945525292
2025/05/07 10:31:16.727540799,45.03501945525292
2025/05/07 10:31:16.821492717,45.03501945525292
2025/05/07 10:31:16.926797023,45.03501945525292
2025/05/07 10:31:17.33147332,45.03501945525292
2025/05/07 10:31:17.127398295,45.03501945525292
2025/05/07 10:31:17.235130453,45.03501945525292
2025/05/07 10:31:17.340332920,45.03501945525292
2025/05/07 10:31:17.431211850,45.03501945525292
2025/05/07 10:31:17.534850723,45.03501945525292
2025/05/07 10:31:17.641560151,45.03501945525292
2025/05/07 10:31:17.736418271,45.03501945525292
2025/05/07 10:31:17.841878423,45.03501945525292
2025/05/07 10:31:17.945896597,45.03501945525292
2025/05/07 10:31:18.40249765,45.03501945525292
2025/05/07 10:31:18.144464322,45.03501945525292
2025/05/07 10:31:18.250237305,45.03501945525292
2025/05/07 10:31:18.346674897,45.03501945525292
2025/05/07 10:31:18.453118429,45.03501945525292
2025/05/07 10:31:18.559784945,45.03501945525292
2025/05/07 10:31:18.650780548,45.03501945525292
2025/05/07 10:31:18.755514143,45.03501945525292
2025/05/07 10:31:18.863531379,45.03501945525292
2025/05/07 10:31:18.955394312,45.03501945525292
2025/05/07 10:31:19.60148546,45.03501945525292
2025/05/07 10:31:19.166489745,45.03501945525292
2025/05/07 10:31:19.261008781,45.03501945525292
2025/05/07 10:31:19.368015727,45.03501945525292
2025/05/07 10:31:19.475688578,45.03501945525292
2025/05/07 10:31:19.583093268,45.03501945525292
2025/05/07 10:31:19.692869662,45.03501945525292
2025/05/07 10:31:19.798869190,45.03501945525292
2025/05/07 10:31:19.904893856,45.03501945525292
2025/05/07 10:31:20.13182920,45.03501945525292
2025/05/07 10:31:20.121143997,45.03501945525292
2025/05/07 10:31:20.229889453,45.03501945525292
2025/05/07 10:31:20.325495009,45.03501945525292
2025/05/07 10:31:20.430804626,45.03501945525292
2025/05/07 10:31:20.541637991,45.03501945525292
2025/05/07 10:31:20.650148143,45.03501945525292
2025/05/07 10:31:20.739752888,45.03501945525292
2025/05/07 10:31:20.843910152,45.03501945525292
2025/05/07 10:31:20.952852130,45.03501945525292
2025/05/07 10:31:21.44020994,45.03501945525292
2025/05/07 10:31:21.150351403,45.03501945525292
2025/05/07 10:31:21.240139202,45.03501945525292
2025/05/07 10:31:21.352744380,45.03501945525292
2025/05/07 10:31:21.456914551,45.03501945525292
2025/05/07 10:31:21.545268540,45.03501945525292
2025/05/07 10:31:21.649283238,45.03501945525292
2025/05/07 10:31:21.756652363,45.03501945525292
2025/05/07 10:31:21.850147235,45.03501945525292
2025/05/07 10:31:21.956033621,45.03501945525292
2025/05/07 10:31:22.61699601,45.03501945525292
2025/05/07 10:31:22.154924813,45.03501945525292
2025/05/07 10:31:22.261290664,45.03501945525292
2025/05/07 10:31:22.364977298,45.03501945525292
2025/05/07 10:31:22.459214157,45.03501945525292
2025/05/07 10:31:22.564582986,45.03501945525292
2025/05/07 10:31:22.670254289,45.03501945525292
2025/05/07 10:31:22.763492255,45.03501945525292
2025/05/07 10:31:22.867638230,45.03501945525292
2025/05/07 10:31:22.974162132,45.03501945525292
2025/05/07 10:31:23.68762354,45.03501945525292
2025/05/07 10:31:23.171964261,45.03501945525292
2025/05/07 10:31:23.278322517,45.03501945525292
2025/05/07 10:31:23.372056957,45.03501945525292
2025/05/07 10:31:23.477344448,45.03501945525292
2025/05/07 10:31:23.585013974,45.03501945525292
2025/05/07 10:31:23.678849086,45.03501945525292
2025/05/07 10:31:23.786292139,45.03501945525292
2025/05/07 10:31:23.895777560,45.03501945525292
2025/05/07 10:31:24.877725,45.03501945525292
2025/05/07 10:31:24.92189451,45.03501945525292
2025/05/07 10:31:24.196912357,45.03501945525292
2025/05/07 10:31:24.287454796,45.03501945525292
2025/05/07 10:31:24.393472038,45.03501945525292
2025/05/07 10:31:24.498647792,45.03501945525292
2025/05/07 10:31:24.592680349,45.03501945525292
2025/05/07 10:31:24.700477259,45.03501945525292
2025/05/07 10:31:24.809397832,45.03501945525292
2025/05/07 10:31:24.916515517,45.03501945525292
2025/05/07 10:31:25.5401637,45.03501945525292
2025/05/07 10:31:25.113308396,45.03501945525292
2025/05/07 10:31:25.223610797,45.03501945525292
2025/05/07 10:31:25.329143325,45.03501945525292
2025/05/07 10:31:25.437359406,45.03501945525292
2025/05/07 10:31:25.544311944,45.03501945525292
2025/05/07 10:31:25.650441776,45.03501945525292
2025/05/07 10:31:25.755292745,45.03501945525292
2025/05/07 10:31:25.864412035,45.03501945525292
2025/05/07 10:31:25.963603326,45.03501945525292
2025/05/07 10:31:26.67296119,45.03501945525292
2025/05/07 10:31:26.176798051,45.03501945525292
2025/05/07 10:31:26.268076212,45.03501945525292
2025/05/07 10:31:26.372082390,45.03501945525292
2025/05/07 10:31:26.478562740,45.03501945525292
2025/05/07 10:31:26.572262504,45.03501945525292
2025/05/07 10:31:26.677747081,45.03501945525292
2025/05/07 10:31:26.785470109,45.03501945525292
2025/05/07 10:31:26.878016220,45.03501945525292
2025/05/07 10:31:26.976064670,45.03501945525292
2025/05/07 10:31:27.84781452,45.03501945525292
2025/05/07 10:31:27.183464767,45.03501945525292
2025/05/07 10:31:27.289747913,45.03501945525292
2025/05/07 10:31:27.395659956,45.03501945525292
2025/05/07 10:31:27.486459775,45.03501945525292
2025/05/07 10:31:27.591989810,45.03501945525292
2025/05/07 10:31:27.699688572,45.03501945525292
2025/05/07 10:31:27.792726656,45.03501945525292
2025/05/07 10:31:27.897306167,45.03501945525292
2025/05/07 10:31:28.3719127,45.03501945525292
2025/05/07 10:31:28.96047121,45.03501945525292
2025/05/07 10:31:28.199572620,45.03501945525292
2025/05/07 10:31:28.304428111,45.03501945525292
2025/05/07 10:31:28.400868549,45.03501945525292
2025/05/07 10:31:28.505459745,45.03501945525292
2025/05/07 10:31:28.611002734,45.03501945525292
2025/05/07 10:31:28.706509091,45.03501945525292
2025/05/07 10:31:28.812464095,45.03501945525292
2025/05/07 10:31:28.918209171,45.03501945525292
2025/05/07 10:31:29.10800763,45.03501945525292
2025/05/07 10:31:29.117663748,45.03501945525292
2025/05/07 10:31:29.225743638,45.03501945525292
2025/05/07 10:31:29.315170779,45.03501945525292
2025/05/07 10:31:29.420892632,45.03501945525292
2025/05/07 10:31:29.526590355,45.03501945525292
2025/05/07 10:31:29.621260491,45.03501945525292
2025/05/07 10:31:29.726308796,45.03501945525292
2025/05/07 10:31:29.831457012,45.03501945525292
2025/05/07 10:31:29.934697781,45.03501945525292
2025/05/07 10:31:30.35107359,45.03501945525292
2025/05/07 10:31:30.140319829,45.03501945525292
2025/05/07 10:31:30.231329374,45.03501945525292
2025/05/07 10:31:30.336990899,45.03501945525292
2025/05/07 10:31:30.441226178,45.03501945525292
2025/05/07 10:31:30.533796505,45.03501945525292
2025/05/07 10:31:30.640312394,45.03501945525292
2025/05/07 10:31:30.757927926,45.03501945525292
2025/05/07 10:31:30.862596716,45.03501945525292
2025/05/07 10:31:30.970933920,45.03501945525292
2025/05/07 10:31:31.80956403,45.03501945525292
2025/05/07 10:31:31.185404662,45.03501945525292
2025/05/07 10:31:31.290293693,45.03501945525292
2025/05/07 10:31:31.395400402,45.03501945525292
2025/05/07 10:31:31.503776922,45.03501945525292
2025/05/07 10:31:31.600601346,45.03501945525292
2025/05/07 10:31:31.710191360,45.03501945525292
2025/05/07 10:31:31.814276712,45.03501945525292
2025/05/07 10:31:31.909307264,45.03501945525292
2025/05/07 10:31:32.14659257,45.03501945525292
2025/05/07 10:31:32.125093081,45.03501945525292
2025/05/07 10:31:32.210710799,45.03501945525292
2025/05/07 10:31:32.313678086,45.03501945525292
2025/05/07 10:31:32.418202405,45.03501945525292
2025/05/07 10:31:32.514730309,45.03501945525292
2025/05/07 10:31:32.618435342,45.03501945525292
2025/05/07 10:31:32.727315648,45.03501945525292
2025/05/07 10:31:32.820836359,45.03501945525292
2025/05/07 10:31:32.925527472,45.03501945525292
2025/05/07 10:31:33.31974163,45.03501945525292
2025/05/07 10:31:33.123929711,45.03501945525292
2025/05/07 10:31:33.233636036,45.03501945525292
2025/05/07 10:31:33.337508277,45.03501945525292
2025/05/07 10:31:33.429109638,45.03501945525292
2025/05/07 10:31:33.535034396,45.03501945525292
2025/05/07 10:31:33.640875573,45.03501945525292
2025/05/07 10:31:33.733709531,45.03501945525292
2025/05/07 10:31:33.837444591,45.03501945525292
2025/05/07 10:31:33.947762816,45.03501945525292
2025/05/07 10:31:34.37606506,45.03501945525292
2025/05/07 10:31:34.141700859,45.03501945525292
2025/05/07 10:31:34.259075534,45.03501945525292
2025/05/07 10:31:34.369673309,45.03501945525292
2025/05/07 10:31:34.474379526,45.03501945525292
2025/05/07 10:31:34.579355360,45.03501945525292
2025/05/07 10:31:34.671081606,45.03501945525292
2025/05/07 10:31:34.756887207,45.03501945525292
2025/05/07 10:31:34.861234852,45.03501945525292
2025/05/07 10:31:34.952356599,45.03501945525292
2025/05/07 10:31:35.55582532,45.03501945525292
2025/05/07 10:31:35.163611739,45.03501945525292
2025/05/07 10:31:35.257642787,45.03501945525292
2025/05/07 10:31:35.363241569,45.03501945525292
2025/05/07 10:31:35.472269540,45.03501945525292
